0.001 -1.94674e-08 -2.83361e-08 -1.65194e-08 -2.32726e-08 5.9558e-08 6.17714e-08 5.88424e-08 6.05308e-08 -2.41693e-07 -2.42245e-07 -2.41519e-07 -2.41941e-07 9.99807e-07 9.99945e-07 9.99765e-07 9.9987e-07 -4.14045e-06 -4.14048e-06 -4.14044e-06 -4.14046e-06 1.71477e-05 1.71477e-05 1.71477e-05 1.71477e-05 -7.10175e-05 -7.10175e-05 -7.10175e-05 -7.10175e-05 0.00029412 0.00029412 0.00029412 0.00029412 -0.00121811 -0.00121811 -0.00121811 -0.00121811 0.00504481 0.00504481 0.00504481 0.00504481 0.0918728 0.0918728 0.0918728 0.0918728
0.002 1.50648e-08 1.49473e-08 1.62877e-08 1.88219e-08 1.24321e-08 1.20291e-08 1.24052e-08 1.14623e-08 -1.67405e-07 -1.67197e-07 -1.67464e-07 -1.67151e-07 1.11538e-06 1.1153e-06 1.11541e-06 1.11531e-06 -6.35071e-06 -6.35068e-06 -6.35072e-06 -6.35069e-06 3.34673e-05 3.34673e-05 3.34673e-05 3.34673e-05 -0.000168281 -0.000168281 -0.000168281 -0.000168281 0.000819843 0.000819843 0.000819843 0.000819843 -0.0039044 -0.0039044 -0.0039044 -0.0039044 0.0182782 0.0182782 0.0182782 0.0182782 0.0698931 0.0698931 0.0698931 0.0698931
0.003 1.42019e-07 2.21479e-07 1.15954e-07 1.74555e-07 -3.8244e-07 -4.02564e-07 -3.75572e-07 -3.90272e-07 1.29367e-06 1.29874e-06 1.29189e-06 1.29557e-06 -4.12621e-06 -4.12748e-06 -4.12576e-06 -4.12667e-06 1.12988e-05 1.12992e-05 1.12987e-05 1.1299e-05 -1.98285e-05 -1.98286e-05 -1.98285e-05 -1.98285e-05 -4.19587e-05 -4.19587e-05 -4.19587e-05 -4.19587e-05 0.000739004 0.000739004 0.000739004 0.000739004 -0.00561421 -0.00561421 -0.00561421 -0.00561421 0.0347081 0.0347081 0.0347081 0.0347081 0.0404415 0.0404415 0.0404415 0.0404415
0.004 1.07716e-07 2.03417e-07 6.59301e-08 1.13135e-07 -6.68458e-07 -6.88239e-07 -6.60153e-07 -6.68974e-07 3.00653e-06 3.01042e-06 3.00505e-06 3.0065e-06 -1.23934e-05 -1.23941e-05 -1.23932e-05 -1.23934e-05 4.72803e-05 4.72804e-05 4.72803e-05 4.72803e-05 -0.000162333 -0.000162333 -0.000162333 -0.000162333 0.000459328 0.000459328 0.000459328 0.000459328 -0.000691042 -0.000691042 -0.000691042 -0.000691042 -0.00360694 -0.00360694 -0.00360694 -0.00360694 0.0481124 0.0481124 0.0481124 0.0481124 0.0117025 0.0117025 0.0117025 0.0117025
0.005 -3.63949e-07 -5.63232e-07 -3.12742e-07 -4.74292e-07 2.17374e-07 2.74791e-07 1.97531e-07 2.41721e-07 1.16784e-06 1.1518e-06 1.1744e-06 1.16255e-06 -1.11387e-05 -1.11343e-05 -1.11407e-05 -1.11376e-05 6.42472e-05 6.4246e-05 6.42477e-05 6.42469e-05 -0.000299773 -0.000299772 -0.000299773 -0.000299773 0.00116967 0.00116967 0.00116967 0.00116967 -0.00349488 -0.00349488 -0.00349488 -0.00349488 0.00376182 0.00376182 0.00376182 0.00376182 0.0533407 0.0533407 0.0533407 0.0533407 -0.00906381 -0.00906381 -0.00906381 -0.00906381
0.006 -1.00573e-06 -1.66347e-06 -7.69808e-07 -1.17189e-06 2.66743e-06 2.82296e-06 2.60512e-06 2.69714e-06 -7.27225e-06 -7.30837e-06 -7.25673e-06 -7.27735e-06 1.41038e-05 1.41121e-05 1.41002e-05 1.41047e-05 5.06602e-06 5.0642e-06 5.06683e-06 5.06588e-06 -0.000239634 -0.000239633 -0.000239634 -0.000239634 0.0015583 0.0015583 0.0015583 0.0015583 -0.00665235 -0.00665235 -0.00665235 -0.00665235 0.016046 0.016046 0.016046 0.016046 0.0481843 0.0481843 0.0481843 0.0481843 -0.017821 -0.017821 -0.017821 -0.017821
0.007 -8.10423e-07 -1.37401e-06 -5.4059e-07 -8.07512e-07 4.87463e-06 4.96994e-06 4.83165e-06 4.87144e-06 -1.90312e-05 -1.90439e-05 -1.90278e-05 -1.90315e-05 6.2148e-05 6.21485e-05 6.21492e-05 6.21486e-05 -0.000158504 -0.000158504 -0.000158505 -0.000158505 0.000195072 0.000195071 0.000195072 0.000195072 0.000931124 0.000931124 0.000931124 0.000931124 -0.00828752 -0.00828752 -0.00828752 -0.00828752 0.0305653 0.0305653 0.0305653 0.0305653 0.0341188 0.0341188 0.0341188 0.0341188 -0.0148229 -0.0148229 -0.0148229 -0.0148229
0.008 1.19876e-06 1.98227e-06 1.0461e-06 1.60777e-06 2.86493e-06 2.62015e-06 2.96947e-06 2.81153e-06 -2.17811e-05 -2.17106e-05 -2.18224e-05 -2.17803e-05 0.000101774 0.000101755 0.000101788 0.000101777 -0.000371257 -0.000371252 -0.000371261 -0.000371258 0.00100037 0.00100037 0.00100037 0.00100037 -0.00117353 -0.00117353 -0.00117353 -0.00117353 -0.00635917 -0.00635917 -0.00635917 -0.00635917 0.043217 0.043217 0.043217 0.043217 0.0156635 0.0156635 0.0156635 0.0156635 -0.00411976 -0.00411976 -0.00411976 -0.00411976
0.009 4.56627e-06 7.5818e-06 3.54074e-06 5.36518e-06 -6.73054e-06 -7.43336e-06 -6.41461e-06 -6.82564e-06 6.76694e-07 8.35534e-07 5.92102e-07 6.82379e-07 7.63255e-05 7.62909e-05 7.63457e-05 7.63264e-05 -0.000476309 -0.000476301 -0.000476313 -0.000476309 0.00186967 0.00186967 0.00186967 0.00186967 -0.00457163 -0.00457163 -0.00457163 -0.00457163 0.000405387 0.000405387 0.000405387 0.000405387 0.0499468 0.0499468 0.0499468 0.0499468 -0.00136545 -0.00136545 -0.00136545 -0.00136545 0.00823735 0.00823735 0.00823735 0.00823735
0.01 6.53594e-06 1.0665e-05 4.81411e-06 7.19295e-06 -2.20496e-05 -2.28514e-05 -2.17026e-05 -2.21715e-05 5.47936e-05 5.49391e-05 5.47443e-05 5.48335e-05 -6.48305e-05 -6.48542e-05 -6.48308e-05 -6.4847e-05 -0.000266269 -0.000266266 -0.000266265 -0.000266262 0.00221371 0.00221371 0.0022137 0.0022137 -0.00822615 -0.00822615 -0.00822615 -0.00822615 0.0117344 0.0117344 0.0117344 0.0117344 0.0483051 0.0483051 0.0483051 0.0483051 -0.0120167 -0.0120167 -0.0120167 -0.0120167 0.0165655 0.0165655 0.0165655 0.0165655
0.011 2.9469e-06 4.3111e-06 1.81657e-06 2.4993e-06 -3.27242e-05 -3.27587e-05 -3.28068e-05 -3.28511e-05 0.000121733 0.000121683 0.000121851 0.000121839 -0.000317135 -0.000317112 -0.000317187 -0.000317181 0.000397248 0.000397241 0.000397266 0.000397264 0.00136592 0.00136592 0.00136591 0.00136591 -0.0104091 -0.0104091 -0.0104091 -0.0104091 0.0255672 0.0255672 0.0255672 0.0255672 0.0384588 0.0384588 0.0384588 0.0384588 -0.0139498 -0.0139498 -0.0139498 -0.0139498 0.0175855 0.0175855 0.0175855 0.0175855
0.012 -8.70012e-06 -1.5244e-05 -7.10813e-06 -1.10739e-05 -2.19858e-05 -2.03053e-05 -2.29584e-05 -2.20046e-05 0.000151789 0.000151382 0.000152132 0.00015191 -0.000580719 -0.000580625 -0.000580816 -0.000580765 0.00144154 0.00144151 0.00144156 0.00144155 -0.00107457 -0.00107457 -0.00107457 -0.00107457 -0.00924576 -0.00924576 -0.00924576 -0.00924576 0.0385178 0.0385178 0.0385178 0.0385178 0.023239 0.023239 0.023239 0.023239 -0.00812052 -0.00812052 -0.00812052 -0.00812052 0.0113894 0.0113894 0.0113894 0.0113894
0.013 -2.5352e-05 -4.22023e-05 -1.94091e-05 -2.94302e-05 2.3879e-05 2.74954e-05 2.20956e-05 2.42663e-05 7.96708e-05 7.89177e-05 8.00724e-05 7.96044e-05 -0.000662756 -0.000662604 -0.000662818 -0.000662717 0.00249557 0.00249554 0.00249557 0.00249555 -0.00489804 -0.00489803 -0.00489804 -0.00489803 -0.00347443 -0.00347443 -0.00347443 -0.00347443 0.0469359 0.0469359 0.0469359 0.0469359 0.00718104 0.00718104 0.00718104 0.00718104 0.00180865 0.00180865 0.00180865 0.00180865 0.00104949 0.00104949 0.00104949 0.00104949
0.014 -3.64526e-05 -5.84531e-05 -2.7057e-05 -4.02378e-05 0.000101318 0.000105541 9.97709e-05 0.000102481 -0.000137547 -0.000138335 -0.000137505 -0.000138064 -0.000343646 -0.000343503 -0.000343551 -0.000343435 0.00293232 0.0029323 0.00293227 0.00293225 -0.00911123 -0.00911122 -0.00911121 -0.0091112 0.00687349 0.00687349 0.00687349 0.00687349 0.0481918 0.0481918 0.0481918 0.0481918 -0.00508278 -0.00508278 -0.00508278 -0.00508278 0.011049 0.011049 0.011049 0.011049 -0.00888766 -0.00888766 -0.00888766 -0.00888766
0.015 -2.66877e-05 -3.90199e-05 -1.87687e-05 -2.65776e-05 0.000178108 0.000179834 0.000178623 0.000180038 -0.000472566 -0.000472759 -0.00047332 -0.00047357 0.000501406 0.000501415 0.000501718 0.000501759 0.00207062 0.00207062 0.00207052 0.00207052 -0.0120706 -0.0120706 -0.0120706 -0.0120706 0.0201806 0.0201806 0.0201806 0.0201806 0.041692 0.041692 0.041692 0.041692 -0.0104641 -0.0104641 -0.0104641 -0.0104641 0.0155998 0.0155998 0.0155998 0.0155998 -0.0143622 -0.0143622 -0.0143622 -0.0143622
0.016 1.56797e-05 3.3456e-05 1.37207e-05 2.33873e-05 0.000194587 0.000189889 0.00019872 0.000196294 -0.000795764 -0.000794612 -0.00079733 -0.000796726 0.0017699 0.00176964 0.00177031 0.00177016 -0.000506904 -0.000506843 -0.000506976 -0.000506939 -0.0119442 -0.0119442 -0.0119442 -0.0119442 0.0335234 0.0335234 0.0335234 0.0335234 0.0292079 0.0292079 0.0292079 0.0292079 -0.00846039 -0.00846039 -0.00846039 -0.00846039 0.0137381 0.0137381 0.0137381 0.0137381 -0.0134199 -0.0134199 -0.0134199 -0.0134199
0.017 8.74695e-05 0.000150213 6.73667e-05 0.000103944 8.43593e-05 7.07415e-05 9.1833e-05 8.3667e-05 -0.000887389 -0.000884476 -0.000889014 -0.000887181 0.00305725 0.00305663 0.00305741 0.00305699 -0.00463486 -0.00463473 -0.0046348 -0.00463471 -0.00737996 -0.00737999 -0.00738 -0.00738002 0.0434948 0.0434948 0.0434948 0.0434948 0.0143524 0.0143524 0.0143524 0.0143524 -0.00120724 -0.00120724 -0.00120724 -0.00120724 0.0065244 0.0065244 0.0065244 0.0065244 -0.00687141 -0.00687141 -0.00687141 -0.00687141
0.018 0.000162154 0.000264107 0.000121889 0.000183338 -0.000187335 -0.000208046 -0.000179732 -0.000192984 -0.000510029 -0.00050584 -0.000510302 -0.000507446 0.00370386 0.00370302 0.00370341 0.0037028 -0.00939433 -0.00939416 -0.0093941 -0.00939397 0.00185596 0.00185592 0.00185588 0.00185585 0.0473119 0.0473119 0.0473119 0.0473119 0.00136914 0.00136914 0.00136914 0.00136914 0.00746189 0.00746189 0.00746189 0.00746189 -0.00282109 -0.00282109 -0.00282109 -0.00282109 0.00221052 0.00221052 0.00221052 0.00221052
0.019 0.000191355 0.000294949 0.000141279 0.000206919 -0.000580789 -0.000600452 -0.000578753 -0.000592398 0.000469274 0.000472988 0.00047168 0.000474479 0.00298976 0.00298906 0.00298861 0.00298805 -0.0132114 -0.0132113 -0.0132111 -0.013211 0.0145388 0.0145388 0.0145388 0.0145388 0.0438121 0.0438121 0.0438121 0.0438121 -0.00632694 -0.00632694 -0.00632694 -0.00632694 0.0135602 0.0135602 0.0135602 0.0135602 -0.0103668 -0.0103668 -0.0103668 -0.0103668 0.00988498 0.00988498 0.00988498 0.00988498
0.02 0.000120713 0.000158469 8.58325e-05 0.000116198 -0.000956697 -0.000961568 -0.00096592 -0.000971347 0.00194894 0.00194938 0.00195415 0.00195503 0.000438543 0.000438567 0.000437133 0.000437014 -0.0142564 -0.0142565 -0.0142562 -0.0142562 0.0281301 0.0281301 0.0281301 0.0281301 0.0339476 0.0339476 0.0339475 0.0339475 -0.0073105 -0.0073105 -0.00731049 -0.00731049 0.0144814 0.0144814 0.0144814 0.0144814 -0.0131206 -0.0131206 -0.0131206 -0.0131206 0.0130134 0.0130134 0.0130134 0.0130134
0.021 -8.17122e-05 -0.000186058 -6.68763e-05 -0.000119084 -0.00109147 -0.00106672 -0.00111379 -0.00110102 0.00351742 0.0035117 0.00352355 0.00352044 -0.00387053 -0.00386923 -0.00387125 -0.00387051 -0.0110515 -0.0110518 -0.0110517 -0.0110519 0.0394258 0.0394258 0.0394259 0.039426 0.020558 0.020558 0.020558 0.0205579 -0.00256759 -0.00256759 -0.00256758 -0.00256758 0.0099265 0.0099265 0.0099265 0.0099265 -0.0102104 -0.0102104 -0.0102104 -0.0102104 0.0105126 0.0105126 0.0105126 0.0105126
0.022 -0.000394143 -0.000687144 -0.00029928 -0.000467304 -0.000744568 -0.000682098 -0.000774668 -0.000737106 0.00449186 0.0044786 0.00449521 0.00448686 -0.00911745 -0.00911465 -0.00911648 -0.00911464 -0.00308913 -0.00308972 -0.00308981 -0.00309021 0.0455287 0.0455288 0.0455289 0.045529 0.00746557 0.00746555 0.00746552 0.00746551 0.00497863 0.00497864 0.00497864 0.00497864 0.00188198 0.00188197 0.00188198 0.00188198 -0.00313985 -0.00313985 -0.00313985 -0.00313985 0.00369899 0.00369899 0.00369899 0.00369899
0.023 -0.000722179 -0.00117701 -0.00054054 -0.000816876 0.00023174 0.00032481 0.000206915 0.000266833 0.00409757 0.00407855 0.0040942 0.00408129 -0.0137997 -0.0137958 -0.0137967 -0.0137939 0.00878001 0.00877922 0.00877905 0.00877846 0.0448178 0.0448179 0.0448179 0.0448181 -0.00179995 -0.00179998 -0.00179995 -0.00179998 0.0116488 0.0116488 0.0116488 0.0116488 -0.00630536 -0.00630536 -0.00630535 -0.00630536 0.00494117 0.00494117 0.00494117 0.00494117 -0.00437244 -0.00437244 -0.00437244 -0.00437244
0.024 -0.000907553 -0.0013954 -0.000673677 -0.000989915 0.00177427 0.00187042 0.00177178 0.00183859 0.00175944 0.00174051 0.00174756 0.00173356 -0.0160757 -0.0160719 -0.0160715 -0.0160686 0.022379 0.0223782 0.0223783 0.0223777 0.0375555 0.0375557 0.0375555 0.0375556 -0.00518489 -0.00518492 -0.00518481 -0.00518484 0.014432 0.014432 0.0144319 0.0144319 -0.0113544 -0.0113544 -0.0113544 -0.0113544 0.0106098 0.0106098 0.0106098 0.0106098 -0.010258 -0.010258 -0.010258 -0.010258
0.025 -0.000772097 -0.00106991 -0.000568272 -0.000794474 0.0035331 0.00358667 0.00356652 0.00361191 -0.00258224 -0.00259173 -0.00260011 -0.00260909 -0.0143269 -0.0143253 -0.0143237 -0.0143219 0.0347099 0.0347096 0.0347101 0.0347097 0.0258842 0.0258843 0.0258839 0.025884 -0.00276464 -0.00276465 -0.00276451 -0.00276452 0.0121012 0.0121012 0.0121012 0.0121012 -0.011387 -0.011387 -0.011387 -0.011387 0.0115967 0.0115967 0.0115967 0.0115967 -0.011576 -0.011576 -0.011576 -0.011576
0.026 -0.000190536 -3.72834e-05 -0.000133798 -0.000106361 0.00488787 0.00484692 0.00495866 0.00494777 -0.0082554 -0.00824511 -0.00827212 -0.00826867 -0.00776945 -0.00777193 -0.00776953 -0.00777052 0.0428105 0.042811 0.0428118 0.0428121 0.0131736 0.0131734 0.013173 0.013173 0.00337997 0.00338 0.00338008 0.00338009 0.00559628 0.00559627 0.00559628 0.00559628 -0.00664085 -0.00664085 -0.00664086 -0.00664086 0.00767787 0.00767787 0.00767787 0.00767787 -0.00795579 -0.00795579 -0.00795579 -0.00795579
0.027 0.000829764 0.0016341 0.000622563 0.00104517 0.0050829 0.00490926 0.0051748 0.00507833 -0.013856 -0.0138187 -0.0138619 -0.01384 0.00310817 0.00310016 0.00310333 0.00309837 0.0446907 0.0446924 0.0446928 0.044694 0.00292605 0.00292569 0.00292565 0.0029254 0.0100152 0.0100153 0.0100152 0.0100153 -0.00245608 -0.0024561 -0.00245603 -0.00245604 0.000706628 0.000706632 0.000706607 0.000706609 0.000685174 0.000685174 0.000685181 0.00068518 -0.00111152 -0.00111152 -0.00111152 -0.00111152
0.028 0.00209441 0.00357403 0.00155701 0.00242377 0.00346622 0.00315829 0.0035466 0.00335585 -0.0175223 -0.0174582 -0.0175096 -0.0174678 0.0164734 0.01646 0.0164645 0.0164554 0.0400203 0.0400231 0.0400222 0.0400242 -0.00237828 -0.00237885 -0.00237824 -0.00237867 0.0140091 0.0140093 0.014009 0.014009 -0.00886884 -0.00886887 -0.00886876 -0.00886878 0.00750089 0.0075009 0.00750087 0.00750088 -0.00633537 -0.00633537 -0.00633537 -0.00633537 0.00595478 0.00595478 0.00595478 0.00595479
0.029 0.00322451 0.00514035 0.00239174 0.00359787 -0.000228575 -0.000619025 -0.000199123 -0.000459473 -0.0174472 -0.0173676 -0.0174148 -0.0173588 0.0295301 0.0295139 0.0295206 0.0295086 0.0302998 0.0303031 0.0303003 0.0303028 -0.00207999 -0.00208067 -0.00207939 -0.00207992 0.0135071 0.0135072 0.0135068 0.0135069 -0.0112039 -0.011204 -0.0112039 -0.0112039 0.0109395 0.0109395 0.0109395 0.0109395 -0.0104379 -0.0104379 -0.0104379 -0.0104379 0.0102577 0.0102577 0.0102577 0.0102577
0.03 0.0037333 0.00556811 0.00277113 0.00403393 -0.00565303 -0.0060189 -0.005705 -0.00597237 -0.0124921 -0.012419 -0.012448 -0.0123918 0.0392773 0.0392627 0.0392716 0.0392598 0.0184222 0.0184251 0.0184206 0.018423 0.00251419 0.0025136 0.00251512 0.00251461 0.00858144 0.00858156 0.00858126 0.00858137 -0.00873568 -0.00873571 -0.00873571 -0.00873573 0.00971157 0.00971158 0.0097116 0.00971161 -0.0100023 -0.0100023 -0.0100023 -0.0100023 0.0100787 0.0100787 0.0100787 0.0100787
0.031 0.00316876 0.00421417 0.00236518 0.0032584 -0.0117662 -0.0119636 -0.0119053 -0.0120874 -0.00269793 -0.00266081 -0.00265874 -0.00262201 0.0434197 0.0434127 0.0434218 0.0434144 0.00774857 0.00774987 0.00774529 0.00774675 0.00869338 0.00869314 0.0086941 0.00869381 0.00111639 0.00111644 0.00111648 0.00111654 -0.00269274 -0.00269275 -0.00269287 -0.00269288 0.00448656 0.00448656 0.00448661 0.00448662 -0.00536543 -0.00536543 -0.00536544 -0.00536544 0.00564306 0.00564306 0.00564306 0.00564306
0.032 0.00128611 0.000828914 0.000994019 0.00104564 -0.0169748 -0.0168608 -0.0171729 -0.0171693 0.0105065 0.0104791 0.0105219 0.0105179 0.0411259 0.0411324 0.0411367 0.0411383 0.00101129 0.0010098 0.00100781 0.00100735 0.0134008 0.0134011 0.0134007 0.0134009 -0.00600975 -0.00600982 -0.00600935 -0.00600938 0.00429871 0.00429873 0.00429855 0.00429856 -0.00242919 -0.0024292 -0.00242916 -0.00242916 0.00138503 0.00138503 0.00138504 0.00138504 -0.00103957 -0.00103957 -0.00103958 -0.00103958
0.033 -0.00180622 -0.00423995 -0.0012671 -0.00243136 -0.0194908 -0.0189731 -0.0196903 -0.0194233 0.0245251 0.0244151 0.0245035 0.0244427 0.0333513 0.0333747 0.0333677 0.0333814 -0.000568094 -0.000573069 -0.000569874 -0.000572945 0.0143877 0.0143887 0.0143866 0.0143873 -0.0101069 -0.0101071 -0.0101064 -0.0101065 0.00932278 0.00932283 0.00932269 0.00932273 -0.00810072 -0.00810073 -0.00810074 -0.00810075 0.00734103 0.00734103 0.00734105 0.00734105 -0.0070772 -0.0070772 -0.00707722 -0.00707722
0.034 -0.00558584 -0.0100017 -0.00404416 -0.00655034 -0.0178309 -0.0169126 -0.0179616 -0.0174083 0.03623 0.0360388 0.036171 0.0360495 0.0225801 0.02262 0.0225959 0.0226225 0.0023767 0.00236839 0.00237785 0.00237206 0.0110265 0.0110283 0.011025 0.0110263 -0.00974546 -0.00974583 -0.00974517 -0.00974545 0.0103683 0.0103683 0.0103684 0.0103684 -0.010202 -0.010202 -0.0102021 -0.0102021 0.0100185 0.0100185 0.0100185 0.0100185 -0.00993899 -0.00993899 -0.00993901 -0.00993901
0.035 -0.00918043 -0.0149855 -0.0067101 -0.0103279 -0.0113135 -0.0101191 -0.0113194 -0.0105337 0.0428483 0.0426021 0.0427675 0.0425977 0.0120422 0.012093 0.0120504 0.012087 0.00767837 0.00766786 0.00768209 0.00767423 0.00448056 0.00448273 0.00447946 0.00448114 -0.00529632 -0.00529677 -0.00529657 -0.00529693 0.00712127 0.00712136 0.00712155 0.00712162 -0.00796455 -0.00796457 -0.00796466 -0.00796467 0.00838636 0.00838637 0.00838638 0.00838638 -0.00850916 -0.00850916 -0.00850916 -0.00850916
0.036 -0.0115587 -0.0175943 -0.00852087 -0.0126429 -0.000393229 0.000839535 -0.000257542 0.000626258 0.0428281 0.0425758 0.0427531 0.0425643 0.00465442 0.00470615 0.00465117 0.00469135 0.0125053 0.0124947 0.0125096 0.0125011 -0.0028226 -0.00282041 -0.00282233 -0.00282053 0.00126439 0.00126394 0.00126358 0.0012632 0.00104316 0.00104325 0.00104349 0.00104357 -0.00245202 -0.00245204 -0.00245206 -0.00245208 0.00325717 0.00325717 0.00325714 0.00325715 -0.00351515 -0.00351515 -0.00351512 -0.00351512
0.037 -0.0118055 -0.0165642 -0.00881146 -0.0125423 0.0133017 0.0142659 0.0135435 0.0143314 0.0363869 0.0361912 0.0363477 0.0361819 0.0020543 0.00209411 0.0020405 0.00207528 0.0144516 0.0144435 0.0144538 0.0144465 -0.00819265 -0.00819099 -0.00819074 -0.00818923 0.00718895 0.00718861 0.00718794 0.00718762 -0.0052799 -0.00527983 -0.00527975 -0.00527968 0.00393438 0.00393436 0.00393445 0.00393443 -0.00310709 -0.00310709 -0.00310715 -0.00310715 0.00283144 0.00283144 0.00283148 0.00283148
0.038 -0.00940397 -0.0113897 -0.00719653 -0.00954221 0.0272776 0.02767 0.0275444 0.028024 0.0255314 0.0254538 0.0255481 0.0254505 0.0040739 0.00408926 0.00405544 0.00407524 0.0124347 0.0124317 0.0124329 0.0124289 -0.00975126 -0.00975066 -0.00974846 -0.00974765 0.0100804 0.0100802 0.0100798 0.0100796 -0.00923104 -0.00923101 -0.00923123 -0.00923119 0.00849378 0.00849377 0.00849395 0.00849394 -0.00798589 -0.00798589 -0.00798595 -0.00798595 0.00780834 0.00780834 0.00780836 0.00780836
0.039 -0.00443295 -0.00257156 -0.00371139 -0.00382441 0.038769 0.0383725 0.0389612 0.038954 0.0135016 0.0135861 0.0135752 0.0135831 0.00885767 0.00883964 0.00884271 0.00883973 0.0070591 0.00706295 0.00705362 0.00705451 -0.00715395 -0.00715477 -0.0071518 -0.00715204 0.0088442 0.00884438 0.00884458 0.00884464 -0.00924072 -0.00924076 -0.00924123 -0.00924125 0.00936122 0.00936123 0.00936141 0.00936141 -0.00935735 -0.00935735 -0.00935736 -0.00935736 0.00934469 0.00934469 0.00934466 0.00934467
0.04 0.0023922 0.00841521 0.00115761 0.00374533 0.0454588 0.0442102 0.0454972 0.0449083 0.00379151 0.00405093 0.0039012 0.00403386 0.0135941 0.0135401 0.0135891 0.0135595 0.000312591 0.000323864 0.000306274 0.000312845 -0.00168095 -0.00168331 -0.00168105 -0.0016825 0.00408963 0.00409013 0.004091 0.00409132 -0.00540644 -0.00540654 -0.00540702 -0.00540709 0.00626563 0.00626566 0.0062657 0.00626571 -0.00673148 -0.00673149 -0.00673142 -0.00673142 0.00687814 0.00687814 0.00687807 0.00687807
0.041 0.00986389 0.0194496 0.00657301 0.0118002 0.0461111 0.0441316 0.0459734 0.0448222 -0.000945562 -0.000535831 -0.000836219 -0.000584098 0.0156028 0.0155178 0.015609 0.015554 -0.00527911 -0.00526143 -0.0052822 -0.00527027 0.00432411 0.00432042 0.00432115 0.00431857 -0.0021687 -0.00216793 -0.00216694 -0.00216638 0.0005895 0.000589341 0.000589234 0.000589112 0.000603838 0.000603871 0.000603691 0.000603718 -0.00131825 -0.00131826 -0.00131813 -0.00131814 0.00155409 0.00155409 0.00155401 0.00155401
0.042 0.0165806 0.0283104 0.0115541 0.0188142 0.040916 0.0384923 0.0406556 0.0390774 0.000256504 0.000758419 0.000326758 0.00066848 0.0133762 0.0132721 0.0133887 0.013315 -0.00769857 -0.00767691 -0.00769527 -0.00767939 0.00842644 0.00842194 0.00842159 0.00841818 -0.00736902 -0.00736808 -0.00736787 -0.00736714 0.00621297 0.00621277 0.00621329 0.00621313 -0.0051837 -0.00518366 -0.00518402 -0.00518399 0.00452399 0.00452398 0.00452409 0.00452408 -0.00430037 -0.00430037 -0.00430039 -0.00430039
0.043 0.0213154 0.0332796 0.0152344 0.0235058 0.0314291 0.0289478 0.0311661 0.0293831 0.00637423 0.00688984 0.00637931 0.00676266 0.00718435 0.00707702 0.00719441 0.00711216 -0.00626277 -0.0062404 -0.00625287 -0.00623525 0.00907983 0.00907516 0.00907536 0.00907159 -0.00945699 -0.00945601 -0.0094573 -0.00945649 0.00914376 0.00914356 0.00914461 0.00914444 -0.00865853 -0.00865848 -0.00865884 -0.0086588 0.00831044 0.00831043 0.00831044 0.00831043 -0.00818867 -0.00818866 -0.00818859 -0.00818859
0.044 0.0233434 0.0336174 0.0170898 0.0251799 0.0201146 0.0179668 0.0199987 0.0182667 0.0147513 0.015201 0.0146884 0.0150587 -0.000997494 -0.00109174 -0.000998128 -0.00107723 -0.00189535 -0.00187558 -0.00188229 -0.00186541 0.00621442 0.00621026 0.00621285 0.00620926 -0.00770131 -0.00770043 -0.00770317 -0.00770241 0.0082266 0.00822642 0.00822753 0.00822737 -0.00840511 -0.00840507 -0.00840519 -0.00840515 0.00848173 0.00848172 0.00848159 0.00848158 -0.00850508 -0.00850508 -0.00850493 -0.00850493
0.045 0.0226245 0.0297532 0.0170669 0.0239009 0.00962893 0.00811266 0.00978518 0.00833224 0.0220045 0.0223269 0.0218957 0.0222047 -0.00822263 -0.0082912 -0.00823691 -0.00830266 0.00326706 0.00328165 0.00327736 0.00329135 0.00120088 0.00119777 0.00120354 0.00120056 -0.00294388 -0.00294322 -0.00294645 -0.00294581 0.00391804 0.0039179 0.00391844 0.00391831 -0.00460159 -0.00460156 -0.0046013 -0.00460127 0.00504235 0.00504235 0.00504214 0.00504213 -0.00519485 -0.00519485 -0.00519473 -0.00519472
0.046 0.0197827 0.0231271 0.0155695 0.020439 0.00206863 0.00131925 0.00254664 0.00152014 0.0251736 0.0253403 0.0250572 0.0252742 -0.0117029 -0.0117398 -0.0117261 -0.0117721 0.00677646 0.00678459 0.0067784 0.00678817 -0.00378025 -0.00378204 -0.00377422 -0.0037763 0.00280083 0.00280122 0.00279903 0.00279948 -0.00194209 -0.00194217 -0.00194262 -0.00194272 0.0010879 0.00108791 0.00108845 0.00108847 -0.000473788 -0.000473792 -0.000473939 -0.000473944 0.000255711 0.000255713 0.000255711 0.000255713
0.047 0.0158886 0.0157291 0.0133097 0.0160083 -0.00158026 -0.00161194 -0.000834912 -0.00139559 0.022721 0.0227404 0.0226357 0.0227531 -0.00991071 -0.0099173 -0.00993163 -0.00995639 0.00691636 0.00691824 0.00690765 0.00691291 -0.00668848 -0.00668897 -0.00668195 -0.00668308 0.0072121 0.00721222 0.00721235 0.00721259 -0.00692254 -0.00692256 -0.00692388 -0.00692394 0.00623906 0.00623907 0.00623957 0.00623958 -0.00568221 -0.00568221 -0.00568217 -0.00568217 0.00548085 0.00548086 0.00548068 0.00548068
0.048 0.0121152 0.00948503 0.0110719 0.0118815 -0.00162138 -0.00113687 -0.000759491 -0.00091866 0.0150327 0.0149442 0.0150021 0.0150342 -0.00322966 -0.00321367 -0.00323575 -0.0032424 0.00345579 0.00345293 0.00343912 0.00344054 -0.00648723 -0.00648672 -0.00648374 -0.00648405 0.00862185 0.00862176 0.00862439 0.00862445 -0.00901345 -0.00901343 -0.00901491 -0.00901493 0.00869523 0.00869523 0.00869533 0.00869533 -0.00837207 -0.00837207 -0.0083718 -0.0083718 0.00825617 0.00825617 0.00825589 0.00825589
0.049 0.00938162 0.00568917 0.00946926 0.00900786 0.000589102 0.00131046 0.00136419 0.00147217 0.00425122 0.00411031 0.00427356 0.00424927 0.0061049 0.00613243 0.00612144 0.00612674 -0.00220437 -0.00220976 -0.00222206 -0.00222319 -0.00355688 -0.00355583 -0.00355874 -0.0035585 0.00666514 0.00666493 0.00666882 0.00666877 -0.00743575 -0.00743571 -0.0074364 -0.00743638 0.00746172 0.00746172 0.00746124 0.00746124 -0.00743791 -0.00743791 -0.00743755 -0.00743755 0.00744051 0.00744051 0.00744031 0.00744031
0.05 0.00809903 0.00466706 0.00877135 0.00775763 0.00320106 0.00389364 0.00369971 0.00392118 -0.00649738 -0.00663724 -0.00644773 -0.00649576 0.0147702 0.0147985 0.0148078 0.0148181 -0.00756854 -0.00757425 -0.0075791 -0.00758132 0.00051431 0.000515458 0.000507511 0.000507988 0.00236135 0.00236113 0.00236414 0.00236404 -0.00291897 -0.00291893 -0.0029182 -0.00291818 0.00309738 0.00309737 0.0030965 0.00309649 -0.00332873 -0.00332872 -0.00332851 -0.00332851 0.00344264 0.00344264 0.00344269 0.00344269
0.051 0.00809978 0.00577314 0.00885788 0.00787319 0.00454916 0.00503962 0.00466074 0.00487324 -0.0142 -0.0143031 -0.014161 -0.014207 0.01955 0.0195716 0.0195968 0.0196068 -0.0100639 -0.0100684 -0.0100619 -0.0100641 0.00366731 0.00366825 0.00365881 0.00365928 -0.00238791 -0.00238811 -0.00238788 -0.00238799 0.00265003 0.00265007 0.00265204 0.00265206 -0.00254802 -0.00254803 -0.0025488 -0.00254881 0.00216573 0.00216573 0.00216561 0.00216561 -0.0019762 -0.0019762 -0.00197586 -0.00197586
0.052 0.00876388 0.00771018 0.00930744 0.00863229 0.00371582 0.00396389 0.00344855 0.00359484 -0.0169844 -0.0170415 -0.0169892 -0.0170213 0.0185144 0.0185273 0.018553 0.0185601 -0.00813295 -0.00813583 -0.00811881 -0.00812041 0.00431702 0.00431766 0.0043114 0.00431175 -0.00565126 -0.0056514 -0.0056545 -0.00565458 0.0070405 0.00704053 0.00704273 0.00704275 -0.00712573 -0.00712574 -0.00712587 -0.00712588 0.0066895 0.0066895 0.00668905 0.00668905 -0.00646951 -0.00646951 -0.00646904 -0.00646904
0.053 0.00929045 0.00904799 0.00958384 0.00915763 0.000790727 0.000881224 0.000270128 0.000365595 -0.0147144 -0.0147409 -0.0147752 -0.0147971 0.0117428 0.0117498 0.0117573 0.0117624 -0.00195511 -0.00195687 -0.00193515 -0.00193634 0.00209322 0.00209365 0.00209402 0.0020943 -0.00629365 -0.00629375 -0.0062988 -0.00629886 0.00859882 0.00859884 0.00859991 0.00859993 -0.00876735 -0.00876735 -0.00876661 -0.00876661 0.00832111 0.00832111 0.00832055 0.00832055 -0.00810995 -0.00810995 -0.00810966 -0.00810966
0.054 0.00901218 0.00875242 0.00924982 0.00875723 -0.00324732 -0.00315517 -0.00382237 -0.00370917 -0.00895003 -0.00897668 -0.00905146 -0.00907776 0.00131276 0.0013198 0.0012963 0.00130243 0.00651142 0.00650964 0.00652746 0.00652603 -0.0019502 -0.00194976 -0.00194253 -0.0019422 -0.00442027 -0.00442037 -0.00442464 -0.00442472 0.0068898 0.00688982 0.00688887 0.00688889 -0.00684041 -0.00684041 -0.00683908 -0.00683908 0.00637683 0.00637684 0.00637654 0.00637654 -0.00620438 -0.00620438 -0.00620453 -0.00620453
0.055 0.0076396 0.00653831 0.00813038 0.00717394 -0.00696378 -0.00670907 -0.00739217 -0.00717677 -0.00230533 -0.00236358 -0.00240976 -0.00245823 -0.00944595 -0.00943273 -0.00948721 -0.00947632 0.0142072 0.0142042 0.0142107 0.0142083 -0.00576137 -0.00576071 -0.00575009 -0.00574954 -0.0012549 -0.00125504 -0.00125586 -0.00125599 0.00280189 0.00280192 0.00279914 0.00279917 -0.00217368 -0.00217368 -0.0021725 -0.0021725 0.00168409 0.0016841 0.00168433 0.00168433 -0.00157895 -0.00157895 -0.00157955 -0.00157955
0.056 0.00535139 0.00292904 0.00636968 0.0046593 -0.00904393 -0.00853153 -0.00919454 -0.00881688 0.00254505 0.00243633 0.00248184 0.00239882 -0.0171545 -0.0171314 -0.0172031 -0.0171849 0.0181204 0.0181155 0.0181084 0.0181044 -0.00718342 -0.00718238 -0.00717405 -0.00717318 0.00148057 0.00148035 0.00148403 0.00148384 -0.00190441 -0.00190437 -0.00190761 -0.00190757 0.00332484 0.00332483 0.00332508 0.00332508 -0.00378019 -0.00378019 -0.00377947 -0.00377946 0.00377861 0.00377861 0.00377786 0.00377786
0.057 0.00270542 -0.000984867 0.00436557 0.0018539 -0.0087933 -0.00803179 -0.0086512 -0.00810376 0.00383659 0.00367879 0.00384582 0.0037271 -0.0195962 -0.0195634 -0.0196303 -0.0196047 0.0164633 0.0164565 0.01644 0.0164345 -0.00494032 -0.00493889 -0.00493795 -0.00493676 0.00240013 0.00239983 0.00240662 0.00240636 -0.00538835 -0.00538828 -0.00539012 -0.00539006 0.00747904 0.00747902 0.00747799 0.00747798 -0.00772422 -0.00772422 -0.0077234 -0.00772339 0.00756175 0.00756175 0.00756135 0.00756135
0.058 0.000411864 -0.00398614 0.00261156 -0.000472623 -0.00638179 -0.00547953 -0.00605063 -0.00538454 0.00130741 0.00112161 0.00139244 0.0012492 -0.0164837 -0.0164453 -0.0164869 -0.0164561 0.00940943 0.00940147 0.00938515 0.00937858 0.000708972 0.000710637 0.000702414 0.000703815 0.00112286 0.00112251 0.0011291 0.0011288 -0.00650634 -0.00650627 -0.00650538 -0.00650532 0.0087337 0.00873368 0.00873179 0.00873178 -0.00849374 -0.00849374 -0.00849335 -0.00849334 0.00811545 0.00811545 0.00811577 0.00811576
0.059 -0.000941524 -0.00519886 0.00150905 -0.00171895 -0.0027519 -0.00187498 -0.00241136 -0.00171927 -0.00379278 -0.00397397 -0.00365988 -0.00380785 -0.00950069 -0.00946313 -0.00946931 -0.00943773 -0.000908386 -0.000916209 -0.000922155 -0.000928876 0.0079446 0.00794624 0.00793167 0.0079331 -0.00152796 -0.0015283 -0.00152549 -0.00152579 -0.00523951 -0.00523945 -0.00523598 -0.00523592 0.00675008 0.00675007 0.00674835 0.00674834 -0.00574568 -0.00574568 -0.00574608 -0.00574607 0.0051291 0.0051291 0.00513009 0.00513008
0.06 -0.00110721 -0.00440887 0.00122117 -0.00167426 0.000760396 0.00145097 0.000925973 0.00154279 -0.00925879 -0.0094035 -0.00912706 -0.00925838 -0.00161257 -0.00158217 -0.00155867 -0.00153074 -0.0111547 -0.0111611 -0.0111505 -0.0111565 0.0140278 0.0140291 0.0140145 0.0140158 -0.00389356 -0.00389384 -0.00389667 -0.00389694 -0.00259913 -0.00259908 -0.00259475 -0.00259469 0.00247304 0.00247303 0.00247259 0.00247258 -0.000571489 -0.000571486 -0.000572556 -0.000572554 -0.000231137 -0.000231138 -0.000230002 -0.000230003
0.061 -0.000259371 -0.00212248 0.0016216 -0.000584577 0.00293834 0.00334552 0.0028127 0.00327986 -0.0128214 -0.0129101 -0.0127411 -0.0128402 0.00408047 0.00409974 0.00413377 0.00415486 -0.0180194 -0.0180236 -0.0179979 -0.0180024 0.0163698 0.0163706 0.016363 0.0163639 -0.00426123 -0.00426142 -0.00426882 -0.00426903 -7.29427e-05 -7.29022e-05 -7.01721e-05 -7.01268e-05 -0.00233394 -0.00233395 -0.0023326 -0.00233261 0.00496762 0.00496763 0.00496646 0.00496646 -0.00579742 -0.00579743 -0.00579689 -0.00579689
0.062 0.00108664 0.000648868 0.00235413 0.000955739 0.00313188 0.0032555 0.00271276 0.00300737 -0.013025 -0.013057 -0.0130262 -0.0130887 0.00550695 0.00551487 0.00553519 0.00554855 -0.0194461 -0.019448 -0.0194162 -0.0194191 0.0136003 0.0136007 0.013604 0.0136046 -0.00171485 -0.00171495 -0.00172325 -0.00172338 0.00112172 0.00112175 0.00112104 0.00112107 -0.00586463 -0.00586464 -0.00586205 -0.00586205 0.00868744 0.00868744 0.00868693 0.00868693 -0.00927938 -0.00927939 -0.00927996 -0.00927996
0.063 0.00228028 0.0027864 0.00297633 0.00223972 0.00147342 0.0014056 0.000873734 0.00102909 -0.00975874 -0.0097519 -0.00983784 -0.00987115 0.00236255 0.00236253 0.00235084 0.00235809 -0.0153851 -0.0153854 -0.0153602 -0.0153618 0.0061934 0.00619352 0.00620653 0.00620688 0.0033302 0.00333016 0.00332546 0.00332539 0.000630102 0.000630116 0.000625904 0.000625919 -0.00701301 -0.00701301 -0.00701055 -0.00701055 0.00915309 0.00915308 0.00915367 0.00915367 -0.00918338 -0.00918338 -0.00918491 -0.00918491
0.064 0.00278471 0.00348702 0.00312973 0.00271669 -0.00121152 -0.00132517 -0.00180763 -0.00171825 -0.00425133 -0.00423403 -0.00437138 -0.00439114 -0.00384691 -0.00384925 -0.00389656 -0.00389212 -0.00777923 -0.00777901 -0.00777128 -0.00777229 -0.00362266 -0.00362265 -0.00360592 -0.0036057 0.00916562 0.0091656 0.00916745 0.0091674 -0.000876954 -0.000876951 -0.000882679 -0.000882669 -0.00576745 -0.00576745 -0.00576662 -0.00576662 0.00622186 0.00622185 0.00622334 0.00622334 -0.00540131 -0.00540131 -0.00540297 -0.00540297
0.065 0.00237238 0.00254995 0.00267074 0.00219085 -0.00375283 -0.00377037 -0.0041618 -0.00405532 0.00145025 0.00144997 0.00134484 0.0013211 -0.0104563 -0.0104554 -0.0105249 -0.0105196 0.000210719 0.000210358 0.000196929 0.000195753 -0.0126582 -0.0126581 -0.0126459 -0.0126457 0.0134171 0.013417 0.0134251 0.013425 -0.00204695 -0.00204694 -0.0020511 -0.00205108 -0.0031043 -0.0031043 -0.00310584 -0.00310585 0.00104975 0.00104975 0.00105132 0.00105133 0.000757283 0.000757283 0.000756577 0.000756577
0.066 0.00119473 0.000422661 0.00171405 0.000876398 -0.00510085 -0.00493703 -0.00521104 -0.00502684 0.00529873 0.00526373 0.00525903 0.00521873 -0.0147175 -0.0147099 -0.0147767 -0.0147679 0.00543595 0.00543433 0.00540563 0.00540373 -0.017959 -0.0179587 -0.0179577 -0.0179573 0.0140167 0.0140166 0.0140272 0.0140271 -0.00154234 -0.00154232 -0.00154236 -0.00154234 -0.000452881 -0.000452885 -0.000456216 -0.000456221 -0.00441695 -0.00441695 -0.00441628 -0.00441628 0.00708441 0.0070844 0.00708531 0.00708531
0.067 -0.0002958 -0.00200255 0.000575066 -0.000706389 -0.00472523 -0.00438036 -0.00453978 -0.00426149 0.00603575 0.00596562 0.00608631 0.0060263 -0.0148747 -0.0148603 -0.0148987 -0.0148859 0.0059647 0.00596177 0.00593112 0.00592837 -0.0179373 -0.0179367 -0.0179485 -0.0179479 0.0101177 0.0101176 0.0101254 0.0101253 0.00123006 0.00123009 0.00123463 0.00123466 0.00100976 0.00100976 0.00100636 0.00100636 -0.00823414 -0.00823413 -0.00823492 -0.00823492 0.0113191 0.0113191 0.0113214 0.0113214
0.068 -0.00153607 -0.00375418 -0.000362527 -0.00194813 -0.0027969 -0.00235158 -0.00243117 -0.00209034 0.00364757 0.00355771 0.00377508 0.00370228 -0.0108216 -0.0108034 -0.0107989 -0.0107835 0.00179346 0.00178976 0.00177222 0.00176892 -0.0129847 -0.012984 -0.0130037 -0.013003 0.00255539 0.00255522 0.002556 0.00255586 0.00570118 0.00570122 0.00570825 0.00570828 0.000908336 0.000908328 0.000906861 0.000906857 -0.00920075 -0.00920074 -0.00920269 -0.00920269 0.0119754 0.0119754 0.0119778 0.0119778
0.069 -0.00207721 -0.00416261 -0.000800079 -0.0023925 -9.12649e-05 0.000329639 0.000273862 0.000612995 -0.000678493 -0.000763789 -0.000520737 -0.000592649 -0.00409707 -0.00407972 -0.0040362 -0.00402098 -0.00520604 -0.00520959 -0.00520422 -0.00520744 -0.00531567 -0.00531493 -0.00533381 -0.00533314 -0.00636641 -0.00636656 -0.00637372 -0.00637386 0.0102477 0.0102477 0.0102536 0.0102536 -0.000184998 -0.000185003 -0.000183436 -0.000183441 -0.00725268 -0.00725268 -0.00725473 -0.00725473 0.00883485 0.00883485 0.00883579 0.00883579
0.07 -0.00175597 -0.00310888 -0.000638054 -0.00190895 0.00233941 0.00261834 0.00252964 0.00279744 -0.005063 -0.00512064 -0.00493622 -0.00499262 0.00276199 0.00277393 0.00283542 0.0028473 -0.0120717 -0.0120742 -0.0120463 -0.0120487 0.0019029 0.00190342 0.00189452 0.00189503 -0.013706 -0.0137061 -0.0137181 -0.0137182 0.0128109 0.012811 0.0128122 0.0128123 -0.00106949 -0.00106949 -0.00106542 -0.00106543 -0.00337519 -0.00337519 -0.00337609 -0.00337608 0.00293955 0.00293955 0.00293824 0.00293824
0.071 -0.000748057 -0.0010495 -7.95052e-06 -0.000731464 0.00358848 0.0036617 0.00350487 0.00365462 -0.00769463 -0.00771186 -0.00764901 -0.00768023 0.00723966 0.00724364 0.00729343 0.00729996 -0.0159479 -0.0159488 -0.0159091 -0.0159104 0.00579556 0.00579576 0.00580164 0.00580192 -0.0170158 -0.0170158 -0.0170267 -0.0170268 0.0117805 0.0117805 0.0117761 0.0117761 -0.000547911 -0.000547913 -0.000543374 -0.000543379 0.000892152 0.000892154 0.0008931 0.000893101 -0.0038697 -0.0038697 -0.00387281 -0.00387281
0.072 0.000513071 0.00118405 0.000787334 0.000646643 0.00324429 0.00312541 0.00290131 0.00292731 -0.00753586 -0.00751502 -0.00758901 -0.00759413 0.00782309 0.00781949 0.00783233 0.00783338 -0.0152148 -0.0152142 -0.0151798 -0.01518 0.00490199 0.00490188 0.00492053 0.0049206 -0.0153205 -0.0153205 -0.0153247 -0.0153248 0.0067666 0.0067666 0.0067584 0.00675841 0.00192268 0.00192267 0.00192514 0.00192514 0.00411903 0.00411903 0.00412145 0.00412145 -0.00964992 -0.00964992 -0.00965313 -0.00965313
0.073 0.00151525 0.00272502 0.00139808 0.00167553 0.00153251 0.00130478 0.0010505 0.000989419 -0.0046996 -0.00465674 -0.00482831 -0.00481529 0.00456261 0.00455455 0.00452106 0.00451835 -0.0101071 -0.0101055 -0.0100921 -0.0100916 -0.00026669 -0.000266974 -0.000243833 -0.000243925 -0.00953771 -0.00953766 -0.0095326 -0.00953258 -0.00108667 -0.00108667 -0.0010945 -0.00109451 0.00586692 0.00586692 0.00586567 0.00586567 0.0055246 0.0055246 0.00552717 0.00552717 -0.0129953 -0.0129953 -0.0129966 -0.0129966
0.074 0.00187099 0.00301239 0.0015661 0.00196634 -0.000796737 -0.00101518 -0.00124127 -0.00132578 -0.000359751 -0.000317934 -0.000508844 -0.000491273 -0.000999042 -0.00100705 -0.00107557 -0.00107916 -0.00258291 -0.00258138 -0.00259583 -0.00259512 -0.00746017 -0.00746045 -0.00744373 -0.00744388 -0.00215075 -0.0021507 -0.00213825 -0.00213822 -0.00941328 -0.00941329 -0.00941649 -0.0094165 0.00989333 0.00989333 0.00988866 0.00988867 0.00517824 0.00517823 0.00517943 0.00517943 -0.0133836 -0.0133836 -0.0133818 -0.0133818
0.075 0.00146439 0.00199934 0.00122206 0.00143736 -0.00278353 -0.00288689 -0.00302952 -0.00307232 0.003753 0.00377291 0.00364803 0.00365645 -0.00648307 -0.00648689 -0.00656283 -0.00656445 0.00448843 0.00448915 0.00445221 0.00445252 -0.0136149 -0.0136151 -0.0136132 -0.0136133 0.00375207 0.0037521 0.00376618 0.0037662 -0.0154693 -0.0154693 -0.0154658 -0.0154658 0.0122345 0.0122345 0.0122286 0.0122286 0.00380996 0.00380996 0.00380893 0.00380894 -0.0111425 -0.0111425 -0.0111384 -0.0111384
0.076 0.000485948 0.000152022 0.000504874 0.000334007 -0.00364379 -0.00357922 -0.00361017 -0.00356968 0.00605714 0.00604449 0.00604314 0.00603385 -0.00964083 -0.00963832 -0.00968953 -0.00968745 0.00848644 0.00848593 0.00844245 0.00844201 -0.0161007 -0.0161006 -0.0161155 -0.0161154 0.00569961 0.0056996 0.00570843 0.00570841 -0.0171864 -0.0171864 -0.0171776 -0.0171775 0.0114995 0.0114995 0.0114956 0.0114956 0.00235645 0.00235645 0.00235362 0.00235362 -0.00711979 -0.00711979 -0.00711551 -0.00711551
0.077 -0.000654665 -0.00175376 -0.000301655 -0.000880898 -0.00307137 -0.00285719 -0.00278865 -0.0026618 0.00574181 0.00569984 0.00582789 0.00580049 -0.00923842 -0.00923015 -0.00923413 -0.0092283 0.00807628 0.00807465 0.00804432 0.0080431 -0.0137853 -0.013785 -0.0138105 -0.0138102 0.00283403 0.00283397 0.00283286 0.0028328 -0.0140116 -0.0140116 -0.0140018 -0.0140018 0.00731306 0.00731306 0.00731352 0.00731352 0.00147833 0.00147834 0.00147523 0.00147523 -0.00225504 -0.00225505 -0.00225327 -0.00225327
0.078 -0.00149911 -0.00295069 -0.000887084 -0.00171863 -0.0013403 -0.00105558 -0.000936914 -0.000758303 0.00306018 0.0030041 0.00321326 0.00317527 -0.00551034 -0.00549925 -0.00545352 -0.00544551 0.00371005 0.00370785 0.00370528 0.00370358 -0.00749034 -0.0074899 -0.00751453 -0.00751415 -0.00372375 -0.00372384 -0.00373495 -0.00373503 -0.00718251 -0.00718249 -0.0071768 -0.00717679 0.00055611 0.000556104 0.000561056 0.000561058 0.00128015 0.00128015 0.00127855 0.00127855 0.00273442 0.00273442 0.00273227 0.00273227
0.079 -0.00172384 -0.00298309 -0.00103869 -0.00185918 0.000826077 0.00107553 0.00117672 0.00135047 -0.000810601 -0.000860189 -0.000652486 -0.000689048 -1.4191e-05 -4.29907e-06 7.18558e-05 7.9526e-05 -0.00259934 -0.00260132 -0.00257353 -0.00257515 0.000345406 0.000345805 0.000333775 0.000334114 -0.0112959 -0.011296 -0.0113122 -0.0113123 0.000692595 0.000692614 0.000690944 0.000690948 -0.00690868 -0.00690869 -0.00690153 -0.00690153 0.00135282 0.00135282 0.00135376 0.00135376 0.00743025 0.00743025 0.00742499 0.00742498
0.08 -0.00126332 -0.00187568 -0.000722413 -0.00127172 0.00255897 0.00268391 0.00270893 0.0028229 -0.00427225 -0.00429777 -0.00417424 -0.00419789 0.00503868 0.0050439 0.0051173 0.00512222 -0.00812784 -0.00812891 -0.00808186 -0.00808288 0.00665645 0.00665667 0.00666359 0.00666378 -0.0166987 -0.0166988 -0.0167125 -0.0167125 0.0066 0.00660001 0.00659141 0.00659142 -0.0129237 -0.0129237 -0.0129181 -0.0129181 0.00109516 0.00109516 0.00109824 0.00109825 0.0115678 0.0115678 0.0115622 0.0115622
0.081 -0.000326328 -0.000105427 -8.9789e-05 -0.00021575 0.0031943 0.00315699 0.00308028 0.00310334 -0.00595779 -0.0059516 -0.00596077 -0.00596513 0.00769323 0.00769222 0.00772997 0.00773082 -0.0105604 -0.0105603 -0.0105143 -0.0105144 0.00899529 0.00899527 0.00901881 0.00901883 -0.0175113 -0.0175113 -0.0175156 -0.0175157 0.00825963 0.00825963 0.00824816 0.00824817 -0.0158541 -0.0158541 -0.0158531 -0.0158531 0.000132975 0.000132975 0.00013657 0.000136572 0.0148059 0.0148059 0.0148034 0.0148034
0.082 0.00069752 0.00160529 0.000589281 0.000873283 0.00252811 0.00235553 0.00219562 0.00213212 -0.00526718 -0.00523427 -0.00537022 -0.00535642 0.00702886 0.00702256 0.00700658 0.00700362 -0.00892414 -0.00892294 -0.00889865 -0.00889801 0.00652813 0.0065279 0.00655775 0.00655763 -0.0130578 -0.0130577 -0.01305 -0.01305 0.00499057 0.00499056 0.00498198 0.00498199 -0.0151957 -0.0151957 -0.0152004 -0.0152004 -0.0013925 -0.0013925 -0.0013904 -0.0013904 0.0165915 0.0165915 0.0165939 0.0165939
0.083 0.00139971 0.00258561 0.00103841 0.00156418 0.00087909 0.000649799 0.000462174 0.000349088 -0.0025754 -0.00253092 -0.00273557 -0.00271158 0.00349551 0.00348686 0.00342221 0.00341716 -0.00395879 -0.00395711 -0.00396623 -0.00396519 0.00038014 0.000379809 0.000402182 0.000401987 -0.00471171 -0.00471164 -0.00469487 -0.00469483 -0.00203797 -0.00203798 -0.00203911 -0.00203912 -0.011721 -0.011721 -0.0117294 -0.0117294 -0.0028296 -0.00282959 -0.00283023 -0.00283023 0.0162422 0.0162422 0.0162486 0.0162486
0.084 0.00151619 0.00248143 0.00108491 0.00160156 -0.00105967 -0.00124864 -0.00139435 -0.00150325 0.000959479 0.000996566 0.000809504 0.000832285 -0.00131653 -0.00132382 -0.0014105 -0.00141523 0.00221825 0.00221969 0.00218003 0.00218099 -0.00680959 -0.00680988 -0.00680587 -0.00680606 0.0046029 0.00460295 0.00462119 0.00462124 -0.0102673 -0.0102673 -0.01026 -0.01026 -0.00710597 -0.00710597 -0.00711377 -0.00711376 -0.00332989 -0.00332989 -0.00333301 -0.00333301 0.0132448 0.0132448 0.0132518 0.0132518
0.085 0.0010267 0.00138389 0.000724196 0.00100039 -0.00251232 -0.00258468 -0.00263385 -0.00268986 0.00389654 0.00391117 0.00382039 0.00383177 -0.00536471 -0.00536766 -0.00543931 -0.0054416 0.00700755 0.00700816 0.00695465 0.00695511 -0.0119453 -0.0119454 -0.0119625 -0.0119626 0.0115202 0.0115203 0.0115312 0.0115313 -0.0167351 -0.0167351 -0.0167227 -0.0167227 -0.00320145 -0.00320145 -0.00320446 -0.00320446 -0.00232629 -0.0023263 -0.00233026 -0.00233026 0.00763112 0.00763113 0.00763467 0.00763466
0.086 0.000152477 -0.000225405 0.000114266 2.84764e-05 -0.00293277 -0.00286229 -0.00279881 -0.00277725 0.00510713 0.0050939 0.00513792 0.00513286 -0.00700819 -0.0070057 -0.00703083 -0.00702968 0.00841284 0.00841237 0.0083685 0.00836826 -0.0127212 -0.0127211 -0.0127522 -0.0127521 0.0135173 0.0135173 0.0135152 0.0135152 -0.0191939 -0.0191939 -0.0191825 -0.0191825 -0.00126544 -0.00126544 -0.00126164 -0.00126165 6.36648e-05 6.36636e-05 6.09802e-05 6.09838e-05 0.000225051 0.000225052 0.000222707 0.000222705
0.087 -0.000742841 -0.00168389 -0.000494969 -0.000911963 -0.0022114 -0.00202999 -0.00188416 -0.00179288 0.00421925 0.00418412 0.00434533 0.00432568 -0.00567416 -0.00566734 -0.00563402 -0.00562986 0.00587083 0.00586949 0.00585525 0.00585439 -0.00855853 -0.00855826 -0.00858945 -0.00858927 0.00987277 0.00987272 0.00985791 0.00985785 -0.0169219 -0.0169219 -0.0169171 -0.0169171 -0.00148336 -0.00148336 -0.0014742 -0.0014742 0.0029307 0.0029307 0.00293077 0.00293077 -0.00741829 -0.00741829 -0.00742569 -0.00742569
0.088 -0.00130554 -0.00242187 -0.000866375 -0.00145187 -0.000696666 -0.000478807 -0.000315884 -0.000190452 0.00173449 0.00169182 0.00190394 0.00187735 -0.00206628 -0.00205789 -0.00197943 -0.00197385 0.000488157 0.000486491 0.000509286 0.000508118 -0.000861181 -0.000860851 -0.000877578 -0.000877316 0.00193124 0.00193118 0.00190995 0.00190988 -0.0109173 -0.0109173 -0.0109218 -0.0109218 -0.0029782 -0.00297821 -0.0029681 -0.0029681 0.00485645 0.00485646 0.00485928 0.00485928 -0.0134279 -0.0134279 -0.0134365 -0.0134365
0.089 -0.00133361 -0.00218744 -0.000870537 -0.00140227 0.000969721 0.00113892 0.0012451 0.00135719 -0.00121975 -0.00125336 -0.00107758 -0.00110108 0.00216253 0.00216924 0.00225951 0.00226441 -0.00540961 -0.00541095 -0.00536002 -0.00536106 0.00751355 0.00751381 0.00751988 0.00752011 -0.00742159 -0.00742164 -0.00743944 -0.00743949 -0.00342167 -0.00342166 -0.00343363 -0.00343363 -0.00429607 -0.00429608 -0.00429032 -0.00429031 0.00449743 0.00449743 0.00450155 0.00450155 -0.0162662 -0.0162662 -0.0162711 -0.0162711
0.09 -0.000850663 -0.00113278 -0.000532617 -0.000821445 0.0021291 0.00218862 0.00218635 0.00224544 -0.0033889 -0.0034014 -0.00333379 -0.00334592 0.0051292 0.00513182 0.00519468 0.00519719 -0.00923203 -0.00923257 -0.00917523 -0.00917576 0.0133572 0.0133573 0.0133842 0.0133843 -0.014856 -0.014856 -0.0148616 -0.0148616 0.00301381 0.00301382 0.00300006 0.00300006 -0.00414396 -0.00414396 -0.00414594 -0.00414595 0.00122726 0.00122725 0.00123054 0.00123055 -0.0153575 -0.0153575 -0.0153557 -0.0153557
0.091 -8.42929e-05 0.000268355 -1.37164e-05 2.21151e-05 0.00237554 0.00231163 0.00219376 0.00218349 -0.00392576 -0.00391418 -0.00398136 -0.00397885 0.00552855 0.00552644 0.00553377 0.00553321 -0.00919324 -0.00919285 -0.00915436 -0.00915423 0.0143519 0.0143518 0.0143878 0.0143878 -0.0178333 -0.0178333 -0.0178233 -0.0178233 0.00652716 0.00652716 0.00651831 0.00651831 -0.00204531 -0.00204531 -0.00205461 -0.00205462 -0.00445778 -0.00445779 -0.00445701 -0.00445701 -0.011414 -0.011414 -0.0114059 -0.0114059
0.092 0.000638546 0.00143185 0.000463064 0.000771729 0.0017073 0.00155614 0.00136469 0.00129716 -0.00273598 -0.00270707 -0.00287958 -0.00286511 0.00319295 0.00318739 0.00313466 0.00313161 -0.00506356 -0.00506249 -0.00506048 -0.00505983 0.00996551 0.00996531 0.00999405 0.00999391 -0.0155017 -0.0155016 -0.0154799 -0.0154799 0.0066051 0.00660508 0.00660563 0.00660563 0.00138564 0.00138564 0.00137336 0.00137335 -0.0109843 -0.0109843 -0.0109864 -0.0109864 -0.00627437 -0.00627437 -0.00626413 -0.00626413
0.093 0.00103277 0.0019112 0.000709117 0.00113579 0.00050129 0.000330912 0.000141524 5.03167e-05 -0.000492519 -0.000459348 -0.000664287 -0.00064502 -0.0008287 -0.000835185 -0.000926448 -0.000930488 0.00170093 0.00170218 0.00166577 0.00166661 0.00165662 0.00165638 0.00166441 0.00166425 -0.00892057 -0.00892052 -0.00889689 -0.00889687 0.00415305 0.00415303 0.00416301 0.00416301 0.00468186 0.00468187 0.00467283 0.00467283 -0.0162273 -0.0162273 -0.0162312 -0.0162312 -0.00226731 -0.00226731 -0.00226056 -0.00226056
0.094 0.000972617 0.0015775 0.00064809 0.00100697 -0.000672662 -0.000792795 -0.000900606 -0.000976027 0.00168146 0.0017054 0.0015536 0.00156938 -0.00470618 -0.00471095 -0.00480198 -0.00480527 0.00850486 0.00850581 0.00844602 0.00844669 -0.00768068 -0.00768088 -0.00769788 -0.00769801 -0.000556235 -0.000556183 -0.000541883 -0.000541856 0.000977181 0.000977169 0.000992061 0.000992047 0.00617676 0.00617675 0.00617596 0.00617597 -0.0183313 -0.0183313 -0.0183351 -0.0183351 -0.00131804 -0.00131804 -0.00131879 -0.00131879
0.095 0.000536552 0.000657789 0.000342534 0.000498022 -0.00131333 -0.00134174 -0.00131691 -0.00134837 0.00272264 0.00272911 0.00269278 0.00269924 -0.00659869 -0.00660013 -0.00665141 -0.00665275 0.0126203 0.0126207 0.0125633 0.0125636 -0.0148053 -0.0148054 -0.0148404 -0.0148404 0.00672418 0.0067242 0.00672181 0.00672183 -0.00107587 -0.00107587 -0.00106308 -0.00106309 0.00478679 0.00478679 0.00479526 0.00479527 -0.0164969 -0.0164969 -0.0164988 -0.0164988 -0.00414862 -0.00414862 -0.00415693 -0.00415694
0.096 -3.76641e-05 -0.000380775 -4.06741e-05 -0.000118922 -0.00121048 -0.00114958 -0.00099136 -0.000973339 0.00211067 0.0020999 0.00219217 0.00218827 -0.00544454 -0.00544264 -0.00543105 -0.00543024 0.0122559 0.0122556 0.0122262 0.012226 -0.0173225 -0.0173225 -0.01736 -0.01736 0.0107442 0.0107441 0.0107253 0.0107253 -0.000941749 -0.000941737 -0.000937235 -0.000937234 0.000572118 0.000572117 0.000586092 0.000586086 -0.0113899 -0.0113899 -0.0113889 -0.0113889 -0.00991307 -0.00991306 -0.00992481 -0.00992482
0.097 -0.000466403 -0.00104812 -0.000310059 -0.000541383 -0.000531322 -0.000423364 -0.000183859 -0.000134261 0.000116432 9.63547e-05 0.000276035 0.000265648 -0.00144393 -0.00144021 -0.00136929 -0.00136716 0.00726813 0.00726744 0.00727963 0.0072792 -0.014525 -0.0145249 -0.0145479 -0.0145478 0.0107661 0.0107661 0.010739 0.010739 0.0012267 0.0012267 0.00122054 0.00122055 -0.00518794 -0.00518793 -0.00517538 -0.00517539 -0.00497072 -0.00497073 -0.00496734 -0.00496734 -0.0164506 -0.0164506 -0.0164595 -0.0164595
0.098 -0.000551909 -0.00105452 -0.000339129 -0.000576948 0.000266546 0.000361268 0.000595169 0.00064499 -0.00229483 -0.00231273 -0.00212321 -0.00213349 0.00396756 0.00397094 0.00407196 0.00407406 -0.000760721 -0.000761376 -0.000711993 -0.000712415 -0.00757458 -0.00757444 -0.00757209 -0.007572 0.00762411 0.00762409 0.0076013 0.00760127 0.00418575 0.00418574 0.00417153 0.00417154 -0.0104604 -0.0104604 -0.0104559 -0.0104559 0.000224445 0.000224447 0.000228609 0.000228603 -0.0210935 -0.0210935 -0.0210946 -0.0210946
0.099 -0.000274483 -0.000442608 -0.000126386 -0.000233294 0.000658064 0.000690854 0.000829304 0.000850624 -0.00387058 -0.00387698 -0.00375835 -0.0037626 0.00865227 0.00865353 0.00874194 0.00874278 -0.00910396 -0.00910423 -0.00903869 -0.00903886 0.00101777 0.00101782 0.00104518 0.00104522 0.00322869 0.0032287 0.0032213 0.00322129 0.00621521 0.00621521 0.00619941 0.00619941 -0.0132837 -0.0132837 -0.0132901 -0.0132901 0.00208358 0.00208359 0.00208661 0.0020866 -0.0217304 -0.0217304 -0.0217226 -0.0217226
0.1 0.000195893 0.000430089 0.00020115 0.000282349 0.000312296 0.000270218 0.000253773 0.000235404 -0.00362257 -0.00361502 -0.00361665 -0.00361268 0.0106034 0.0106021 0.0106398 0.010639 -0.0148999 -0.0148996 -0.0148466 -0.0148464 0.00838273 0.00838267 0.00842336 0.00842332 -0.000316085 -0.000316069 -0.000303822 -0.000303808 0.005938 0.00593801 0.005928 0.00592799 -0.0126058 -0.0126058 -0.0126205 -0.0126205 -0.00020283 -0.000202827 -0.000202344 -0.000202342 -0.0176992 -0.0176992 -0.0176863 -0.0176863
0.101 0.000575081 0.00105267 0.000443764 0.000655869 -0.000723564 -0.000810056 -0.000988212 -0.00103311 -0.00129322 -0.0012776 -0.00139642 -0.00138717 0.00874988 0.00874708 0.00871688 0.00871502 -0.0161966 -0.0161961 -0.0161793 -0.0161789 0.012354 0.0123539 0.0123899 0.0123898 -0.00159923 -0.00159923 -0.00157229 -0.00157227 0.00297782 0.00297783 0.00297847 0.00297846 -0.00877101 -0.00877102 -0.0087869 -0.0087869 -0.00575712 -0.00575713 -0.00575944 -0.00575943 -0.0101357 -0.0101357 -0.0101244 -0.0101244
0.102 0.000596607 0.00099885 0.000421509 0.000612896 -0.00200393 -0.00207388 -0.00236503 -0.00240368 0.00246317 0.00247516 0.00229333 0.0023009 0.00341363 0.00341161 0.00332492 0.00332347 -0.0126356 -0.0126353 -0.0126628 -0.0126626 0.0121911 0.012191 0.012206 0.0122059 -0.000429315 -0.000429327 -0.000399912 -0.000399904 -0.0018361 -0.00183609 -0.00182478 -0.00182478 -0.00342946 -0.00342945 -0.00343836 -0.00343837 -0.0123071 -0.0123071 -0.0123112 -0.0123112 -0.0016058 -0.00160579 -0.0016021 -0.0016021
0.103 0.000143801 0.000139682 6.41873e-05 5.69033e-05 -0.00284717 -0.00283763 -0.0031545 -0.00314939 0.0062719 0.00626828 0.00610544 0.00610353 -0.00376254 -0.00376149 -0.00386928 -0.00386869 -0.00552602 -0.00552631 -0.00558669 -0.00558686 0.00870858 0.00870867 0.00869525 0.0086953 0.00219436 0.00219434 0.00221232 0.00221231 -0.00680686 -0.00680687 -0.00678979 -0.00678978 0.00111314 0.00111314 0.00111619 0.00111619 -0.0170643 -0.0170643 -0.0170684 -0.0170684 0.00485967 0.00485966 0.00485333 0.00485334
0.104 -0.000675729 -0.00126309 -0.000540691 -0.000862228 -0.00262223 -0.0025004 -0.00274716 -0.00267486 0.00854011 0.00851481 0.00844539 0.00842931 -0.0103935 -0.0103882 -0.0104725 -0.0104689 0.00269674 0.00269563 0.0026288 0.00262802 0.00380381 0.00380404 0.00376747 0.00376764 0.00461905 0.00461902 0.00461658 0.00461654 -0.0101013 -0.0101013 -0.0100862 -0.0100862 0.00284807 0.00284807 0.00286216 0.00286216 -0.0178492 -0.0178492 -0.0178515 -0.0178515 0.00695655 0.00695654 0.00694306 0.00694307
0.105 -0.00154916 -0.00262991 -0.0011654 -0.00178322 -0.00104556 -0.000830576 -0.000934202 -0.000800199 0.00808049 0.00803758 0.00809587 0.00806708 -0.0142156 -0.014207 -0.0142326 -0.0142264 0.00939861 0.00939688 0.00935332 0.00935202 -0.000390413 -0.000390084 -0.000434111 -0.000433838 0.00532645 0.0053264 0.00530396 0.0053039 -0.0105533 -0.0105533 -0.0105472 -0.0105472 0.000922287 0.000922273 0.000940759 0.00094076 -0.0140069 -0.0140069 -0.0140062 -0.0140062 0.004049 0.004049 0.00403512 0.00403512
0.106 -0.00206925 -0.00328158 -0.00152217 -0.00226416 0.00163595 0.0018723 0.00194043 0.00209802 0.00461375 0.00456753 0.00473188 0.00469874 -0.0139069 -0.0138979 -0.0138541 -0.0138472 0.0126939 0.0126921 0.0126917 0.0126903 -0.00236591 -0.00236557 -0.00239762 -0.00239733 0.00361934 0.00361926 0.00358678 0.00358672 -0.0081841 -0.00818406 -0.00819014 -0.00819013 -0.00396508 -0.00396509 -0.00395145 -0.00395146 -0.00672878 -0.00672878 -0.00672521 -0.00672521 -0.00253269 -0.00253269 -0.00253973 -0.00253974
0.107 -0.00189696 -0.00272079 -0.00137714 -0.00196128 0.00466114 0.0048167 0.005036 0.00515641 -0.0010516 -0.001081 -0.000880213 -0.000904771 -0.00955564 -0.00955009 -0.00945515 -0.0094502 0.0120545 0.0120535 0.0120972 0.0120962 -0.00177039 -0.00177018 -0.00177562 -0.00177542 -8.55458e-05 -8.56049e-05 -0.000113093 -0.00011313 -0.00420943 -0.00420942 -0.00422532 -0.00422531 -0.00981054 -0.00981054 -0.00980894 -0.00980894 0.00137187 0.00137186 0.00137679 0.0013768 -0.0099796 -0.00997959 -0.00997582 -0.00997582
0.108 -0.000912929 -0.000865216 -0.000654376 -0.000785865 0.00697907 0.00695963 0.00727199 0.00729297 -0.00724253 -0.00723666 -0.00708853 -0.00709146 -0.00260542 -0.002607 -0.00250021 -0.00249991 0.00837239 0.00837279 0.00844181 0.00844181 0.000577536 0.000577458 0.000601865 0.000601851 -0.00446967 -0.00446965 -0.00447902 -0.00447901 -0.000522685 -0.000522702 -0.000541492 -0.000541491 -0.0141123 -0.0141123 -0.0141241 -0.0141241 0.00727851 0.0072785 0.00728259 0.00728259 -0.0151016 -0.0151016 -0.0150884 -0.0150884
0.109 0.000703987 0.00186465 0.00051246 0.00102485 0.0076097 0.00736905 0.00770084 0.00758334 -0.0119752 -0.0119252 -0.0119008 -0.0118742 0.0046896 0.00467918 0.00475407 0.00474811 0.0034868 0.00348896 0.00355283 0.00355415 0.00315493 0.00315448 0.00319878 0.00319849 -0.00791851 -0.0079184 -0.00790472 -0.00790466 0.00112465 0.00112461 0.00111145 0.00111144 -0.0149099 -0.0149099 -0.0149296 -0.0149296 0.00878286 0.00878286 0.00878413 0.00878412 -0.0156042 -0.0156042 -0.0155881 -0.0155881
0.11 0.00250675 0.00464709 0.00180412 0.00295664 0.00601206 0.00557804 0.00586276 0.00561 -0.0136405 -0.0135522 -0.0136738 -0.0136188 0.0100854 0.0100673 0.0100807 0.0100688 -0.000604144 -0.000600466 -0.000570543 -0.000567982 0.00445379 0.00445302 0.00449814 0.00449758 -0.00924223 -0.00924205 -0.00921117 -0.00921105 -0.000108141 -0.000108175 -0.000109397 -0.00010942 -0.0116251 -0.0116251 -0.0116431 -0.0116431 0.00539694 0.00539695 0.00539457 0.00539457 -0.0110308 -0.0110308 -0.0110198 -0.0110198
0.111 0.00391414 0.00652176 0.0028111 0.00437562 0.00232276 0.00179808 0.00199127 0.00165424 -0.0115709 -0.011465 -0.0116949 -0.0116228 0.0121313 0.0121099 0.0120585 0.0120431 -0.00252216 -0.0025178 -0.00253608 -0.00253282 0.0036351 0.0036342 0.00366014 0.00365945 -0.0081904 -0.00819022 -0.00815622 -0.00815608 -0.00376858 -0.00376859 -0.00375677 -0.0037568 -0.00534599 -0.00534599 -0.00535322 -0.00535321 -0.00141535 -0.00141535 -0.00142052 -0.00142052 -0.00297797 -0.00297796 -0.00297805 -0.00297805
0.112 0.00440428 0.00672287 0.00316865 0.00474113 -0.00262914 -0.00309363 -0.00301118 -0.00334482 -0.00628389 -0.00619057 -0.00644456 -0.00637415 0.0106289 0.0106101 0.0105184 0.0105036 -0.00197557 -0.00197177 -0.00203138 -0.00202828 0.000847823 0.000847059 0.000841777 0.000841139 -0.00553834 -0.00553821 -0.00551696 -0.00551683 -0.00828695 -0.00828697 -0.00826691 -0.00826695 0.00157848 0.00157849 0.00158612 0.00158613 -0.00879702 -0.00879703 -0.00880273 -0.00880272 0.00551611 0.00551613 0.00550455 0.00550455
0.113 0.00369943 0.00496263 0.00268411 0.00379899 -0.00754567 -0.00779714 -0.0078261 -0.00805696 0.000686526 0.000736689 0.000556846 0.000604471 0.00661127 0.00660124 0.00651016 0.00650035 0.000244096 0.000246105 0.000170473 0.000172472 -0.00289952 -0.00289991 -0.00293491 -0.00293532 -0.00271563 -0.00271556 -0.00271729 -0.0027172 -0.0116423 -0.0116424 -0.0116229 -0.0116229 0.00648036 0.00648038 0.00649955 0.00649955 -0.0136344 -0.0136344 -0.0136379 -0.0136379 0.0111787 0.0111787 0.011161 0.011161
0.114 0.00187549 0.00156072 0.00141116 0.00168524 -0.0110509 -0.0109849 -0.0111179 -0.0111657 0.00730508 0.00729116 0.00725902 0.0072671 0.00187535 0.00187829 0.00182736 0.00182606 0.00269763 0.002697 0.00263822 0.00263841 -0.00623086 -0.00623072 -0.00628066 -0.00628069 -0.00114958 -0.0011496 -0.00117394 -0.00117393 -0.0122373 -0.0122373 -0.0122275 -0.0122275 0.00746779 0.00746779 0.00748932 0.00748932 -0.0138171 -0.0138171 -0.0138166 -0.0138166 0.0118225 0.0118225 0.0118074 0.0118074
0.115 -0.000644348 -0.00263024 -0.000356145 -0.00109842 -0.0121184 -0.0117158 -0.0119448 -0.0117745 0.011711 0.0116291 0.0117643 0.0117259 -0.00173519 -0.00171847 -0.00170855 -0.00169997 0.00395815 0.00395472 0.00393894 0.00393705 -0.00802405 -0.00802336 -0.0080664 -0.008066 -0.00161958 -0.00161971 -0.00165573 -0.00165583 -0.00960596 -0.00960594 -0.0096108 -0.00961078 0.00422021 0.00422019 0.00423346 0.00423345 -0.00910813 -0.00910812 -0.00910352 -0.00910353 0.00724402 0.00724401 0.00723937 0.00723938
0.116 -0.0032114 -0.00648034 -0.00216847 -0.00383062 -0.0103905 -0.00972822 -0.0100439 -0.00967914 0.0128141 0.0126795 0.0129399 0.0128605 -0.0030156 -0.00298817 -0.00292457 -0.00290738 0.00321245 0.00320684 0.00324198 0.0032383 -0.00788489 -0.00788375 -0.00790054 -0.00789975 -0.00390989 -0.00391012 -0.00394129 -0.00394147 -0.00464612 -0.00464606 -0.00466413 -0.00466409 -0.00185336 -0.00185339 -0.00185519 -0.00185519 -0.00126275 -0.00126275 -0.00125599 -0.00125599 -0.000671165 -0.00067116 -0.000662575 -0.000662574
0.117 -0.00514786 -0.00893206 -0.00355654 -0.00578882 -0.00628388 -0.0055152 -0.00589952 -0.00541731 0.0106087 0.0104521 0.01075 0.0106464 -0.00180084 -0.00176887 -0.00168336 -0.0016612 0.000563765 0.000557225 0.000629339 0.00062462 -0.00627421 -0.00627287 -0.00625526 -0.00625425 -0.00691399 -0.00691428 -0.00692611 -0.00692633 0.000732164 0.000732237 0.000708654 0.000708692 -0.00817012 -0.00817013 -0.00818652 -0.00818652 0.00666349 0.00666348 0.00666926 0.00666927 -0.00868969 -0.00868967 -0.0086716 -0.00867161
0.118 -0.00595133 -0.00932504 -0.00417125 -0.00646665 -0.000850682 -0.000161346 -0.000577648 -8.74941e-05 0.00610956 0.00596841 0.00620401 0.00609968 0.00105027 0.00107923 0.00114453 0.00116667 -0.00306679 -0.00307274 -0.00299364 -0.00299834 -0.00424888 -0.00424765 -0.00420274 -0.00420174 -0.00914271 -0.00914297 -0.00912974 -0.00912994 0.00440124 0.00440129 0.00438287 0.0043829 -0.0120237 -0.0120237 -0.012047 -0.012047 0.0115444 0.0115444 0.0115463 0.0115464 -0.0135256 -0.0135256 -0.0135067 -0.0135067
0.119 -0.00543988 -0.00758773 -0.00388241 -0.00571844 0.00455307 0.00499808 0.00460961 0.00499638 0.000951358 0.000859078 0.000958261 0.00087685 0.00405454 0.00407369 0.00408543 0.00410255 -0.00637228 -0.00637626 -0.00632341 -0.00632702 -0.00294786 -0.00294703 -0.0028944 -0.00289365 -0.00940905 -0.00940922 -0.00937666 -0.0093768 0.00491949 0.00491951 0.0049151 0.00491513 -0.0117002 -0.0117002 -0.0117191 -0.0117192 0.0114543 0.0114543 0.0114512 0.0114512 -0.0131683 -0.0131684 -0.0131582 -0.0131582
0.12 -0.0037921 -0.00423696 -0.00280566 -0.00378648 0.00867548 0.00877775 0.00849387 0.00869425 -0.00319072 -0.00321381 -0.00327309 -0.00331419 0.00571268 0.00571782 0.00566679 0.00567527 -0.0082256 -0.00822673 -0.00822238 -0.00822414 -0.0030617 -0.00306146 -0.00302476 -0.00302441 -0.00738404 -0.00738408 -0.00734684 -0.00734692 0.00215839 0.00215839 0.00217078 0.00217081 -0.00719709 -0.00719709 -0.00720232 -0.00720233 0.00646104 0.00646105 0.00645411 0.00645411 -0.00770335 -0.00770336 -0.00770745 -0.00770744
0.121 -0.00147414 -0.000193526 -0.0012527 -0.00120764 0.0107189 0.0104705 0.0103671 0.0103469 -0.00515079 -0.00510248 -0.00528485 -0.00527876 0.00508445 0.00507502 0.00498106 0.00497947 -0.00813657 -0.00813472 -0.00818062 -0.00818022 -0.00452347 -0.00452384 -0.00452019 -0.00452028 -0.00377322 -0.00377314 -0.00374812 -0.00374812 -0.00262048 -0.00262049 -0.00259619 -0.00259619 -0.000242287 -0.000242295 -0.000230968 -0.000230965 -0.00138768 -0.00138768 -0.00139533 -0.00139534 0.000713235 0.000713237 0.000696334 0.000696343
0.122 0.000916442 0.00351599 0.000374585 0.00136352 0.0105236 0.0100031 0.0101309 0.00991002 -0.00460792 -0.00450342 -0.00473331 -0.00468463 0.00211833 0.00209729 0.0020012 0.00199057 -0.00641846 -0.00641421 -0.00649086 -0.00648854 -0.0065543 -0.00655515 -0.00658714 -0.00658763 -2.95917e-05 -2.94274e-05 -2.80783e-05 -2.79831e-05 -0.0072808 -0.00728082 -0.00725536 -0.00725539 0.00640328 0.00640328 0.00642602 0.00642604 -0.00888521 -0.00888522 -0.00888996 -0.00888996 0.00872054 0.00872056 0.00869879 0.00869879
0.123 0.00283407 0.00606738 0.00170786 0.00335279 0.00854025 0.00788355 0.00824624 0.00788797 -0.00211156 -0.00197787 -0.00217137 -0.00209382 -0.00236968 -0.00239695 -0.00245102 -0.00246774 -0.00401268 -0.0040071 -0.00408211 -0.00407853 -0.00803652 -0.00803766 -0.00809174 -0.0080925 0.00227707 0.00227729 0.00225417 0.00225434 -0.00970938 -0.00970943 -0.00969467 -0.00969472 0.0100778 0.0100778 0.0101012 0.0101012 -0.0129647 -0.0129647 -0.0129641 -0.0129641 0.0131121 0.0131121 0.0130962 0.0130962
0.124 0.00393516 0.00705667 0.0025132 0.00442064 0.00561809 0.00497506 0.00552059 0.00510971 0.00118445 0.00131711 0.00121893 0.0013072 -0.00703421 -0.00706161 -0.00704572 -0.00706464 -0.00206486 -0.00205919 -0.00210112 -0.00209709 -0.00804234 -0.00804351 -0.00809567 -0.00809654 0.00216113 0.00216138 0.00212402 0.00212422 -0.00872009 -0.00872016 -0.00872356 -0.00872361 0.00932016 0.00932018 0.00933293 0.00933293 -0.0119465 -0.0119465 -0.0119405 -0.0119405 0.0121363 0.0121362 0.0121344 0.0121344
0.125 0.00414986 0.00656569 0.00273911 0.00452799 0.00269504 0.00218729 0.00281647 0.00243409 0.00396207 0.00406876 0.00407874 0.00416049 -0.0105066 -0.0105291 -0.0104443 -0.0104618 -0.00144244 -0.00143773 -0.00142947 -0.00142574 -0.0062789 -0.0062799 -0.00630627 -0.00630708 -0.0003166 -0.000316383 -0.000351295 -0.00035112 -0.00457848 -0.00457853 -0.00459941 -0.00459943 0.004483 0.00448301 0.00447876 0.00447876 -0.00622416 -0.00622415 -0.00621541 -0.00621541 0.00620844 0.00620842 0.00622221 0.00622223
0.126 0.00366093 0.00506918 0.00250223 0.00390169 0.000499982 0.000192004 0.000784441 0.00048739 0.00518812 0.00525512 0.00533894 0.0054022 -0.0118704 -0.011885 -0.011762 -0.0117755 -0.00239592 -0.00239279 -0.0023388 -0.00233591 -0.00325033 -0.003251 -0.00323876 -0.00323938 -0.00403501 -0.00403487 -0.00405173 -0.00405161 0.0010829 0.00108287 0.00105348 0.00105347 -0.00240072 -0.00240072 -0.00242026 -0.00242025 0.00189442 0.00189443 0.00190195 0.00190194 -0.00225754 -0.00225754 -0.00223442 -0.0022344
0.127 0.00280683 0.00323066 0.0020225 0.00292222 -0.0006386 -0.00074709 -0.00029843 -0.000487901 0.00442126 0.00444778 0.00454254 0.00458273 -0.0109366 -0.0109429 -0.0108292 -0.0108378 -0.00449393 -0.00449247 -0.00441683 -0.00441498 -6.32814e-05 -6.36116e-05 -1.71009e-05 -1.74911e-05 -0.00726513 -0.00726506 -0.00725631 -0.00725624 0.00593341 0.0059334 0.00590891 0.00590889 -0.00844966 -0.00844966 -0.00847542 -0.0084754 0.00912849 0.00912849 0.00913117 0.00913116 -0.00983067 -0.00983066 -0.00980938 -0.00980938
0.128 0.00194961 0.00166604 0.00153524 0.00197924 -0.000828569 -0.000789523 -0.000547191 -0.00063961 0.00189102 0.0018868 0.00193054 0.00195005 -0.00824018 -0.00824007 -0.00818013 -0.0081843 -0.00684021 -0.00684009 -0.00677615 -0.00677525 0.00203982 0.00203977 0.00210054 0.00210036 -0.00840418 -0.00840417 -0.00837364 -0.00837359 0.00792435 0.00792435 0.0079165 0.00791647 -0.0111241 -0.0111241 -0.0111439 -0.0111439 0.0125641 0.0125641 0.0125604 0.0125604 -0.0134571 -0.0134571 -0.0134483 -0.0134483
0.129 0.00135486 0.000755974 0.00121155 0.00134581 -0.000503038 -0.000393079 -0.000359109 -0.000386255 -0.00164929 -0.00166924 -0.00170988 -0.00170422 -0.00478879 -0.00478522 -0.00480149 -0.00480271 -0.00846395 -0.00846458 -0.00844069 -0.00844043 0.00221677 0.00221687 0.00226494 0.00226488 -0.00668064 -0.00668065 -0.00664185 -0.00664182 0.00617008 0.00617008 0.00618331 0.00618329 -0.00928282 -0.00928282 -0.009287 -0.009287 0.0108436 0.0108436 0.0108349 0.0108349 -0.0116977 -0.0116977 -0.0117063 -0.0117063
0.13 0.00112117 0.000561729 0.0011119 0.00110944 -0.000218134 -0.000108279 -0.000229362 -0.000228154 -0.00521845 -0.00523993 -0.00535562 -0.00535596 -0.00168166 -0.00167747 -0.00176082 -0.00176073 -0.00871059 -0.0087114 -0.00873864 -0.00873866 0.00039734 0.000397489 0.000410993 0.000410988 -0.00252524 -0.00252527 -0.00249538 -0.00249537 0.00135535 0.00135535 0.00138438 0.00138439 -0.00366585 -0.00366585 -0.00365218 -0.0036522 0.00471632 0.00471633 0.00470654 0.00470654 -0.00530405 -0.00530406 -0.00532639 -0.00532638
0.131 0.00117529 0.00085804 0.00118344 0.00117454 -0.000438484 -0.000370818 -0.000562767 -0.000560489 -0.00793553 -0.00794983 -0.00809362 -0.00809425 0.000251144 0.000254146 0.000140539 0.000140727 -0.00747351 -0.00747413 -0.00754143 -0.00754148 -0.00267076 -0.00267062 -0.00269839 -0.00269838 0.00256007 0.00256004 0.00256774 0.00256773 -0.00451274 -0.00451273 -0.00448083 -0.00448081 0.00340146 0.00340145 0.00342676 0.00342675 -0.00327548 -0.00327547 -0.00328184 -0.00328186 0.00310226 0.00310225 0.00307676 0.00307678
0.132 0.00132517 0.00125574 0.00129554 0.00132511 -0.00138263 -0.00136052 -0.00154261 -0.00154808 -0.00927027 -0.0092763 -0.009385 -0.00938416 0.00066663 0.000668147 0.000572972 0.000572893 -0.00518545 -0.00518582 -0.00526453 -0.00526453 -0.00572244 -0.00572234 -0.00577959 -0.00577958 0.00659267 0.00659265 0.00657462 0.00657461 -0.00891675 -0.00891675 -0.00889679 -0.00889678 0.00896718 0.00896718 0.00899227 0.00899228 -0.00984676 -0.00984676 -0.00984653 -0.00984654 0.0101115 0.0101115 0.0100953 0.0100953
0.133 0.00134507 0.00136099 0.00129648 0.00131843 -0.00297078 -0.00296379 -0.00308974 -0.00309242 -0.00914857 -0.00915202 -0.00917429 -0.00917429 -0.000268383 -0.00026728 -0.000304327 -0.000304183 -0.00259595 -0.00259627 -0.00265232 -0.00265238 -0.00749403 -0.00749394 -0.00755541 -0.00755538 0.00792053 0.00792051 0.00788455 0.00788454 -0.00987511 -0.0098751 -0.00987691 -0.00987692 0.0106808 0.0106808 0.0106937 0.0106937 -0.0123224 -0.0123224 -0.0123153 -0.0123153 0.0129233 0.0129233 0.0129248 0.0129248
0.134 0.00106021 0.000913597 0.00106969 0.000974751 -0.00487761 -0.00483745 -0.00491103 -0.00488725 -0.00790414 -0.00791444 -0.00783307 -0.00783899 -0.0020234 -0.00202087 -0.00198602 -0.00198457 -0.000448179 -0.000448792 -0.0004573 -0.000457654 -0.00723921 -0.00723907 -0.00727724 -0.00727715 0.00591792 0.00591789 0.00587972 0.00587971 -0.00678879 -0.00678878 -0.00681238 -0.00681239 0.00778185 0.00778184 0.0077763 0.00777629 -0.00973489 -0.00973489 -0.00972392 -0.0097239 0.0104846 0.0104846 0.0105036 0.0105036
0.135 0.000403634 -0.00013726 0.000571471 0.000234593 -0.0066584 -0.00653899 -0.00660866 -0.00653183 -0.00611796 -0.00614428 -0.0059833 -0.00600073 -0.00393675 -0.00393095 -0.00384209 -0.00383815 0.000799349 0.000798078 0.000841931 0.000841035 -0.00502431 -0.00502404 -0.00502157 -0.00502137 0.00127251 0.00127245 0.00124888 0.00124885 -0.000731427 -0.000731411 -0.000766635 -0.00076662 0.00143669 0.00143668 0.001415 0.00141498 -0.00321412 -0.00321412 -0.00320419 -0.00320418 0.00390053 0.00390052 0.00392819 0.0039282
0.136 -0.000568837 -0.00163475 -0.000158954 -0.00082967 -0.00789832 -0.007673 -0.007808 -0.00765904 -0.00441424 -0.004462 -0.00427559 -0.00430851 -0.00543724 -0.00542709 -0.0053259 -0.00531864 0.00109441 0.00109225 0.00117087 0.00116927 -0.00168159 -0.00168113 -0.00163879 -0.00163845 -0.0042623 -0.0042624 -0.00426086 -0.00426094 0.00594828 0.0059483 0.00591746 0.0059175 -0.00572374 -0.00572374 -0.00575153 -0.00575154 0.00449128 0.00449129 0.00449543 0.00449541 -0.00404634 -0.00404635 -0.00402326 -0.00402323
0.137 -0.00170386 -0.00328101 -0.00101599 -0.00204464 -0.00833533 -0.00800606 -0.00826402 -0.00803859 -0.00328019 -0.00334913 -0.00319775 -0.00324696 -0.00618345 -0.00616899 -0.00610293 -0.00609222 0.00072404 0.000721002 0.000801628 0.000799308 0.00155366 0.00155431 0.00161778 0.00161828 -0.00855449 -0.00855463 -0.00852839 -0.00852852 0.0105592 0.0105592 0.0105473 0.0105473 -0.0106801 -0.0106801 -0.0107009 -0.0107009 0.0101621 0.0101621 0.0101581 0.0101581 -0.010065 -0.010065 -0.0100579 -0.0100579
0.138 -0.00280227 -0.00473805 -0.00186198 -0.00319346 -0.00792359 -0.00752042 -0.00791964 -0.00763035 -0.00295478 -0.00303894 -0.00296335 -0.00302602 -0.00609672 -0.00607912 -0.00608105 -0.00606751 0.000113714 0.00011002 0.000158707 0.000155795 0.00356217 0.00356296 0.00361912 0.00361975 -0.00994131 -0.00994147 -0.00990178 -0.00990191 0.0111594 0.0111594 0.0111727 0.0111727 -0.011275 -0.011275 -0.0112789 -0.0112789 0.0114496 0.0114496 0.011439 0.011439 -0.011726 -0.011726 -0.0117388 -0.0117388
0.139 -0.00367794 -0.00572736 -0.0025665 -0.00407916 -0.00682777 -0.00639985 -0.00690759 -0.00658105 -0.00340131 -0.00349081 -0.00349542 -0.00356576 -0.00531004 -0.0052913 -0.00536534 -0.00535022 -0.000397652 -0.000401594 -0.00040534 -0.000408585 0.00379246 0.00379328 0.00381672 0.00381742 -0.00789115 -0.00789131 -0.00785537 -0.00785551 0.00736077 0.00736081 0.0073939 0.00739392 -0.00712211 -0.00712213 -0.00710707 -0.00710707 0.00785344 0.00785344 0.00784074 0.00784076 -0.00846213 -0.00846212 -0.00848921 -0.00848924
0.14 -0.00420597 -0.00610001 -0.00303922 -0.00457521 -0.00535982 -0.00496187 -0.00550324 -0.00517347 -0.00435303 -0.00443672 -0.00448954 -0.00456027 -0.00407969 -0.00406206 -0.00418177 -0.00416662 -0.000697181 -0.000700898 -0.000755038 -0.000758287 0.00245541 0.00245618 0.00243593 0.00243663 -0.00320856 -0.00320872 -0.00319227 -0.00319241 0.000514489 0.000514534 0.000552753 0.000552784 0.000205879 0.000205867 0.000233006 0.000232989 0.000928116 0.000928115 0.000919277 0.000919285 -0.0017852 -0.0017852 -0.00181383 -0.00181383
0.141 -0.00434897 -0.005863 -0.00324853 -0.00465181 -0.00388391 -0.00356223 -0.00404629 -0.00374654 -0.00540663 -0.00547498 -0.00552378 -0.00558782 -0.00270331 -0.00268877 -0.00280828 -0.0027946 -0.000894066 -0.000897148 -0.000977686 -0.000980615 0.000386526 0.000387176 0.000331733 0.000332357 0.00229995 0.0022998 0.0022894 0.00228926 -0.00680414 -0.00680411 -0.00677837 -0.00677833 0.00779329 0.00779328 0.00781985 0.00781983 -0.00636753 -0.00636753 -0.00636809 -0.0063681 0.00537006 0.00537005 0.0053537 0.00535373
0.142 -0.00415809 -0.00516236 -0.00322356 -0.00437475 -0.00271823 -0.00250021 -0.00285271 -0.00260804 -0.00613607 -0.00618331 -0.00618046 -0.00623253 -0.00146559 -0.00145537 -0.00152872 -0.00151762 -0.00118999 -0.00119219 -0.00126333 -0.00126569 -0.00135437 -0.00135388 -0.00142027 -0.00141977 0.00655967 0.00655956 0.00652657 0.00652646 -0.0118065 -0.0118065 -0.0118057 -0.0118056 0.0125556 0.0125556 0.0125691 0.0125691 -0.0109102 -0.0109102 -0.0109017 -0.0109017 0.00989822 0.00989821 0.0099024 0.00990242
0.143 -0.00375223 -0.00423401 -0.00304127 -0.00388108 -0.00205846 -0.00194774 -0.00213737 -0.00195982 -0.00620274 -0.00622793 -0.0061526 -0.00619025 -0.000606481 -0.000600809 -0.000601251 -0.000593243 -0.00170476 -0.00170603 -0.00173564 -0.00173734 -0.00196389 -0.0019636 -0.00201166 -0.0020113 0.00805757 0.00805751 0.00801613 0.00801605 -0.0125901 -0.0125901 -0.0126153 -0.0126153 0.0124941 0.0124941 0.0124881 0.0124881 -0.0107256 -0.0107256 -0.0107116 -0.0107116 0.0098468 0.00984679 0.00987008 0.00987007
0.144 -0.00328309 -0.00333834 -0.0028034 -0.0033398 -0.00193833 -0.00191622 -0.00196411 -0.00185131 -0.00544315 -0.0054499 -0.00531766 -0.00534151 -0.000293314 -0.000291478 -0.000222657 -0.000217592 -0.00235791 -0.0023584 -0.00233217 -0.00233324 -0.00124319 -0.00124307 -0.00125157 -0.00125134 0.00642834 0.00642833 0.00639659 0.00639654 -0.00888237 -0.00888237 -0.00892284 -0.00892284 0.007517 0.00751699 0.00749418 0.00749418 -0.0058287 -0.0058287 -0.0058156 -0.00581558 0.00525458 0.00525459 0.00528628 0.00528625
0.145 -0.00289511 -0.00269463 -0.00260896 -0.00290757 -0.00223314 -0.00226542 -0.00223407 -0.00217149 -0.00391785 -0.00391305 -0.00376868 -0.00378191 -0.000583783 -0.000584394 -0.000478641 -0.000475823 -0.00287555 -0.00287551 -0.00280352 -0.00280412 0.000337119 0.000337115 0.000371952 0.000372086 0.00256108 0.00256108 0.00255303 0.00255301 -0.00213269 -0.00213267 -0.00217011 -0.00217011 -0.000507808 -0.000507818 -0.000536885 -0.000536891 0.00176309 0.00176308 0.00176908 0.00176909 -0.00185076 -0.00185075 -0.00182567 -0.00182568
0.146 -0.00268929 -0.00242881 -0.00252857 -0.00268932 -0.00270294 -0.00274998 -0.00271641 -0.00268248 -0.00190876 -0.00190042 -0.00179743 -0.00180468 -0.0013857 -0.00138713 -0.0012917 -0.00129014 -0.00292461 -0.00292437 -0.00283703 -0.00283738 0.00187793 0.00187789 0.00194065 0.00194073 -0.00180782 -0.00180782 -0.00178832 -0.00178834 0.00508121 0.00508122 0.00506428 0.0050643 -0.00849445 -0.00849445 -0.00851625 -0.00851626 0.00885495 0.00885494 0.00885062 0.0088506 -0.00830121 -0.00830121 -0.00829497 -0.00829495
0.147 -0.00269848 -0.00254484 -0.00258618 -0.00271234 -0.00306427 -0.00309214 -0.00311622 -0.00308898 0.000142342 0.000147296 0.000171076 0.000165168 -0.00243903 -0.00243988 -0.00239694 -0.00239565 -0.00230764 -0.00230749 -0.00224254 -0.00224282 0.0024852 0.00248518 0.00254811 0.00254818 -0.00483686 -0.00483687 -0.00479794 -0.00479796 0.0100843 0.0100843 0.0100963 0.0100964 -0.0133716 -0.0133716 -0.013376 -0.013376 0.0124001 0.0124001 0.012387 0.012387 -0.0111337 -0.0111337 -0.0111498 -0.0111498
0.148 -0.00288004 -0.00292624 -0.00275291 -0.00292029 -0.00307388 -0.0030635 -0.0031643 -0.00312797 0.00174792 0.00174558 0.00168527 0.00167741 -0.00335031 -0.00334978 -0.00337862 -0.00337693 -0.00111446 -0.00111458 -0.00110056 -0.00110092 0.00169795 0.00169798 0.00173327 0.00173334 -0.00534229 -0.0053423 -0.00530067 -0.00530068 0.0111526 0.0111526 0.0111889 0.0111889 -0.0133057 -0.0133057 -0.0132905 -0.0132905 0.0107793 0.0107793 0.0107632 0.0107632 -0.00887177 -0.00887179 -0.00890312 -0.00890313
0.149 -0.00312852 -0.00336901 -0.00295535 -0.00318989 -0.0026032 -0.00255543 -0.00270515 -0.00265474 0.00251787 0.00250834 0.00239437 0.00238361 -0.00369324 -0.00369134 -0.00378026 -0.00377797 0.000258303 0.000257915 0.000214309 0.000213827 -0.000283388 -0.000283302 -0.000291271 -0.000291174 -0.00326457 -0.00326458 -0.0032384 -0.00323841 0.00815622 0.00815622 0.00820068 0.00820067 -0.0084178 -0.00841781 -0.00839009 -0.00839009 0.004501 0.004501 0.00448938 0.0044894 -0.00220329 -0.00220329 -0.0022353 -0.00223532
0.15 -0.00330697 -0.00364072 -0.0030975 -0.00336784 -0.00168297 -0.00161789 -0.00175551 -0.00169824 0.00229142 0.00227872 0.00216335 0.00215131 -0.00315662 -0.00315414 -0.00326546 -0.00326294 0.00124762 0.00124712 0.00116435 0.00116383 -0.00267225 -0.00267216 -0.0027199 -0.00271979 0.000348569 0.000348556 0.000347634 0.000347613 0.00254679 0.00254681 0.00257902 0.00257902 -0.000707621 -0.000707635 -0.000680159 -0.00068016 -0.00397178 -0.00397179 -0.00397319 -0.00397318 0.00623989 0.00623992 0.0062225 0.00622249
0.151 -0.00328978 -0.00355239 -0.00309134 -0.00331951 -0.000501951 -0.000452359 -0.000511052 -0.000463897 0.00121138 0.00120204 0.00113608 0.00112642 -0.00168848 -0.00168672 -0.0017728 -0.00177084 0.00137303 0.0013727 0.00128659 0.00128619 -0.00444242 -0.00444238 -0.00450891 -0.00450882 0.00382341 0.00382339 0.00379535 0.00379533 -0.00328966 -0.00328964 -0.00328493 -0.00328492 0.0067787 0.00677869 0.00679324 0.00679324 -0.0112071 -0.0112071 -0.0111972 -0.0111972 0.012925 0.0129251 0.012931 0.012931
0.152 -0.00300573 -0.00302338 -0.00288761 -0.00297575 0.0006444 0.000643934 0.000707203 0.000723381 -0.000295508 -0.000294595 -0.000284359 -0.000287224 0.000429541 0.000429199 0.000405688 0.000406169 0.000483067 0.000483179 0.000431408 0.000431334 -0.00479107 -0.0047911 -0.00484718 -0.00484717 0.00559167 0.00559167 0.0055483 0.00554829 -0.007034 -0.007034 -0.00705972 -0.00705972 0.0111897 0.0111897 0.0111846 0.0111846 -0.0142018 -0.0142018 -0.0141847 -0.0141847 0.0148659 0.0148659 0.0148929 0.014893
0.153 -0.0024671 -0.00211771 -0.00249664 -0.00236232 0.0014447 0.00137007 0.00155526 0.00152326 -0.00163978 -0.00162385 -0.00154649 -0.00153899 0.00262741 0.00262402 0.00267417 0.00267243 -0.00112213 -0.0011214 -0.00111587 -0.00111547 -0.00350999 -0.00351013 -0.00353113 -0.00353122 0.00485699 0.00485703 0.00481698 0.00481701 -0.00737042 -0.00737044 -0.00741548 -0.00741548 0.0110087 0.0110087 0.0109863 0.0109863 -0.0116202 -0.0116202 -0.0116037 -0.0116037 0.0108831 0.010883 0.0109189 0.0109189
0.154 -0.00177351 -0.00103561 -0.00199077 -0.00159983 0.00167589 0.00152318 0.0017862 0.0016994 -0.00226258 -0.00223092 -0.00212726 -0.00210812 0.00421786 0.00421128 0.00431514 0.00431094 -0.00276529 -0.00276392 -0.00270317 -0.00270225 -0.00109627 -0.00109654 -0.00107322 -0.00107343 0.00191513 0.00191519 0.00189599 0.00189604 -0.00447496 -0.00447498 -0.00451899 -0.004519 0.00662909 0.00662909 0.00659967 0.00659967 -0.00436482 -0.00436482 -0.00435677 -0.00435676 0.00215488 0.00215488 0.00218272 0.0021827
0.155 -0.00108585 -5.71662e-05 -0.00148526 -0.00087062 0.00128686 0.00107586 0.00134629 0.00121242 -0.0018388 -0.0017954 -0.00171976 -0.00169075 0.00464415 0.0046352 0.00475013 0.00474387 -0.00365064 -0.00364879 -0.0035593 -0.00355796 0.00145204 0.00145166 0.00150912 0.00150883 -0.00200067 -0.00200058 -0.00199021 -0.00199014 0.000132164 0.000132159 0.000109558 0.000109544 0.000137061 0.000137051 0.000114086 0.000114089 0.00476076 0.00476075 0.00475629 0.0047563 -0.00817978 -0.00817975 -0.00817342 -0.00817344
0.156 -0.000575842 0.000548223 -0.00110214 -0.000360338 0.00042954 0.000199366 0.000409085 0.000249291 -0.000414424 -0.000367147 -0.000363019 -0.000328734 0.00371274 0.003703 0.00378175 0.00377442 -0.0032062 -0.00320419 -0.00312544 -0.00312388 0.00306877 0.00306835 0.00313488 0.00313455 -0.00527206 -0.00527197 -0.00523602 -0.00523595 0.00429008 0.00429008 0.00429984 0.00429983 -0.00559683 -0.00559684 -0.00560286 -0.00560285 0.012165 0.012165 0.0121497 0.0121496 -0.0162205 -0.0162205 -0.0162393 -0.0162393
0.157 -0.000366692 0.000617894 -0.000927953 -0.000192795 -0.000579244 -0.000781817 -0.000671194 -0.000828205 0.00158133 0.00162314 0.00154274 0.00157618 0.0017114 0.00170275 0.00171352 0.00170641 -0.001362 -0.0013602 -0.00132739 -0.00132587 0.00309122 0.00309083 0.00313746 0.00313715 -0.0066001 -0.00660003 -0.00655371 -0.00655365 0.0061457 0.00614569 0.00618405 0.00618403 -0.008133 -0.00813299 -0.00811932 -0.00811931 0.0149085 0.0149085 0.014889 0.014889 -0.018833 -0.018833 -0.0188685 -0.0188685
0.158 -0.000485731 0.000162767 -0.000980695 -0.00038126 -0.00135842 -0.00149438 -0.00147693 -0.00160391 0.00346725 0.00349581 0.00335473 0.00338161 -0.000651259 -0.00065727 -0.000717278 -0.000722978 0.0013668 0.00136808 0.00133967 0.00134088 0.00156015 0.00155988 0.00156638 0.00156613 -0.00555428 -0.00555422 -0.00551758 -0.00551752 0.00494027 0.00494024 0.00499011 0.0049901 -0.00647787 -0.00647786 -0.00645074 -0.00645074 0.011888 0.0118881 0.0118734 0.0118734 -0.0148935 -0.0148935 -0.0149294 -0.0149294
0.159 -0.000847831 -0.000623207 -0.00119903 -0.000816065 -0.00159499 -0.00164697 -0.00167678 -0.00175715 0.00454781 0.0045597 0.00440891 0.00442585 -0.00248098 -0.00248367 -0.00258704 -0.00259063 0.0040453 0.00404591 0.00396784 0.0039686 -0.00078885 -0.000788974 -0.000825267 -0.000825435 -0.00273092 -0.00273089 -0.00272013 -0.00272008 0.00130374 0.00130372 0.00134234 0.00134233 -0.00148001 -0.00148001 -0.00145181 -0.00145181 0.00428448 0.00428449 0.00428168 0.00428169 -0.00575145 -0.00575146 -0.00577071 -0.00577071
0.16 -0.00127893 -0.00142047 -0.00145995 -0.00129662 -0.00116167 -0.00114115 -0.00115336 -0.00118727 0.00437523 0.00437271 0.00426856 0.00427575 -0.00302964 -0.00302947 -0.00313023 -0.00313178 0.00567921 0.00567923 0.00558507 0.00558541 -0.0028445 -0.00284451 -0.00290763 -0.00290771 0.000541483 0.000541492 0.000521098 0.000521118 -0.00305823 -0.00305823 -0.00304887 -0.00304887 0.00455114 0.00455113 0.00456758 0.00456758 -0.00490637 -0.00490638 -0.00489555 -0.00489554 0.00527992 0.00527995 0.00528687 0.00528687
0.161 -0.00157442 -0.00189278 -0.00162077 -0.00159964 -0.000174824 -0.000119208 -5.86561e-05 -6.33047e-05 0.00293606 0.00292655 0.00290635 0.00290754 -0.00199742 -0.00199585 -0.0020491 -0.00204941 0.00562679 0.00562654 0.00555724 0.00555732 -0.00361253 -0.0036125 -0.00367486 -0.00367488 0.00281389 0.00281388 0.00277054 0.00277053 -0.00613941 -0.00613939 -0.00616414 -0.00616414 0.00883785 0.00883784 0.00883506 0.00883506 -0.0120703 -0.0120703 -0.0120503 -0.0120503 0.0142022 0.0142022 0.0142327 0.0142327
0.162 -0.00157321 -0.0018108 -0.00157129 -0.00156069 0.0010342 0.00107411 0.00122911 0.00122537 0.00068444 0.000677994 0.000743474 0.000744711 0.000320288 0.000321267 0.000340201 0.000339831 0.00388706 0.00388693 0.00387279 0.00387291 -0.00266494 -0.00266494 -0.00269937 -0.00269939 0.00317132 0.00317132 0.00312343 0.00312343 -0.00652903 -0.00652902 -0.00657708 -0.00657709 0.00931943 0.00931943 0.0092987 0.00929871 -0.0144138 -0.0144138 -0.0143937 -0.0143937 0.0178724 0.0178724 0.0179126 0.0179126
0.163 -0.00122046 -0.0011442 -0.00127713 -0.00113893 0.00202985 0.00200817 0.00223695 0.00220488 -0.00160185 -0.00159618 -0.00148026 -0.00147284 0.00311257 0.00311116 0.00319611 0.00319439 0.00113251 0.00113286 0.0011801 0.0011805 -0.00034342 -0.000343506 -0.000335047 -0.000335129 0.00163907 0.00163909 0.00160751 0.00160753 -0.00403926 -0.00403928 -0.00408898 -0.00408899 0.00553438 0.00553439 0.00550515 0.00550515 -0.0110672 -0.0110672 -0.0110563 -0.0110563 0.015195 0.0151949 0.0152261 0.0152261
0.164 -0.00059423 -8.46454e-05 -0.000796978 -0.000439144 0.00242915 0.00232243 0.00257143 0.00249209 -0.0030977 -0.00307529 -0.00296659 -0.0029491 0.00534251 0.00533779 0.0054543 0.00545045 -0.00154142 -0.00154042 -0.0014526 -0.00145176 0.00237991 0.00237971 0.00242736 0.00242717 -0.000840579 -0.000840535 -0.000841581 -0.000841532 0.000207231 0.000207207 0.000178629 0.000178623 -0.00116759 -0.00116758 -0.00119205 -0.00119206 -0.00341077 -0.00341076 -0.00341449 -0.00341449 0.00749876 0.00749874 0.00750592 0.00750593
0.165 0.000116766 0.00101419 -0.000265427 0.000320176 0.00204795 0.00186523 0.00207131 0.00194387 -0.00323948 -0.00320214 -0.00315623 -0.00312867 0.00614214 0.00613447 0.00623439 0.00622846 -0.00305676 -0.00305518 -0.00296556 -0.00296429 0.00433049 0.00433018 0.00439634 0.00439606 -0.0028519 -0.00285183 -0.00282113 -0.00282106 0.00426716 0.00426715 0.0042731 0.00427309 -0.00817025 -0.00817025 -0.00817886 -0.00817887 0.00549894 0.00549893 0.00548179 0.00548179 -0.00203934 -0.00203932 -0.00205998 -0.00205998
0.166 0.00067864 0.00176171 0.000153924 0.000883621 0.000980185 0.000761328 0.000878602 0.000721697 -0.00194804 -0.00190364 -0.00194988 -0.00191632 0.00515868 0.00514963 0.00519167 0.00518454 -0.00280318 -0.00280133 -0.00274964 -0.00274813 0.0046632 0.00466282 0.00471887 0.00471854 -0.0031729 -0.00317282 -0.00312306 -0.00312299 0.00623227 0.00623227 0.00627053 0.00627052 -0.0126642 -0.0126642 -0.0126531 -0.0126531 0.012163 0.012163 0.0121399 0.0121399 -0.00968054 -0.00968051 -0.00971988 -0.00971989
0.167 0.000898441 0.00187633 0.000328782 0.00105356 -0.000423479 -0.000621192 -0.000602727 -0.000756935 0.000325114 0.000365243 0.000237106 0.000269781 0.00270983 0.00270166 0.00266901 0.00266211 -0.000905469 -0.000903797 -0.00091319 -0.000911731 0.00326126 0.00326091 0.00328268 0.00328237 -0.00136755 -0.00136747 -0.00132006 -0.00132001 0.00508099 0.00508099 0.00513454 0.00513452 -0.0128028 -0.0128028 -0.012777 -0.012777 0.0140309 0.0140309 0.0140124 0.0140124 -0.0125988 -0.0125988 -0.0126388 -0.0126388
0.168 0.000698816 0.00129702 0.000209278 0.000767199 -0.00167469 -0.00179719 -0.0018489 -0.00196605 0.00275322 0.0027784 0.00261485 0.00263941 -0.000322965 -0.000328152 -0.000420556 -0.000425699 0.00181356 0.00181464 0.00174785 0.00174893 0.000817189 0.000816959 0.000795185 0.000794969 0.00196734 0.00196739 0.00199147 0.00199151 0.00115627 0.00115626 0.00120088 0.00120086 -0.00846232 -0.00846232 -0.00843365 -0.00843364 0.0104893 0.0104893 0.0104841 0.0104842 -0.00995625 -0.00995628 -0.00997811 -0.00997811
0.169 0.000151944 0.000215782 -0.000150131 0.000125532 -0.00232285 -0.00233961 -0.00240807 -0.00246426 0.00443797 0.00444214 0.00430692 0.00431843 -0.00282963 -0.00283063 -0.00294236 -0.00294474 0.00417034 0.00417058 0.00407536 0.00407585 -0.00145326 -0.00145331 -0.00150905 -0.00150914 0.00542222 0.00542223 0.00541172 0.00541175 -0.00394195 -0.00394197 -0.00392673 -0.00392673 -0.00129487 -0.00129486 -0.00127623 -0.00127624 0.00305994 0.00305995 0.00307102 0.00307102 -0.00316269 -0.00316272 -0.00315582 -0.00315581
0.17 -0.000541954 -0.000984921 -0.000607507 -0.000638659 -0.00212234 -0.00203864 -0.00206951 -0.00206047 0.0047472 0.00473139 0.00467857 0.00467631 -0.00390611 -0.00390312 -0.00398544 -0.00398493 0.00512367 0.0051231 0.00504096 0.00504084 -0.00235061 -0.0023505 -0.002416 -0.00241598 0.00737882 0.00737879 0.00733738 0.00733739 -0.00801167 -0.00801167 -0.00803312 -0.00803311 0.0059451 0.0059451 0.00594535 0.00594533 -0.00525687 -0.00525688 -0.00523414 -0.00523415 0.00476339 0.0047634 0.00479637 0.00479639
0.171 -0.00112528 -0.00186923 -0.000983807 -0.00124368 -0.00112747 -0.000983673 -0.000944849 -0.000888141 0.00355568 0.00352784 0.00357836 0.00356621 -0.0032143 -0.0032089 -0.00322553 -0.00322296 0.00423249 0.00423144 0.00419818 0.00419764 -0.00125323 -0.00125302 -0.00129996 -0.00129986 0.00674149 0.00674145 0.00668663 0.0066866 -0.00917825 -0.00917823 -0.00922706 -0.00922704 0.0105186 0.0105186 0.0105004 0.0105004 -0.0112126 -0.0112126 -0.0111883 -0.0111883 0.0104538 0.0104539 0.010498 0.010498
0.172 -0.0013772 -0.00210892 -0.00112837 -0.00146218 0.000322775 0.000465064 0.000571062 0.000641922 0.00129295 0.00126523 0.00139701 0.00138215 -0.00111798 -0.00111257 -0.00105532 -0.00105222 0.00186821 0.00186715 0.00189717 0.00189653 0.00155099 0.00155119 0.00154301 0.00154313 0.003475 0.00347496 0.00343064 0.00343061 -0.00670548 -0.00670546 -0.0067598 -0.0067598 0.0108027 0.0108027 0.0107745 0.0107745 -0.0126072 -0.0126072 -0.0125927 -0.0125927 0.0115504 0.0115504 0.0115854 0.0115853
0.173 -0.00119567 -0.00160706 -0.000974667 -0.00120566 0.00172645 0.00180642 0.00194588 0.00199326 -0.00122287 -0.00123843 -0.00108231 -0.00109196 0.00146601 0.00146904 0.00157662 0.00157858 -0.000920408 -0.000920993 -0.000840999 -0.000841383 0.00492388 0.00492399 0.00495799 0.00495808 -0.00129845 -0.00129846 -0.00131235 -0.00131237 -0.00134121 -0.00134121 -0.00137646 -0.00137647 0.00692434 0.00692433 0.00689877 0.00689878 -0.00913053 -0.00913052 -0.00913279 -0.00913279 0.00761832 0.0076183 0.00762756 0.00762755
0.174 -0.000635616 -0.00053573 -0.000564844 -0.000557512 0.00260164 0.00258129 0.00270648 0.00270211 -0.00310155 -0.00309735 -0.00298543 -0.00298397 0.0034457 0.00344482 0.0035573 0.00355689 -0.00284553 -0.00284535 -0.00275046 -0.00275035 0.00732376 0.00732372 0.00738516 0.00738514 -0.00570563 -0.00570561 -0.00568208 -0.00568207 0.00495588 0.00495587 0.0049559 0.00495589 0.000671596 0.000671602 0.00066017 0.000660164 -0.00242125 -0.00242124 -0.00243977 -0.00243978 0.000261471 0.000261448 0.000240155 0.000240165
0.175 0.00011187 0.000727856 -3.33007e-05 0.000258694 0.00266117 0.00253891 0.00261092 0.00254583 -0.0037225 -0.00369811 -0.00368179 -0.00366749 0.00400819 0.00400331 0.00407275 0.00406963 -0.00294436 -0.00294338 -0.00287505 -0.00287439 0.00746467 0.00746447 0.00752686 0.00752672 -0.00787814 -0.00787811 -0.00782663 -0.00782659 0.00980185 0.00980184 0.00983754 0.00983754 -0.00526863 -0.00526862 -0.00526094 -0.00526096 0.00465902 0.00465901 0.0046323 0.00463229 -0.00758356 -0.00758356 -0.00762609 -0.00762607
0.176 0.000791628 0.00174295 0.000444359 0.000963488 0.00191186 0.00172264 0.00172942 0.00161678 -0.00296588 -0.00292807 -0.00301953 -0.00299531 0.00296173 0.00295415 0.00295079 0.00294561 -0.0010293 -0.00102778 -0.00101577 -0.00101468 0.00491146 0.00491116 0.00494772 0.00494748 -0.00674683 -0.00674677 -0.00668953 -0.00668948 0.0113619 0.0113618 0.0114175 0.0114175 -0.00842624 -0.00842623 -0.00840309 -0.0084031 0.00922061 0.0092206 0.00919783 0.00919783 -0.0128645 -0.0128645 -0.0129089 -0.0129089
0.177 0.00117984 0.00216975 0.000717125 0.00132578 0.000641219 0.000443011 0.00040454 0.00027422 -0.00124056 -0.00120072 -0.00136697 -0.00133923 0.000819123 0.000811089 0.000736372 0.000730505 0.00217705 0.00217868 0.00212922 0.00213045 0.000347083 0.00034675 0.000341907 0.000341637 -0.00253577 -0.0025357 -0.00249806 -0.002498 0.0091075 0.00910749 0.00915807 0.00915806 -0.00755245 -0.00755245 -0.00752434 -0.00752433 0.00951329 0.00951329 0.00950512 0.00950512 -0.013636 -0.013636 -0.0136615 -0.0136616
0.178 0.00116557 0.00189269 0.000713394 0.00124642 -0.000701696 -0.000849508 -0.000891269 -0.00100404 0.000700626 0.000730751 0.000554768 0.000578564 -0.00141847 -0.00142462 -0.00153825 -0.00154326 0.00529717 0.00529843 0.00520903 0.00521008 -0.00462346 -0.00462373 -0.00466772 -0.00466794 0.0032662 0.00326626 0.00326703 0.00326707 0.00403948 0.00403947 0.00406209 0.00406207 -0.003103 -0.003103 -0.00308249 -0.00308246 0.00559352 0.00559353 0.00560415 0.00560416 -0.00979431 -0.00979432 -0.00978885 -0.00978887
0.179 0.000786725 0.00105457 0.000463551 0.000788654 -0.00168187 -0.00173998 -0.00174167 -0.00180915 0.00208104 0.00209356 0.00197814 0.0019922 -0.00269273 -0.00269542 -0.00279826 -0.00280119 0.00685494 0.00685551 0.00676484 0.00676546 -0.00807595 -0.00807607 -0.0081402 -0.00814031 0.00846421 0.00846424 0.00842688 0.0084269 -0.0017209 -0.00172091 -0.0017368 -0.00173682 0.00298918 0.00298918 0.00299311 0.00299312 -0.000763752 -0.000763742 -0.000738693 -0.000738695 -0.00304536 -0.00304538 -0.00301082 -0.00301082
0.18 0.000207317 -1.04077e-05 8.21332e-05 0.000144793 -0.00203943 -0.00200153 -0.00194028 -0.00195156 0.00242205 0.00241553 0.0024068 0.00240892 -0.0023561 -0.00235499 -0.00240144 -0.00240187 0.00591058 0.00591039 0.00585745 0.00585754 -0.00854368 -0.00854365 -0.00860034 -0.00860035 0.0110299 0.0110299 0.0109701 0.0109701 -0.00580444 -0.00580444 -0.0058521 -0.00585209 0.00814504 0.00814505 0.00813087 0.00813086 -0.00684906 -0.00684906 -0.00682074 -0.00682075 0.00385504 0.00385504 0.00390318 0.00390321
0.181 -0.000353539 -0.000916027 -0.000282164 -0.000446152 -0.00177203 -0.00166454 -0.00155101 -0.00151441 0.0017317 0.0017111 0.00181154 0.00180359 -0.000476504 -0.000472542 -0.000441124 -0.000439432 0.00250747 0.00250671 0.002514 0.00251364 -0.00565026 -0.00565011 -0.00567512 -0.00567506 0.009933 0.00993296 0.00987698 0.00987698 -0.0065699 -0.00656989 -0.00662811 -0.00662809 0.01022 0.01022 0.0101942 0.0101942 -0.010156 -0.010156 -0.0101374 -0.0101374 0.00825342 0.00825343 0.00829307 0.00829308
0.182 -0.000710805 -0.00137776 -0.000507389 -0.000795014 -0.00110791 -0.00097707 -0.000853522 -0.000791388 0.000480868 0.000455115 0.000622256 0.000608988 0.00215781 0.0021629 0.0022598 0.00226261 -0.00226928 -0.00227028 -0.00220629 -0.00220688 -0.000326486 -0.000326288 -0.000309035 -0.000308924 0.00558499 0.00558494 0.00555781 0.00555779 -0.00377795 -0.00377794 -0.0038205 -0.0038205 0.00838306 0.00838306 0.00835718 0.00835718 -0.00939614 -0.00939614 -0.00939602 -0.00939601 0.00866135 0.00866135 0.00867393 0.00867392
0.183 -0.000783791 -0.00131765 -0.000544686 -0.000833166 -0.000385094 -0.000277253 -0.000200647 -0.000139106 -0.000622898 -0.000644734 -0.000480582 -0.000493657 0.00434753 0.00435196 0.00447291 0.00447569 -0.00666831 -0.0066692 -0.00657632 -0.00657691 0.00549826 0.00549844 0.00555045 0.00555057 -0.000299338 -0.000299371 -0.000284922 -0.000284953 0.00131669 0.00131669 0.0013092 0.00130919 0.00343476 0.00343475 0.00342014 0.00342016 -0.0049794 -0.00497939 -0.00499831 -0.0049983 0.00529939 0.00529938 0.00527857 0.00527854
0.184 -0.000618784 -0.000877924 -0.000431054 -0.000628627 0.000108401 0.00016489 0.000147925 0.000189686 -0.000966636 -0.000978861 -0.000885373 -0.000894258 0.00498615 0.00498878 0.00508096 0.00508287 -0.00894712 -0.00894768 -0.00886586 -0.00886626 0.0096253 0.00962542 0.00968989 0.00968999 -0.00537775 -0.00537776 -0.00532731 -0.00532734 0.00649312 0.00649313 0.00652446 0.00652446 -0.00255653 -0.00255654 -0.00255363 -0.00255362 0.00121855 0.00121856 0.0011888 0.00118879 -7.91793e-05 -7.91841e-05 -0.000124342 -0.000124345
0.185 -0.000355779 -0.000339886 -0.000263971 -0.000342238 0.000262083 0.000265826 0.000141682 0.000158086 -0.000324379 -0.000326454 -0.000340849 -0.000344421 0.00355159 0.00355225 0.00357444 0.00357523 -0.00808146 -0.00808166 -0.00804578 -0.00804596 0.0104536 0.0104536 0.0105031 0.0105031 -0.00762582 -0.00762582 -0.00756118 -0.00756119 0.00949224 0.00949224 0.00954864 0.00954865 -0.00713582 -0.00713582 -0.0071169 -0.00711691 0.00668241 0.00668241 0.00665516 0.00665515 -0.00498399 -0.00498398 -0.00503298 -0.00503295
0.186 -0.000155115 1.49526e-05 -0.000149824 -0.000144395 0.000181608 0.000154527 -4.69772e-05 -4.80387e-05 0.00101986 0.00102397 0.000910437 0.000910501 0.000375032 0.000374461 0.000315295 0.000315331 -0.00421766 -0.0042176 -0.00424264 -0.00424266 0.00763457 0.00763457 0.00764797 0.00764797 -0.00616648 -0.00616649 -0.00611623 -0.00611623 0.00895856 0.00895857 0.00901478 0.00901479 -0.00848424 -0.00848423 -0.00845776 -0.00845778 0.00931555 0.00931554 0.00930332 0.00930331 -0.00725082 -0.00725082 -0.007281 -0.00728098
0.187 -0.000117227 3.96063e-05 -0.000149541 -0.000130001 0.000121054 9.42207e-05 -0.000118447 -0.000122204 0.00237892 0.00238344 0.0022214 0.00222204 -0.00343802 -0.00343876 -0.00355519 -0.00355527 0.00132893 0.00132905 0.00125425 0.00125425 0.00224172 0.0022417 0.00221342 0.00221341 -0.00164058 -0.00164059 -0.00162742 -0.00162741 0.00500476 0.00500476 0.00503537 0.00503537 -0.00615574 -0.00615573 -0.00613333 -0.00613334 0.00828512 0.00828512 0.00829387 0.00829388 -0.00592331 -0.00592332 -0.0059204 -0.00592042
0.188 -0.000232049 -0.000208475 -0.000246385 -0.000270423 0.000339088 0.000334785 0.000190914 0.000196334 0.00296129 0.00296208 0.00282205 0.00282085 -0.00641853 -0.00641867 -0.00654271 -0.00654244 0.00654673 0.00654677 0.00645454 0.00645447 -0.0036281 -0.0036281 -0.00368604 -0.00368603 0.00404044 0.00404044 0.00401 0.00401 -0.000834847 -0.000834851 -0.000843931 -0.000843942 -0.0012274 -0.00122741 -0.00121878 -0.00121876 0.00431133 0.00431134 0.00433761 0.00433762 -0.00159582 -0.00159583 -0.00156066 -0.00156069
0.189 -0.000381979 -0.000495191 -0.000351433 -0.000425438 0.000944816 0.000963341 0.00095215 0.000967522 0.00223849 0.00223556 0.0021774 0.00217432 -0.00732011 -0.00731967 -0.0073974 -0.0073968 0.00949727 0.00949722 0.00942709 0.00942697 -0.00767312 -0.00767311 -0.00773616 -0.00773612 0.00846561 0.00846562 0.00840444 0.00840442 -0.00624068 -0.00624069 -0.00628572 -0.00628573 0.0041868 0.00418679 0.00417805 0.00417807 -0.00069962 -0.000699614 -0.000667338 -0.00066734 0.00390314 0.00390314 0.00395478 0.00395477
0.19 -0.000398913 -0.000525423 -0.000345801 -0.000411829 0.00180671 0.00182442 0.0019682 0.00198074 0.000222016 0.000219923 0.000266833 0.00026463 -0.00564447 -0.00564434 -0.00564097 -0.00564063 0.0090789 0.00907892 0.0090607 0.00906066 -0.00830302 -0.00830303 -0.00834448 -0.00834447 0.00970821 0.00970823 0.00964308 0.00964307 -0.00906807 -0.00906806 -0.009129 -0.00912899 0.00784262 0.00784262 0.00782047 0.00782047 -0.00450284 -0.00450284 -0.00447912 -0.00447913 0.00832875 0.00832877 0.00837326 0.00837328
0.191 -0.000151378 -9.68305e-05 -0.00014197 -9.95103e-05 0.00257317 0.00255335 0.00282179 0.00281008 -0.00247806 -0.00247235 -0.00234404 -0.00234088 -0.00188508 -0.00188657 -0.00180187 -0.00180271 0.00547659 0.00547694 0.00551807 0.00551829 -0.00528379 -0.00528388 -0.00528614 -0.0052862 0.00712047 0.00712049 0.00708034 0.00708036 -0.00823117 -0.00823117 -0.00828056 -0.00828055 0.00830486 0.00830487 0.00827903 0.00827901 -0.00547121 -0.00547122 -0.00546708 -0.00546709 0.00997747 0.00997748 0.00999424 0.00999426
0.192 0.00037706 0.000777402 0.000263078 0.000507969 0.00280572 0.00271791 0.00303638 0.00298095 -0.00485343 -0.00483429 -0.004685 -0.0046725 0.00262394 0.00261979 0.00275098 0.00274818 0.000108633 0.000109529 0.000191967 0.000192596 0.00015373 0.000153533 0.000191547 0.000191396 0.00161169 0.00161172 0.00161478 0.00161483 -0.00414438 -0.00414439 -0.00415982 -0.00415982 0.00552584 0.00552585 0.00550754 0.00550753 -0.00325613 -0.00325613 -0.003274 -0.00327399 0.00837755 0.00837754 0.00835852 0.00835851
0.193 0.00105546 0.00183609 0.000768344 0.0012474 0.00217485 0.00201409 0.00228846 0.00218357 -0.00588855 -0.00585538 -0.00575593 -0.00573311 0.00620778 0.00620093 0.00632349 0.00631855 -0.00491946 -0.00491803 -0.00482996 -0.0048289 0.0057934 0.00579311 0.00585555 0.00585532 -0.00470781 -0.00470775 -0.00466227 -0.00466221 0.00145977 0.00145975 0.00148551 0.00148549 0.000828211 0.000828219 0.000825332 0.000825342 0.00111536 0.00111537 0.00108303 0.00108304 0.00443244 0.00443243 0.00438593 0.00438591
0.194 0.00163852 0.00265064 0.0011952 0.00184161 0.000636356 0.000433222 0.000582157 0.000443157 -0.00498872 -0.0049478 -0.00494815 -0.00491847 0.00750866 0.00750039 0.00756256 0.00755626 -0.00764354 -0.00764186 -0.00758615 -0.00758482 0.00931466 0.00931432 0.00937501 0.00937474 -0.00937485 -0.00937478 -0.00930657 -0.00930652 0.006257 0.00625698 0.00631253 0.0063125 -0.003688 -0.003688 -0.00367429 -0.00367427 0.00572906 0.00572906 0.00569659 0.00569659 -2.26177e-05 -2.26097e-05 -7.5572e-05 -7.55818e-05
0.195 0.00185685 0.00279318 0.00135268 0.00200378 -0.00149235 -0.00167692 -0.00169415 -0.0018318 -0.0022671 -0.00223057 -0.00233693 -0.00230804 0.00603826 0.006031 0.00600665 0.00600062 -0.00702303 -0.00702159 -0.00702226 -0.00702101 0.0092231 0.00922281 0.00925617 0.00925592 -0.010569 -0.010569 -0.0105081 -0.010508 0.00829685 0.00829684 0.00835722 0.00835722 -0.00605281 -0.00605282 -0.00602852 -0.00602852 0.0086318 0.0086318 0.00861401 0.00861399 -0.00304113 -0.00304111 -0.00307634 -0.00307633
0.196 0.00153046 0.00202629 0.00111724 0.00156053 -0.0036004 -0.00369494 -0.00386553 -0.00395644 0.00143866 0.00145674 0.0012861 0.0013046 0.00239632 0.00239285 0.00229271 0.00228896 -0.00336125 -0.0033606 -0.00341739 -0.00341663 0.00545553 0.0054554 0.00544717 0.00544701 -0.0078494 -0.00784937 -0.00782288 -0.00782286 0.00680515 0.00680515 0.00684312 0.00684312 -0.00525923 -0.00525923 -0.00523494 -0.00523495 0.00866767 0.00866766 0.00867308 0.00867307 -0.00340058 -0.00340057 -0.00340175 -0.00340173
0.197 0.000658926 0.000434283 0.000494145 0.000542577 -0.00498242 -0.0049327 -0.00519675 -0.00520182 0.00484439 0.00483349 0.00467166 0.00467166 -0.00194427 -0.00194189 -0.00207492 -0.0020747 0.00181025 0.00180973 0.00172125 0.00172117 -0.000586926 -0.000586819 -0.000633562 -0.000633544 -0.00233118 -0.00233121 -0.00235126 -0.00235126 0.00249144 0.00249144 0.00248976 0.00248977 -0.00167132 -0.00167131 -0.00165758 -0.0016576 0.00594613 0.00594613 0.00597294 0.00597295 -0.00109542 -0.00109544 -0.00106167 -0.00106168
0.198 -0.000552331 -0.00156542 -0.000366828 -0.000798315 -0.00509877 -0.00489252 -0.00516605 -0.00506856 0.00669603 0.00665393 0.00657459 0.00655283 -0.00521143 -0.00520281 -0.00531226 -0.00530745 0.00634272 0.00634095 0.00625894 0.00625788 -0.00659381 -0.00659345 -0.0066594 -0.00665917 0.00376921 0.00376912 0.00371093 0.00371089 -0.00276226 -0.00276225 -0.00280293 -0.00280293 0.00315717 0.00315718 0.00315441 0.0031544 0.00175305 0.00175306 0.00178964 0.00178966 0.00271136 0.00271134 0.00276498 0.00276496
0.199 -0.00174648 -0.00334636 -0.00121221 -0.00206013 -0.00379659 -0.00347453 -0.00367998 -0.0034951 0.00626252 0.00619747 0.0062428 0.00620282 -0.00604431 -0.00603113 -0.00607131 -0.00606272 0.0083348 0.00833213 0.00829203 0.00829019 -0.0102662 -0.0102657 -0.0103232 -0.0103228 0.00803419 0.00803407 0.0079631 0.00796302 -0.00669656 -0.00669654 -0.00675796 -0.00675795 0.00716638 0.00716637 0.00714834 0.00714835 -0.00204174 -0.00204174 -0.00201181 -0.00201182 0.0062396 0.00623961 0.00628889 0.00628888
0.2 -0.0025351 -0.00429285 -0.00177009 -0.00282759 -0.00139998 -0.00104733 -0.00113984 -0.000912942 0.00364741 0.0035764 0.00373757 0.0036892 -0.00405561 -0.00404127 -0.00399677 -0.00398652 0.00690368 0.00690078 0.00692011 0.00691794 -0.0102324 -0.0102318 -0.0102565 -0.0102561 0.00882141 0.0088213 0.00876882 0.00876871 -0.00761905 -0.00761902 -0.00767352 -0.0076735 0.00867721 0.00867719 0.00865178 0.00865179 -0.00381207 -0.00381207 -0.0038027 -0.00380271 0.00789251 0.00789253 0.00791502 0.00791503
0.201 -0.00264032 -0.00403398 -0.00184921 -0.00282556 0.00137565 0.00165559 0.00167583 0.00188231 -0.00021403 -0.000270461 -5.17716e-05 -9.52385e-05 -1.39641e-05 -2.55663e-06 0.000105478 0.000114591 0.00254976 0.00254744 0.00261823 0.00261633 -0.0065886 -0.00658813 -0.00656906 -0.00656866 0.00591806 0.00591798 0.00590735 0.00590726 -0.00510364 -0.00510362 -0.00512664 -0.00512662 0.00710162 0.0071016 0.00707989 0.00707989 -0.00287546 -0.00287546 -0.00289153 -0.00289154 0.00695216 0.00695217 0.00693742 0.00693743
0.202 -0.00200452 -0.00259942 -0.00141371 -0.00202927 0.0036625 0.00378376 0.00387708 0.0040041 -0.00388459 -0.00390938 -0.00371822 -0.00374441 0.00443711 0.00444219 0.00456565 0.00457104 -0.0030359 -0.00303695 -0.00294482 -0.00294592 -0.000846824 -0.000846614 -0.000791254 -0.000791036 0.000608352 0.000608312 0.000644663 0.000644619 -0.000156624 -0.000156616 -0.000137822 -0.000137807 0.00317674 0.00317675 0.00316819 0.00316818 0.000234101 0.000234104 0.000199249 0.000199259 0.00387057 0.00387055 0.00382487 0.00382487
0.203 -0.000822627 -0.000430862 -0.000602963 -0.000685841 0.00474818 0.00467341 0.00478102 0.00479332 -0.0059638 -0.0059495 -0.00586301 -0.0058647 0.00742179 0.00741905 0.00750395 0.00750416 -0.00764778 -0.00764726 -0.0075731 -0.00757312 0.00468631 0.00468621 0.00475484 0.00475484 -0.00486837 -0.00486837 -0.00480059 -0.00480058 0.00521436 0.00521435 0.00526644 0.00526643 -0.00136959 -0.00136957 -0.00136129 -0.00136129 0.00402975 0.00402975 0.00399159 0.0039916 3.91653e-05 3.91421e-05 -1.71344e-05 -1.71434e-05
0.204 0.000519473 0.00176306 0.000313634 0.000765917 0.00433692 0.00409234 0.00416263 0.00406142 -0.00563014 -0.00558187 -0.00563697 -0.00561473 0.00758526 0.00757571 0.0075856 0.00758078 -0.00945494 -0.00945303 -0.00942854 -0.00942751 0.00784627 0.0078459 0.00789871 0.0078985 -0.00824178 -0.00824172 -0.00817206 -0.00817201 0.00884259 0.00884257 0.00890445 0.00890443 -0.00457165 -0.00457164 -0.00455015 -0.00455014 0.00674651 0.00674651 0.00672247 0.00672246 -0.0028506 -0.0028506 -0.00289217 -0.00289217
0.205 0.0015806 0.00325885 0.00103227 0.00185053 0.00266235 0.00232983 0.00233966 0.00216247 -0.00297373 -0.00290763 -0.00308481 -0.00304682 0.00465686 0.00464367 0.00457519 0.0045671 -0.00774394 -0.00774129 -0.00777692 -0.00777522 0.00748044 0.00747991 0.00749402 0.00749367 -0.00813477 -0.00813466 -0.00809379 -0.00809372 0.00930081 0.00930079 0.00934466 0.00934464 -0.00507008 -0.0050701 -0.0050448 -0.00504479 0.0071262 0.00712619 0.00712767 0.00712765 -0.00356688 -0.00356686 -0.00357478 -0.00357477
0.206 0.00202459 0.00358381 0.00132547 0.00222888 0.00040401 9.25648e-05 5.50173e-05 -0.000137601 0.00101686 0.00107926 0.000848971 0.000889792 -0.000407615 -0.000420158 -0.000536233 -0.000544849 -0.00321351 -0.00321099 -0.00329153 -0.00328972 0.00389825 0.00389773 0.00386635 0.00386597 -0.00460938 -0.00460926 -0.00461549 -0.00461541 0.00648126 0.00648125 0.00648753 0.00648752 -0.00268647 -0.00268649 -0.00266844 -0.00266843 0.0049681 0.0049681 0.00499503 0.00499502 -0.00188078 -0.00188076 -0.00185101 -0.00185101
0.207 0.00174426 0.0026933 0.00112604 0.00182335 -0.00156524 -0.00175851 -0.00180247 -0.00194879 0.00481694 0.00485639 0.00466375 0.0046944 -0.00577045 -0.00577851 -0.00589092 -0.00589734 0.00230137 0.00230302 0.00221188 0.00221323 -0.00127854 -0.00127888 -0.00134313 -0.00134342 0.000884672 0.000884754 0.000833659 0.000833714 0.00161987 0.00161985 0.00158597 0.00158596 0.00151395 0.00151396 0.00151691 0.00151691 0.00120779 0.0012078 0.00124841 0.00124842 0.00134335 0.00134334 0.00139785 0.00139784
0.208 0.000900817 0.000988896 0.000551274 0.000845831 -0.00250758 -0.00253247 -0.00253449 -0.00259382 0.00694301 0.00694943 0.00686987 0.00688195 -0.00941538 -0.00941694 -0.00947632 -0.0094788 0.00656735 0.00656771 0.00650468 0.0065052 -0.00579965 -0.00579973 -0.0058698 -0.00586992 0.00612942 0.00612943 0.00605544 0.00605546 -0.00323806 -0.00323807 -0.00329671 -0.00329672 0.00569213 0.00569215 0.00567879 0.00567879 -0.00250535 -0.00250535 -0.00246936 -0.00246935 0.00454564 0.00454562 0.00460065 0.00460065
0.209 -0.000138294 -0.000832876 -0.000142654 -0.000283616 -0.00209978 -0.00197057 -0.00189834 -0.00186532 0.00652396 0.00649994 0.00656239 0.00655503 -0.00993583 -0.00993138 -0.00991157 -0.00990999 0.0078558 0.00785498 0.0078466 0.00784626 -0.00772045 -0.00772029 -0.00776601 -0.00776594 0.00906281 0.00906276 0.00899816 0.00899816 -0.00609972 -0.00609972 -0.00615677 -0.00615677 0.0080308 0.00803081 0.00800704 0.00800704 -0.0045425 -0.0045425 -0.00452772 -0.00452773 0.00617676 0.00617675 0.00620747 0.00620748
0.21 -0.000940455 -0.00204577 -0.000659754 -0.00109808 -0.000555919 -0.000344632 -0.000198143 -0.000103575 0.00364383 0.00360338 0.00377807 0.00375802 -0.00709604 -0.00708829 -0.00699744 -0.00699326 0.00564623 0.00564475 0.00569416 0.00569329 -0.00620156 -0.00620128 -0.00620232 -0.00620213 0.00862182 0.00862176 0.00859509 0.00859506 -0.00584964 -0.00584962 -0.00587968 -0.00587967 0.00751229 0.00751228 0.00748852 0.00748852 -0.00401767 -0.00401768 -0.0040313 -0.00403131 0.00539781 0.00539783 0.00538997 0.00538999
0.211 -0.00117468 -0.00217241 -0.000778916 -0.00126368 0.00145568 0.00164787 0.0018344 0.00193644 -0.000680119 -0.000717204 -0.000506551 -0.00052778 -0.00193933 -0.00193217 -0.00180891 -0.00180454 0.000843989 0.00084261 0.000928331 0.000927433 -0.00184666 -0.0018464 -0.00180135 -0.00180116 0.00515707 0.00515703 0.00518049 0.00518045 -0.00269306 -0.00269305 -0.002683 -0.00268298 0.00434609 0.00434607 0.00433265 0.00433265 -0.00118153 -0.00118153 -0.00121785 -0.00121785 0.00246416 0.00246417 0.00242065 0.00242065
0.212 -0.000739914 -0.00116866 -0.000440176 -0.000708878 0.00307093 0.0031535 0.00332471 0.00337869 -0.004879 -0.0048949 -0.00473954 -0.00475031 0.00360451 0.00360756 0.00371097 0.0037131 -0.00457781 -0.0045784 -0.00449316 -0.00449357 0.00355756 0.00355767 0.00363024 0.00363032 0.000253718 0.000253714 0.000317607 0.000317584 0.00196124 0.00196124 0.00200654 0.00200655 -0.000133171 -0.000133178 -0.000130505 -0.000130503 0.00268521 0.00268521 0.0026424 0.00264241 -0.00137728 -0.00137729 -0.00143745 -0.00143747
0.213 0.000194955 0.000558246 0.000231065 0.000347111 0.00356556 0.00349429 0.00359623 0.00356747 -0.00742829 -0.0074142 -0.00738233 -0.00737553 0.00746232 0.00745951 0.00749972 0.00749816 -0.00836958 -0.00836903 -0.00832062 -0.00832026 0.00778845 0.00778834 0.0078575 0.00785742 -0.0039576 -0.00395757 -0.00388088 -0.00388087 0.00612026 0.00612025 0.00618036 0.00618035 -0.00404818 -0.00404817 -0.00403069 -0.00403069 0.00583141 0.00583141 0.00580156 0.00580156 -0.00443352 -0.00443353 -0.00448344 -0.00448345
0.214 0.00125556 0.0023063 0.000971595 0.00147843 0.0026387 0.00243337 0.00243577 0.00232462 -0.00742821 -0.00738791 -0.00749599 -0.00747197 0.00822073 0.00821278 0.00817378 0.00816866 -0.00891156 -0.00890999 -0.00891889 -0.0089178 0.0091111 0.0091108 0.00914643 0.00914621 -0.00570483 -0.00570478 -0.00564896 -0.00564891 0.00805863 0.00805862 0.00810679 0.00810677 -0.00578753 -0.00578751 -0.00576294 -0.00576294 0.00680383 0.00680382 0.00680071 0.00680071 -0.0053153 -0.00531531 -0.00533218 -0.00533216
0.215 0.00200648 0.00335011 0.00148167 0.00221717 0.000534582 0.000271943 0.000180513 2.29026e-05 -0.00494383 -0.00489231 -0.00509775 -0.00506433 0.00567328 0.00566313 0.00556273 0.0055557 -0.00586974 -0.00586773 -0.00592992 -0.00592846 0.00699673 0.00699633 0.00698232 0.00698202 -0.00431245 -0.00431238 -0.00430237 -0.00430229 0.00703959 0.00703958 0.00705471 0.0070547 -0.00469141 -0.00469141 -0.00467046 -0.00467046 0.00508857 0.00508856 0.00511397 0.00511397 -0.00356249 -0.00356248 -0.00353801 -0.00353799
0.216 0.00212004 0.00322278 0.00154095 0.00223492 -0.00204509 -0.00226063 -0.00240712 -0.00255303 -0.0009731 -0.000930857 -0.00114924 -0.00111879 0.000895681 0.00088738 0.000769125 0.000762804 -0.000336687 -0.000335043 -0.000423908 -0.000422612 0.00234023 0.0023399 0.00228142 0.00228115 -0.000466134 -0.000466062 -0.000506912 -0.000506852 0.00360198 0.00360197 0.0035778 0.00357779 -0.00132134 -0.00132136 -0.00131305 -0.00131305 0.00134565 0.00134565 0.0013884 0.0013884 0.000131193 0.000131205 0.000186773 0.000186774
0.217 0.00150423 0.00189878 0.00109428 0.0014712 -0.00420481 -0.0042814 -0.00442808 -0.00450403 0.00294384 0.0029587 0.0028189 0.00283414 -0.00418038 -0.00418325 -0.00426903 -0.00427208 0.00559968 0.00560023 0.00552251 0.00552312 -0.00291102 -0.00291113 -0.00298943 -0.00298955 0.00410109 0.00410113 0.00402678 0.0040268 -0.000701579 -0.000701588 -0.000753953 -0.000753951 0.00279833 0.00279832 0.00279053 0.00279054 -0.00286707 -0.00286707 -0.00282615 -0.00282615 0.00419669 0.00419669 0.00425873 0.00425871
0.218 0.000340205 -0.000192921 0.000274123 0.000158856 -0.0051935 -0.00508746 -0.00518702 -0.005157 0.00532114 0.00529991 0.00529944 0.00529209 -0.00752656 -0.00752228 -0.00754003 -0.00753829 0.00968585 0.00968498 0.00965134 0.00965095 -0.00656209 -0.0065619 -0.00662625 -0.00662617 0.00736234 0.00736231 0.00728692 0.00728689 -0.00399517 -0.00399518 -0.00405242 -0.00405242 0.00585093 0.00585094 0.0058306 0.00583061 -0.00576256 -0.00576256 -0.00574199 -0.00574199 0.0068552 0.00685519 0.0068956 0.00689559
0.219 -0.000985179 -0.00233064 -0.000648943 -0.00126307 -0.004687 -0.00442018 -0.00445277 -0.00431707 0.00529714 0.005244 0.00538744 0.00535785 -0.0078105 -0.00779988 -0.00774374 -0.00773734 0.0103973 0.0103952 0.0104198 0.0104184 -0.00707582 -0.00707538 -0.00709752 -0.00709723 0.0078675 0.0078674 0.00782435 0.00782428 -0.00489723 -0.00489721 -0.00493423 -0.00493422 0.00651742 0.00651744 0.00649349 0.00649349 -0.00609723 -0.00609723 -0.0061065 -0.00610651 0.00688558 0.00688558 0.00688549 0.0068855
0.22 -0.00202541 -0.00377387 -0.00136833 -0.00231523 -0.00290649 -0.00255861 -0.00253942 -0.00233488 0.00295705 0.00288757 0.00312114 0.00307733 -0.00490998 -0.00489606 -0.00479191 -0.00478259 0.00753915 0.00753636 0.0076087 0.00760673 -0.00420539 -0.00420482 -0.00417442 -0.004174 0.00536154 0.00536141 0.00537022 0.00537014 -0.00311252 -0.00311248 -0.00311336 -0.00311334 0.00454349 0.00454348 0.00452628 0.00452626 -0.00371317 -0.00371317 -0.0037484 -0.0037484 0.00416179 0.00416179 0.00412042 0.00412044
0.221 -0.00244238 -0.00404298 -0.00165651 -0.00265824 -0.000528434 -0.000207538 -0.000178533 3.49247e-05 -0.000714361 -0.000778914 -0.000545564 -0.000590807 5.16394e-05 6.46612e-05 0.000170754 0.000180298 0.00231305 0.00231042 0.00239998 0.00239797 0.000905564 0.000906087 0.000976553 0.000976978 0.00089029 0.000890183 0.000947627 0.000947551 0.000454327 0.000454359 0.000489583 0.000489603 0.000839303 0.000839285 0.000836099 0.000836084 0.000385657 0.000385662 0.000340071 0.000340072 -0.000274183 -0.00027418 -0.000338739 -0.000338732
0.222 -0.00213158 -0.00309698 -0.00144869 -0.00221773 0.00157758 0.00177522 0.00176566 0.00192711 -0.00422724 -0.00426778 -0.00412462 -0.00415847 0.00515849 0.00516682 0.00522856 0.00523565 -0.00317186 -0.00317357 -0.00310439 -0.00310588 0.00619426 0.0061946 0.00627495 0.00627526 -0.00364864 -0.0036487 -0.00356748 -0.00356754 0.00410916 0.00410917 0.00416476 0.00416477 -0.00292898 -0.00292899 -0.00291703 -0.00291703 0.00445797 0.00445798 0.00442239 0.00442239 -0.00463924 -0.00463924 -0.00469794 -0.00469795
0.223 -0.00125664 -0.00134153 -0.00086329 -0.00120683 0.00268052 0.00270553 0.00262618 0.00269572 -0.00617085 -0.00617743 -0.00617724 -0.00619146 0.00846087 0.0084625 0.00845307 0.008456 -0.00674531 -0.00674571 -0.00672569 -0.0067263 0.00952553 0.00952562 0.00958085 0.00958098 -0.00631714 -0.00631715 -0.00624792 -0.00624796 0.00612203 0.00612202 0.00617357 0.00617358 -0.00507699 -0.00507698 -0.00505523 -0.00505522 0.00676903 0.00676903 0.00675947 0.00675948 -0.00715654 -0.00715654 -0.00718242 -0.00718244
0.224 -0.000181119 0.000533849 -0.000152114 -3.86218e-05 0.00246076 0.00232748 0.00218043 0.00215288 -0.00575789 -0.00573304 -0.00587005 -0.00586379 0.00873753 0.0087329 0.00865608 0.00865473 -0.00703695 -0.00703609 -0.00707316 -0.00707287 0.00956422 0.00956408 0.00956963 0.00956957 -0.00596499 -0.00596497 -0.00593859 -0.00593859 0.00549602 0.00549601 0.00552117 0.00552116 -0.00464723 -0.00464722 -0.00462509 -0.00462509 0.00633391 0.00633391 0.0063549 0.00635489 -0.00680462 -0.00680462 -0.00678528 -0.00678528
0.225 0.000674857 0.00182443 0.000399359 0.000836065 0.00112013 0.000899011 0.000720999 0.000626189 -0.003118 -0.00307537 -0.00328805 -0.00326782 0.00596164 0.00595339 0.00584157 0.00583732 -0.00400773 -0.00400613 -0.00408416 -0.00408327 0.006315 0.0063147 0.00626737 0.00626719 -0.00272372 -0.00272367 -0.00275234 -0.0027523 0.00241684 0.00241684 0.00240491 0.0024049 -0.0018364 -0.00183639 -0.00182328 -0.0018233 0.00333998 0.00333997 0.00338242 0.00338242 -0.00374817 -0.00374817 -0.0036917 -0.00369168
0.226 0.00099648 0.0020794 0.000582325 0.00110166 -0.000710381 -0.000921579 -0.00107349 -0.0011837 0.000768917 0.000810196 0.000613287 0.000636439 0.00129128 0.00128319 0.00118328 0.00117846 0.00105696 0.00105855 0.000972751 0.000973747 0.00111008 0.00110976 0.00102944 0.00102924 0.00204337 0.00204343 0.00197191 0.00197197 -0.00181384 -0.00181384 -0.00185737 -0.00185738 0.00208289 0.00208288 0.00208159 0.00208157 -0.000934264 -0.00093426 -0.00088907 -0.000889069 0.00073439 0.000734386 0.000802727 0.000802742
0.227 0.000691958 0.00126764 0.000342815 0.000694838 -0.00222591 -0.0023405 -0.00241294 -0.00248563 0.00446716 0.00448997 0.00439213 0.0044071 -0.00340431 -0.00340886 -0.00345536 -0.00345844 0.00608249 0.00608339 0.00602603 0.00602665 -0.00394626 -0.00394645 -0.00402514 -0.00402526 0.00631447 0.00631452 0.00623153 0.00623156 -0.00533558 -0.00533559 -0.00539163 -0.00539164 0.00531456 0.00531456 0.00529967 0.00529967 -0.00466967 -0.00466967 -0.00464183 -0.00464183 0.00479546 0.00479546 0.00484457 0.00484456
0.228 -7.86027e-05 -0.000222085 -0.00020186 -0.000178645 -0.00276412 -0.00273954 -0.00270612 -0.00270797 0.00664731 0.00664312 0.00668504 0.00668495 -0.00628859 -0.00628787 -0.00626226 -0.00626218 0.00904672 0.0090466 0.00904163 0.00904159 -0.00684421 -0.00684419 -0.00688682 -0.00688681 0.00826368 0.00826368 0.008206 0.00820598 -0.00653916 -0.00653917 -0.00658335 -0.00658335 0.00632812 0.00632812 0.00630616 0.00630618 -0.00628966 -0.00628966 -0.00629174 -0.00629174 0.0068015 0.0068015 0.00680864 0.00680862
0.229 -0.000972388 -0.00174318 -0.000813376 -0.00113147 -0.00205912 -0.00191205 -0.00178546 -0.00171522 0.00659393 0.00656578 0.00672895 0.00671377 -0.00627372 -0.0062683 -0.00618218 -0.00617895 0.00878611 0.00878506 0.00883425 0.00883358 -0.00648784 -0.00648762 -0.00647504 -0.0064749 0.00703574 0.0070357 0.00702913 0.00702908 -0.00478056 -0.00478056 -0.00479377 -0.00479376 0.004542 0.004542 0.00452231 0.00452232 -0.00513828 -0.00513828 -0.00516971 -0.00516971 0.00601897 0.00601898 0.00598036 0.00598036
0.23 -0.00160213 -0.0026491 -0.00122832 -0.00175038 -0.00033598 -0.000134095 3.84556e-05 0.000150318 0.0044627 0.00442366 0.00463849 0.00461483 -0.00342752 -0.00341997 -0.00330992 -0.00330496 0.00544371 0.00544224 0.0055246 0.00552359 -0.00313125 -0.00313096 -0.00306792 -0.00306772 0.00311346 0.00311339 0.0031612 0.00316116 -0.000688563 -0.000688546 -0.00066517 -0.000665159 0.000602088 0.000602082 0.000592841 0.000592829 -0.00176027 -0.00176027 -0.00180744 -0.00180744 0.00290927 0.00290927 0.00284206 0.00284208
0.231 -0.00168815 -0.00254498 -0.00126147 -0.00175785 0.00178697 0.00195279 0.00210919 0.00221327 0.00119337 0.00116122 0.00133631 0.00131468 0.00108222 0.00108846 0.00117647 0.00118094 0.000385639 0.000384432 0.000465186 0.000464272 0.00174398 0.00174421 0.00183075 0.00183094 -0.00187883 -0.00187888 -0.00179756 -0.00179759 0.00407271 0.00407273 0.00412246 0.00412246 -0.00387099 -0.003871 -0.00386615 -0.00386617 0.00233874 0.00233875 0.00229658 0.00229658 -0.00109223 -0.00109224 -0.00115761 -0.00115759
0.232 -0.00116487 -0.00143519 -0.000876071 -0.00111699 0.00354556 0.00359738 0.00368696 0.00373471 -0.00187819 -0.00188808 -0.00182778 -0.00183719 0.00547362 0.0054755 0.00550551 0.00550735 -0.00437057 -0.00437092 -0.0043257 -0.00432607 0.00605456 0.00605462 0.00612707 0.00612714 -0.00585454 -0.00585455 -0.00577558 -0.00577558 0.00749247 0.00749247 0.0075469 0.00754689 -0.0069637 -0.0069637 -0.00694704 -0.00694704 0.00534888 0.00534888 0.00533052 0.00533052 -0.004215 -0.00421501 -0.0042487 -0.0042487
0.233 -0.000201507 0.000287617 -0.000194831 -4.03602e-05 0.00432719 0.00423019 0.00423545 0.00419814 -0.00354941 -0.00353003 -0.00361209 -0.00360339 0.00806438 0.00806049 0.00802135 0.00801937 -0.00697654 -0.00697575 -0.00698496 -0.00698452 0.00798179 0.00798162 0.00800809 0.008008 -0.00714265 -0.00714261 -0.007101 -0.00710099 0.00806486 0.00806484 0.00810027 0.00810027 -0.00729146 -0.00729145 -0.00727006 -0.00727004 0.00594572 0.00594571 0.00595968 0.00595968 -0.00513116 -0.00513116 -0.00511759 -0.00511761
0.234 0.000868718 0.00200383 0.000551182 0.00109808 0.00390154 0.00367678 0.00362076 0.00350041 -0.0032112 -0.00316647 -0.00335993 -0.00333377 0.007926 0.00791707 0.00782679 0.00782115 -0.00648738 -0.00648559 -0.00654531 -0.0065441 0.00671945 0.0067191 0.00668751 0.00668726 -0.00519537 -0.0051953 -0.00520965 -0.00520961 0.00544223 0.0054422 0.0054432 0.00544319 -0.00460789 -0.00460788 -0.00459061 -0.00459059 0.00387027 0.00387027 0.00391085 0.00391084 -0.00353314 -0.00353313 -0.00347823 -0.00347824
0.235 0.00168084 0.00311151 0.00111396 0.0019108 0.00249707 0.00221235 0.00214835 0.00197643 -0.00106188 -0.00100498 -0.00123359 -0.00119681 0.00522183 0.00521041 0.00510824 0.00510042 -0.00321612 -0.00321382 -0.00329911 -0.00329744 0.00279636 0.00279591 0.00271955 0.00271919 -0.000827509 -0.000827417 -0.000891628 -0.000891561 0.000608883 0.000608866 0.000574968 0.000574959 6.42349e-05 6.42289e-05 7.03715e-05 7.03703e-05 4.57169e-05 4.57168e-05 9.52929e-05 9.52915e-05 -0.000258881 -0.000258872 -0.000187393 -0.000187386
0.236 0.00197865 0.00325682 0.00132364 0.00214528 0.00069827 0.000441194 0.000429042 0.000253966 0.00200053 0.00205241 0.00187809 0.00191521 0.00110448 0.00109397 0.00102381 0.00101598 0.00142631 0.00142844 0.00135305 0.00135471 -0.00215549 -0.00215593 -0.00224396 -0.00224431 0.00411486 0.00411495 0.00402907 0.00402915 -0.00450536 -0.00450537 -0.00455939 -0.0045594 0.00484322 0.00484322 0.00483584 0.00483583 -0.00382281 -0.00382281 -0.00378614 -0.00378614 0.00309084 0.00309084 0.00314653 0.00314655
0.237 0.00170867 0.00246122 0.00115017 0.00177545 -0.000790816 -0.000946532 -0.000867483 -0.000998954 0.00475412 0.00478637 0.00473186 0.0047595 -0.00277307 -0.00277976 -0.00278775 -0.00279356 0.00552907 0.00553046 0.00549614 0.00549735 -0.00608614 -0.00608644 -0.0061476 -0.00614785 0.00752013 0.00752019 0.00745052 0.00745059 -0.00781602 -0.00781603 -0.00786656 -0.00786658 0.00777174 0.00777175 0.00775398 0.00775397 -0.00599459 -0.00599459 -0.00598738 -0.00598738 0.00487614 0.00487613 0.00489079 0.00489079
0.238 0.00103251 0.00109908 0.000708847 0.0010025 -0.00142063 -0.00144232 -0.00127166 -0.00133169 0.00614044 0.00614641 0.00622654 0.00623898 -0.00492686 -0.00492838 -0.00487017 -0.00487278 0.00746544 0.00746581 0.00748651 0.00748705 -0.00737943 -0.00737952 -0.00738671 -0.00738681 0.00789289 0.0078929 0.00787026 0.00787028 -0.00795088 -0.00795088 -0.00797578 -0.00797579 0.00764294 0.00764295 0.00762207 0.00762208 -0.00546279 -0.00546279 -0.00548878 -0.00548879 0.00416503 0.00416503 0.00413197 0.00413196
0.239 0.000255774 -0.000260308 0.000209472 0.000168011 -0.000999934 -0.000906392 -0.000684356 -0.000673403 0.00566822 0.00565134 0.00582496 0.00582246 -0.00461971 -0.00461668 -0.00451588 -0.00451536 0.00654095 0.00654041 0.00660716 0.00660706 -0.00551843 -0.00551834 -0.00546794 -0.00546792 0.00498409 0.00498407 0.00501857 0.00501856 -0.0048294 -0.00482941 -0.0048177 -0.00481769 0.00451734 0.00451734 0.00450185 0.00450186 -0.00241071 -0.00241071 -0.00245892 -0.00245892 0.00117265 0.00117266 0.00110678 0.00110676
0.24 -0.000295824 -0.00108001 -0.000128779 -0.00038358 0.000246945 0.000395221 0.000603876 0.000658912 0.00357868 0.00355064 0.00373869 0.00372707 -0.00212085 -0.00211555 -0.00201334 -0.00201093 0.00324605 0.00324505 0.00332976 0.00332928 -0.00129179 -0.00129159 -0.00120526 -0.00120517 -9.35323e-05 -9.35673e-05 -1.70009e-05 -1.70288e-05 0.00029082 0.000290825 0.00033406 0.000334074 -0.000293007 -0.000293022 -0.000296824 -0.000296825 0.00184908 0.00184909 0.00179977 0.00179977 -0.00280693 -0.00280691 -0.00287595 -0.00287595
0.241 -0.000402801 -0.00106074 -0.000162389 -0.000437644 0.00178596 0.00191211 0.00204527 0.00210293 0.000717576 0.000693389 0.000812547 0.000800614 0.00144487 0.0014495 0.00151155 0.00151399 -0.000979524 -0.000980409 -0.000913264 -0.000913752 0.00354026 0.00354043 0.00362512 0.00362521 -0.00531431 -0.00531433 -0.00522938 -0.00522939 0.00532441 0.00532442 0.00538021 0.00538022 -0.00477184 -0.00477186 -0.00476237 -0.00476239 0.00543362 0.00543362 0.00540521 0.00540522 -0.0059553 -0.0059553 -0.00599646 -0.00599645
0.242 -3.14636e-05 -0.000245107 0.000124735 1.43189e-05 0.00299418 0.00303543 0.00306019 0.00308135 -0.00182303 -0.00183093 -0.00183341 -0.00183744 0.00458292 0.00458442 0.00458162 0.00458239 -0.00436286 -0.00436314 -0.00434178 -0.00434193 0.00697758 0.00697763 0.00702365 0.00702368 -0.00856759 -0.00856759 -0.0085117 -0.00851169 0.00821543 0.00821543 0.00825925 0.00825924 -0.0070492 -0.00704919 -0.00703017 -0.00703018 0.00671004 0.00671004 0.00671564 0.00671564 -0.00673503 -0.00673505 -0.00672992 -0.00672991
0.243 0.000662379 0.00101569 0.000621456 0.000781938 0.0034045 0.00333566 0.00326285 0.0032258 -0.00314159 -0.00312806 -0.0032528 -0.00324446 0.00604305 0.00604037 0.00597502 0.00597318 -0.00553376 -0.00553323 -0.00556683 -0.00556644 0.00760502 0.0076049 0.007592 0.00759193 -0.0085227 -0.00852268 -0.00852057 -0.00852055 0.00778575 0.00778575 0.00779826 0.00779825 -0.00619567 -0.00619565 -0.00617471 -0.0061747 0.00502366 0.00502365 0.00506138 0.00506138 -0.00459474 -0.00459476 -0.00454575 -0.00454575
0.244 0.00140353 0.00221365 0.00113907 0.00156012 0.0028777 0.00271897 0.00259897 0.00250696 -0.00286654 -0.00283527 -0.00303144 -0.00301159 0.00530959 0.0053034 0.00520368 0.00519942 -0.00407698 -0.00407574 -0.0041506 -0.0041497 0.00516997 0.00516972 0.0051034 0.00510322 -0.0051739 -0.00517386 -0.00522661 -0.00522658 0.00422091 0.0042209 0.00419659 0.00419659 -0.00262161 -0.0026216 -0.00260726 -0.00260725 0.00101338 0.00101337 0.00106693 0.00106693 -0.0002594 -0.000259395 -0.0001885 -0.000188509
0.245 0.00191044 0.00288925 0.00148856 0.00205345 0.00163795 0.00144473 0.00134629 0.00122501 -0.00126863 -0.00123033 -0.00141779 -0.00139198 0.00277529 0.00276767 0.00267578 0.00267031 -0.000679215 -0.000677688 -0.0007628 -0.000761639 0.000677988 0.000677684 0.0005868 0.000586554 0.000158338 0.000158399 7.38787e-05 7.39211e-05 -0.00100938 -0.00100939 -0.00105977 -0.00105977 0.00209214 0.00209213 0.00209387 0.00209387 -0.00363186 -0.00363186 -0.00358618 -0.00358618 0.00453419 0.00453421 0.00459533 0.00459533
0.246 0.00200463 0.00280708 0.00155376 0.00209006 0.000165023 4.60928e-06 -1.45089e-05 -0.000128083 0.00088683 0.000918996 0.00081557 0.000839498 -0.000459421 -0.00046589 -0.000511246 -0.000516267 0.0031798 0.00318111 0.00312123 0.00312228 -0.00402822 -0.00402848 -0.00410431 -0.00410455 0.00536809 0.00536815 0.00528905 0.0052891 -0.00576307 -0.00576308 -0.00581724 -0.00581725 0.0058649 0.00586488 0.00585295 0.00585295 -0.00688227 -0.00688226 -0.00686507 -0.00686507 0.00775731 0.00775732 0.00778153 0.00778153
0.247 0.00167379 0.00203425 0.00133188 0.00168075 -0.00100697 -0.00108198 -0.00100006 -0.00107245 0.00267551 0.0026911 0.00271083 0.00272587 -0.00306612 -0.00306936 -0.00304901 -0.00305213 0.00585517 0.00585584 0.00584636 0.005847 -0.00702804 -0.00702817 -0.00705592 -0.00705606 0.00842152 0.00842156 0.0083828 0.00838284 -0.0081146 -0.00811461 -0.00814864 -0.00814865 0.00700628 0.00700629 0.00698521 0.00698521 -0.00724454 -0.00724454 -0.00726404 -0.00726404 0.00796376 0.00796375 0.0079404 0.0079404
0.248 0.00106604 0.00089562 0.000927074 0.00100304 -0.00149963 -0.00147061 -0.00131192 -0.00132569 0.00339299 0.00338811 0.00351827 0.00352086 -0.00404122 -0.00404043 -0.00396261 -0.00396311 0.00621891 0.00621878 0.00626394 0.00626403 -0.0071058 -0.00710579 -0.00707334 -0.00707336 0.00817717 0.00817716 0.00819594 0.00819595 -0.00714982 -0.00714982 -0.00714875 -0.00714876 0.00494821 0.00494823 0.00492648 0.00492648 -0.00443067 -0.00443067 -0.00447873 -0.00447873 0.00494219 0.00494217 0.00488173 0.00488173
0.249 0.00042153 -0.000169627 0.000502536 0.000320718 -0.00122537 -0.00111248 -0.000937709 -0.000896937 0.00282223 0.00280059 0.00298309 0.0029742 -0.0031037 -0.00309954 -0.00299646 -0.00299456 0.00411532 0.00411453 0.00419569 0.00419529 -0.00423686 -0.00423671 -0.00415818 -0.00415808 0.00483297 0.00483293 0.0049011 0.00490108 -0.00333585 -0.00333584 -0.00330029 -0.00330029 0.000504377 0.000504389 0.000491053 0.000491054 0.000476719 0.000476714 0.000421182 0.000421183 -0.000144181 -0.000144186 -0.000214888 -0.000214891
0.25 -2.78445e-05 -0.000787654 0.000212347 -0.000125308 -0.000398292 -0.000249862 -0.00013091 -5.79213e-05 0.00128744 0.00125834 0.0014151 0.00139952 -0.000780619 -0.00077489 -0.000689311 -0.000686025 0.000407897 0.000406774 0.000490045 0.000489365 0.000417289 0.000417506 0.000508056 0.000508201 -0.000178406 -0.000178453 -9.09048e-05 -9.09406e-05 0.00168671 0.00168673 0.00174088 0.0017409 -0.00445861 -0.00445862 -0.00445759 -0.00445759 0.00544682 0.00544683 0.0054086 0.0054086 -0.00520724 -0.00520723 -0.00525693 -0.00525693
0.251 -0.000148633 -0.000791905 0.000141786 -0.000209605 0.000575909 0.000704332 0.000714591 0.000789373 -0.000516179 -0.000541877 -0.000475611 -0.00049145 0.00184343 0.00184859 0.00188103 0.00188436 -0.00339261 -0.00339365 -0.00334335 -0.00334405 0.00499517 0.00499539 0.00505872 0.00505886 -0.00479587 -0.0047959 -0.00472762 -0.00472764 0.00579979 0.00579979 0.00584856 0.00584857 -0.00780515 -0.00780517 -0.00778963 -0.00778963 0.00834436 0.00834437 0.00834085 0.00834085 -0.00809755 -0.00809754 -0.00810434 -0.00810434
0.252 4.96524e-05 -0.000272576 0.000279487 3.80076e-05 0.00127906 0.00134685 0.00123718 0.00128773 -0.00183504 -0.00184926 -0.001898 -0.00190863 0.00359822 0.00360119 0.00356675 0.00356899 -0.00575727 -0.0057579 -0.00576207 -0.00576255 0.00769648 0.00769662 0.00770536 0.00770546 -0.00718114 -0.00718116 -0.00716235 -0.00716236 0.00729854 0.00729854 0.00732043 0.00732043 -0.00804083 -0.00804083 -0.00801678 -0.00801678 0.00784286 0.00784286 0.00787614 0.00787613 -0.00752304 -0.00752304 -0.00748397 -0.00748397
0.253 0.000430918 0.000480868 0.000530786 0.00045825 0.00145138 0.00144728 0.00125345 0.00126781 -0.00217604 -0.00217633 -0.00231497 -0.00231793 0.00371933 0.0037196 0.00363215 0.00363279 -0.00576217 -0.00576227 -0.00581957 -0.00581972 0.00750315 0.00750318 0.00745359 0.00745363 -0.00646145 -0.00646146 -0.00650048 -0.00650049 0.00560255 0.00560255 0.00558813 0.00558812 -0.00496267 -0.00496266 -0.00494003 -0.00494003 0.00401805 0.00401805 0.00407371 0.00407371 -0.0036303 -0.00363031 -0.0035626 -0.0035626
0.254 0.000799289 0.0011143 0.000764187 0.000839124 0.00108446 0.00102794 0.000818721 0.000802078 -0.00149902 -0.00148893 -0.00165459 -0.00165106 0.00215568 0.00215389 0.00204927 0.00204855 -0.00345119 -0.00345087 -0.00353744 -0.0035373 0.00456807 0.00456801 0.00448152 0.0044815 -0.00306007 -0.00306007 -0.0031397 -0.0031397 0.0014901 0.00149011 0.00144604 0.00144604 0.000230647 0.000230664 0.00024205 0.000242048 -0.00164054 -0.00164055 -0.00158712 -0.00158712 0.00201008 0.00201007 0.00207664 0.00207664
0.255 0.000985763 0.00136079 0.000869742 0.00100885 0.000402585 0.000332572 0.000182051 0.000152525 -0.000208598 -0.000195537 -0.000315156 -0.000309013 -0.000428225 -0.000430654 -0.000509438 -0.0005107 0.000203176 0.000203636 0.000124337 0.0001246 0.000120954 0.000120857 3.47412e-05 3.46957e-05 0.00151347 0.00151348 0.00142847 0.00142847 -0.00324059 -0.00324059 -0.0032946 -0.0032946 0.0054228 0.0054228 0.00541751 0.0054175 -0.00681957 -0.00681957 -0.00679232 -0.00679232 0.00702564 0.00702564 0.00706179 0.00706179
0.256 0.000917561 0.00114593 0.0008043 0.000905371 -0.000253311 -0.000296903 -0.000338959 -0.000359644 0.00104244 0.00105074 0.00102904 0.00103322 -0.00294696 -0.00294853 -0.00296906 -0.0029699 0.0037147 0.003715 0.00367681 0.00367698 -0.00405815 -0.00405821 -0.00410689 -0.00410693 0.00531591 0.00531593 0.00526314 0.00526316 -0.00653808 -0.00653808 -0.00657817 -0.00657817 0.00846046 0.00846044 0.00844 0.00844 -0.00933744 -0.00933743 -0.00934887 -0.00934887 0.00922416 0.00922417 0.00921396 0.00921396
0.257 0.000642085 0.000605077 0.000605326 0.000594696 -0.000584656 -0.000578311 -0.000505916 -0.000502476 0.00164758 0.00164647 0.00173171 0.00173078 -0.00435536 -0.00435516 -0.00430908 -0.00430885 0.0056948 0.00569475 0.00571437 0.00571431 -0.00637173 -0.00637171 -0.00636202 -0.00636202 0.00678623 0.00678624 0.006789 0.00678901 -0.00696752 -0.00696753 -0.00697624 -0.00697624 0.00806246 0.00806245 0.00803511 0.00803512 -0.00806908 -0.00806908 -0.00811454 -0.00811455 0.00752915 0.00752916 0.00747697 0.00747697
0.258 0.000297766 1.00184e-05 0.000369048 0.00023289 -0.000467132 -0.000412786 -0.000265125 -0.000235168 0.00131088 0.00130055 0.00145586 0.00144941 -0.0040811 -0.00407913 -0.00398574 -0.00398437 0.00540601 0.00540562 0.00547532 0.00547502 -0.00603948 -0.00603939 -0.00597547 -0.00597541 0.00538308 0.00538306 0.00544006 0.00544004 -0.00431679 -0.00431679 -0.00429068 -0.00429068 0.00437295 0.00437296 0.00435043 0.00435044 -0.00344773 -0.00344773 -0.00350731 -0.00350731 0.00247133 0.00247132 0.00239995 0.00239995
0.259 4.67761e-05 -0.00035954 0.000203939 -9.22085e-06 1.60826e-07 7.78365e-05 0.000233307 0.000279021 0.000169898 0.000154974 0.000314155 0.000304503 -0.00225083 -0.00224796 -0.00214632 -0.00214431 0.00303442 0.00303387 0.0031245 0.00312407 -0.00337868 -0.00337857 -0.00328783 -0.00328774 0.00178246 0.00178243 0.00186829 0.00186826 0.000316099 0.00031611 0.000365118 0.000365123 -0.00108016 -0.00108015 -0.0010877 -0.00108771 0.00267789 0.00267789 0.00263064 0.00263065 -0.0039835 -0.00398351 -0.0040428 -0.0040428
0.26 1.569e-07 -0.000342332 0.00018058 -2.47181e-05 0.000546695 0.000613027 0.000708383 0.000751685 -0.00127071 -0.00128362 -0.00118737 -0.00119641 0.000377114 0.000379636 0.000446854 0.000448728 -0.000420367 -0.000420851 -0.000347634 -0.000348014 0.000372743 0.000372826 0.000451404 0.000451488 -0.00243724 -0.00243727 -0.00236062 -0.00236064 0.00498945 0.00498946 0.00503957 0.00503957 -0.00601131 -0.00601131 -0.0059999 -0.00599992 0.00778506 0.00778506 0.00777135 0.00777136 -0.0092147 -0.0092147 -0.00923582 -0.00923582
0.261 0.000167996 3.45864e-05 0.000299766 0.000181544 0.0008582 0.000885296 0.000879122 0.000903417 -0.00236213 -0.00236765 -0.00237326 -0.00237826 0.00273755 0.00273868 0.00274301 0.00274404 -0.00357945 -0.00357968 -0.00355517 -0.00355537 0.00360244 0.00360248 0.00363506 0.0036351 -0.00548033 -0.00548034 -0.00544676 -0.00544676 0.00774001 0.00774001 0.00776926 0.00776926 -0.00833077 -0.00833079 -0.0083047 -0.0083047 0.00971809 0.00971809 0.00974438 0.00974438 -0.0110227 -0.0110227 -0.0109962 -0.0109962
0.262 0.000455602 0.00057089 0.000492251 0.000495861 0.000722833 0.000702885 0.000595379 0.000593794 -0.00259303 -0.00258961 -0.00269193 -0.00269153 0.00389947 0.0038989 0.00383808 0.003838 -0.00525401 -0.00525392 -0.00528897 -0.00528896 0.00500147 0.00500147 0.00497387 0.00497386 -0.0060941 -0.00609409 -0.00611817 -0.00611816 0.00741264 0.00741263 0.00740856 0.00740856 -0.00702738 -0.00702739 -0.00699766 -0.00699765 0.00759798 0.00759799 0.00765298 0.00765297 -0.00855661 -0.0085566 -0.00849381 -0.00849381
0.263 0.000706374 0.000984491 0.000649694 0.000747077 0.000131913 8.12088e-05 -8.83473e-05 -0.000109286 -0.00180981 -0.00180057 -0.00195311 -0.00194876 0.00343902 0.00343734 0.00333639 0.00333551 -0.00491245 -0.00491215 -0.00499234 -0.00499218 0.00408922 0.00408918 0.00401304 0.004013 -0.00408362 -0.00408361 -0.00415434 -0.00415434 0.00414704 0.00414704 0.00411196 0.00411196 -0.00260766 -0.00260766 -0.00258742 -0.0025874 0.00221688 0.00221688 0.00227639 0.00227638 -0.00270163 -0.00270163 -0.00262991 -0.00262992
0.264 0.000772112 0.00103859 0.00067302 0.000783526 -0.000708194 -0.00075623 -0.000927816 -0.000950598 -0.000284063 -0.000275451 -0.000410642 -0.000406063 0.0015937 0.00159216 0.00149304 0.00149214 -0.00285866 -0.00285838 -0.00294991 -0.00294974 0.0013735 0.00137345 0.00128133 0.00128129 -0.000369482 -0.000369483 -0.000455314 -0.00045532 -0.000683573 -0.000683571 -0.00073383 -0.000733824 0.00309853 0.00309855 0.00309991 0.00309992 -0.00425757 -0.00425757 -0.00421999 -0.00421999 0.00424633 0.00424632 0.00429552 0.00429552
0.265 0.000580145 0.000649126 0.000517223 0.000542053 -0.00145802 -0.00146765 -0.0015863 -0.00158993 0.00139844 0.00139953 0.0013415 0.00134189 -0.000857742 -0.000857794 -0.000913816 -0.000913808 -6.09183e-05 -6.09302e-05 -0.000124789 -0.000124806 -0.00190713 -0.00190713 -0.00197564 -0.00197563 0.00342685 0.00342684 0.00336387 0.00336387 -0.00505511 -0.00505511 -0.00509837 -0.00509837 0.00769139 0.00769139 0.00767264 0.00767262 -0.00915693 -0.00915693 -0.00915821 -0.0091582 0.00949889 0.00949888 0.00950377 0.00950377
0.266 0.000168483 -7.33006e-05 0.000213462 7.95513e-05 -0.0017859 -0.0017353 -0.0017732 -0.00174257 0.00257816 0.00256752 0.00261349 0.00260657 -0.0029308 -0.00292855 -0.00291831 -0.00291676 0.00228238 0.00228191 0.00227335 0.00227301 -0.00433581 -0.00433573 -0.00435097 -0.00435089 0.00568554 0.00568553 0.00567296 0.00567296 -0.0071494 -0.00714939 -0.00716696 -0.00716697 0.00920273 0.00920273 0.0091716 0.00917159 -0.0104108 -0.0104108 -0.0104508 -0.0104508 0.0109153 0.0109153 0.0108734 0.0108734
0.267 -0.00032593 -0.0008645 -0.000140923 -0.000446363 -0.00150849 -0.0014004 -0.00136613 -0.00129918 0.00278982 0.00276802 0.00290087 0.00288633 -0.00384074 -0.00383631 -0.00376466 -0.00376153 0.0032489 0.00324799 0.0032991 0.00329843 -0.00492222 -0.00492204 -0.00487716 -0.00487701 0.00547603 0.005476 0.00551888 0.00551886 -0.00612248 -0.00612247 -0.0061072 -0.0061072 0.00692805 0.00692804 0.00689813 0.00689813 -0.00741602 -0.00741601 -0.00747728 -0.00747728 0.00789558 0.00789559 0.0078249 0.0078249
0.268 -0.000720872 -0.00141317 -0.000420279 -0.000839399 -0.000672189 -0.000534416 -0.000466012 -0.000375746 0.00194763 0.0019201 0.00208635 0.00206706 -0.00330934 -0.00330381 -0.00320171 -0.00319762 0.00255702 0.00255589 0.00264569 0.00264482 -0.00350314 -0.0035029 -0.00341695 -0.00341677 0.00293815 0.0029381 0.00301701 0.00301696 -0.00245948 -0.00245948 -0.00241863 -0.00241862 0.0017379 0.00173789 0.00172265 0.00172266 -0.00131082 -0.00131082 -0.00136638 -0.00136639 0.00165163 0.00165163 0.00158301 0.001583
0.269 -0.000862036 -0.00148808 -0.00052067 -0.000943521 0.000458032 0.000582633 0.000636879 0.000726681 0.000373972 0.000349077 0.000481634 0.000462681 -0.00165146 -0.00164647 -0.00155788 -0.0015539 0.000643936 0.000642936 0.000733694 0.000732861 -0.000776808 -0.000776598 -0.000686506 -0.00068634 -0.000799783 -0.000799832 -0.000719967 -0.000720015 0.00223389 0.0022339 0.0022821 0.00228212 -0.00426704 -0.00426704 -0.00426038 -0.00426038 0.00546803 0.00546803 0.00544291 0.00544291 -0.00526483 -0.00526484 -0.0053012 -0.00530122
0.27 -0.000685552 -0.00103333 -0.000401544 -0.000706278 0.00149757 0.00156748 0.00157172 0.00163517 -0.00133597 -0.00135007 -0.00130385 -0.00131702 0.000384643 0.000387493 0.000424303 0.000427036 -0.00156196 -0.00156253 -0.00150939 -0.00150995 0.00203076 0.00203087 0.0020861 0.00208621 -0.00412341 -0.00412344 -0.00407767 -0.0040777 0.00591471 0.00591472 0.00594926 0.00594927 -0.00861909 -0.00861909 -0.00859301 -0.00859302 0.0101717 0.0101717 0.0101885 0.0101885 -0.00999407 -0.00999408 -0.00998188 -0.00998188
0.271 -0.000244485 -0.000193012 -0.000102229 -0.000200921 0.00208818 0.00207944 0.00202621 0.00204507 -0.0025539 -0.00255245 -0.0026091 -0.00261272 0.00194632 0.00194609 0.00191498 0.00191569 -0.00306419 -0.00306414 -0.00307167 -0.00307181 0.00371294 0.00371293 0.00370911 0.00370914 -0.00563416 -0.00563415 -0.00564208 -0.00564208 0.00697148 0.00697149 0.00697771 0.0069777 -0.00950865 -0.00950865 -0.00947443 -0.00947445 0.0108673 0.0108673 0.010919 0.010919 -0.0105407 -0.0105407 -0.0104848 -0.0104848
0.272 0.000310918 0.000743707 0.000272957 0.000401046 0.00203237 0.00194805 0.00186074 0.0018313 -0.00286266 -0.00284616 -0.00297981 -0.00297323 0.00243153 0.00242829 0.00234225 0.00234081 -0.00322845 -0.00322782 -0.00329353 -0.00329323 0.00360188 0.00360175 0.00354014 0.00354008 -0.00474703 -0.004747 -0.00480442 -0.0048044 0.00491018 0.00491018 0.004886 0.00488598 -0.00654394 -0.00654394 -0.00651678 -0.00651678 0.00724215 0.00724214 0.0073061 0.0073061 -0.00660452 -0.00660452 -0.00652907 -0.00652906
0.273 0.000790523 0.00145375 0.000594464 0.000895059 0.00136329 0.00123262 0.00115366 0.00108817 -0.00220693 -0.00218108 -0.00233489 -0.0023208 0.00172189 0.00171676 0.00161244 0.00160943 -0.00203693 -0.00203592 -0.00213251 -0.00213187 0.00183764 0.00183745 0.0017444 0.00174427 -0.00192949 -0.00192945 -0.00201055 -0.00201053 0.000566799 0.00056679 0.000523284 0.00052328 -0.000926205 -0.000926206 -0.000918379 -0.000918366 0.000748832 0.000748835 0.000796784 0.000796779 0.000275872 0.000275873 0.000337883 0.000337872
0.274 0.00103562 0.0017019 0.000755813 0.00111979 0.000325075 0.000192574 0.000163079 8.51968e-05 -0.000894702 -0.000868258 -0.000978546 -0.000962006 0.00020343 0.000198133 0.000120229 0.00011673 -6.54918e-05 -6.44288e-05 -0.000151033 -0.000150294 -0.000721719 -0.000721926 -0.000806181 -0.000806343 0.0015171 0.00151714 0.0014481 0.00144812 -0.00424421 -0.00424422 -0.0042879 -0.00428789 0.00503735 0.00503735 0.00502206 0.00502207 -0.00597567 -0.00597567 -0.00596519 -0.00596519 0.00733467 0.00733467 0.00735578 0.00735576
0.275 0.000975864 0.00142505 0.000711321 0.00101437 -0.000725603 -0.000816393 -0.000776422 -0.000840191 0.000543764 0.000562139 0.000539398 0.000552782 -0.00142298 -0.00142671 -0.00144461 -0.00144741 0.00179444 0.00179521 0.00175576 0.00175635 -0.00290049 -0.00290065 -0.00293944 -0.00293957 0.00403441 0.00403444 0.00400735 0.00400737 -0.00749742 -0.00749743 -0.00752248 -0.00752247 0.00888411 0.00888412 0.00885225 0.00885225 -0.0101833 -0.0101833 -0.0102153 -0.0102153 0.0116997 0.0116997 0.0116701 0.0116701
0.276 0.000650296 0.000747193 0.000489103 0.000635153 -0.00145482 -0.00147662 -0.00137864 -0.00140818 0.00157506 0.00157987 0.00165126 0.00165728 -0.00245154 -0.00245258 -0.00240244 -0.00240367 0.00273883 0.00273906 0.0027643 0.00276455 -0.00373406 -0.00373412 -0.00371029 -0.00371034 0.00449035 0.00449037 0.00451635 0.00451637 -0.00781529 -0.00781529 -0.00781136 -0.00781137 0.00901714 0.00901714 0.00898273 0.00898272 -0.0101418 -0.0101418 -0.0102024 -0.0102024 0.0115668 0.0115668 0.0114989 0.0114989
0.277 0.000186081 -7.71679e-05 0.000175626 0.000127512 -0.00166946 -0.00161978 -0.00150312 -0.00149106 0.00186781 0.00185839 0.0019913 0.00198848 -0.00246599 -0.0024642 -0.00236708 -0.00236645 0.00239925 0.0023989 0.00247889 0.00247875 -0.00289211 -0.00289205 -0.0028156 -0.00281556 0.00267249 0.00267248 0.00273938 0.00273938 -0.00505461 -0.0050546 -0.00502402 -0.00502404 0.00537172 0.00537172 0.00535006 0.00535006 -0.00585138 -0.00585138 -0.00591405 -0.00591405 0.00694558 0.00694558 0.00686886 0.00686888
0.278 -0.000254374 -0.000765484 -0.000120435 -0.000333675 -0.00137387 -0.00127387 -0.00118964 -0.00114275 0.00140276 0.00138312 0.00152047 0.0015103 -0.0014962 -0.00149233 -0.00138954 -0.00138736 0.000986974 0.000986198 0.00108734 0.00108688 -0.000812808 -0.000812652 -0.000716564 -0.000716455 -0.000621184 -0.000621218 -0.000543133 -0.000543155 -0.000371331 -0.00037132 -0.000327809 -0.000327808 -0.000551653 -0.000551654 -0.000550836 -0.00055083 0.000946157 0.000946159 0.000909306 0.000909304 -0.000332997 -0.000333002 -0.000384791 -0.000384797
0.279 -0.000535386 -0.00111264 -0.00030967 -0.000609885 -0.000747621 -0.00063255 -0.000622065 -0.000557337 0.000450761 0.000427764 0.000512564 0.000498709 2.16184e-05 2.62247e-05 9.07371e-05 9.36758e-05 -0.000822954 -0.000823883 -0.000744791 -0.000745407 0.00150637 0.00150656 0.00158058 0.0015807 -0.00393202 -0.00393207 -0.00387684 -0.00387687 0.00426503 0.00426504 0.00430256 0.00430258 -0.0063045 -0.0063045 -0.00628144 -0.00628143 0.007474 0.00747401 0.00747957 0.00747956 -0.00735401 -0.00735401 -0.00735766 -0.00735768
0.28 -0.000594402 -0.00105833 -0.000352242 -0.000645153 -5.97408e-05 3.49523e-05 -4.19006e-05 2.0501e-05 -0.000562137 -0.00058149 -0.000582072 -0.000595339 0.00145281 0.00145677 0.0014551 0.00145791 -0.00220787 -0.00220867 -0.002186 -0.00218659 0.00296438 0.00296455 0.00298415 0.00298426 -0.00577893 -0.00577897 -0.0057701 -0.00577013 0.00690341 0.00690341 0.00691904 0.00691906 -0.00950355 -0.00950356 -0.00946838 -0.00946838 0.011054 0.011054 0.0110998 0.0110998 -0.0113025 -0.0113025 -0.0112557 -0.0112557
0.281 -0.000456137 -0.000692963 -0.000266259 -0.00047641 0.000441792 0.000492943 0.000349454 0.000393665 -0.00123838 -0.00124937 -0.00133083 -0.00134017 0.0022426 0.00224496 0.00217719 0.00217918 -0.00256847 -0.00256896 -0.00261326 -0.00261368 0.00285496 0.00285506 0.00281146 0.00281154 -0.0053083 -0.00530831 -0.00534882 -0.00534883 0.00643821 0.00643821 0.00642576 0.00642576 -0.00881984 -0.00881984 -0.00878806 -0.00878807 0.0102031 0.0102031 0.0102693 0.0102693 -0.01061 -0.01061 -0.0105327 -0.0105327
0.282 -0.000211884 -0.000205287 -0.000113018 -0.000207287 0.000619685 0.000622924 0.000460229 0.000479562 -0.0013622 -0.00136373 -0.00148716 -0.0014912 0.002142 0.00214247 0.00203677 0.00203764 -0.00178902 -0.00178915 -0.00188216 -0.00188235 0.00118674 0.00118677 0.00109865 0.0010987 -0.00267365 -0.00267365 -0.00274514 -0.00274514 0.00308096 0.00308096 0.00304638 0.00304637 -0.0045323 -0.0045323 -0.00451795 -0.00451796 0.00524254 0.00524254 0.00529977 0.00529977 -0.00559445 -0.00559445 -0.00552048 -0.00552047
0.283 2.44011e-05 0.000202239 3.26637e-05 4.06328e-05 0.000483113 0.000451521 0.000325157 0.000322878 -0.000962526 -0.000956957 -0.00106653 -0.00106602 0.00128778 0.0012868 0.00118749 0.00118738 -0.000274312 -0.000274152 -0.000376217 -0.000376203 -0.0013161 -0.00131613 -0.00141057 -0.00141056 0.00102073 0.00102073 0.00094965 0.000949651 -0.00172443 -0.00172442 -0.0017659 -0.00176591 0.0015852 0.0015852 0.0015758 0.0015758 -0.0018329 -0.0018329 -0.00181003 -0.00181003 0.00166993 0.00166992 0.00170778 0.00170778
0.284 0.000163323 0.000393283 0.000113551 0.000177279 0.000161541 0.000117867 6.94599e-05 5.56734e-05 -0.000268514 -0.000260213 -0.000307552 -0.000304641 0.000111368 0.000109788 5.86228e-05 5.80098e-05 0.00124754 0.00124783 0.00118093 0.00118106 -0.00353263 -0.00353269 -0.00359238 -0.0035924 0.00419035 0.00419035 0.00415029 0.00415029 -0.00590942 -0.00590942 -0.00593996 -0.00593995 0.006998 0.00699801 0.00696901 0.00696902 -0.00817062 -0.00817061 -0.00819247 -0.00819247 0.00819974 0.00819974 0.00818413 0.00818411
0.285 0.000171238 0.000341104 0.000109803 0.000174311 -0.000165479 -0.000199207 -0.000158343 -0.000171934 0.000412311 0.000418997 0.000454206 0.00045705 -0.000872945 -0.000874264 -0.000855745 -0.00085634 0.00206315 0.00206342 0.00206132 0.00206145 -0.00444286 -0.00444292 -0.00444178 -0.00444182 0.00545444 0.00545445 0.00546205 0.00546205 -0.00765654 -0.00765655 -0.00766339 -0.00766337 0.00946173 0.00946173 0.00942591 0.00942592 -0.0112271 -0.0112271 -0.0112843 -0.0112843 0.0113195 0.0113195 0.0112565 0.0112565
0.286 7.46066e-05 0.000122062 4.07519e-05 6.61053e-05 -0.000348458 -0.000359427 -0.000252434 -0.000257491 0.000832886 0.000835326 0.000937197 0.000938239 -0.00129958 -0.0013001 -0.00121974 -0.00121996 0.00179866 0.00179877 0.00186338 0.00186343 -0.0035849 -0.00358492 -0.00352332 -0.00352334 0.00423914 0.00423915 0.00429028 0.00429028 -0.00617384 -0.00617385 -0.00615461 -0.0061546 0.00795387 0.00795387 0.00792692 0.00792692 -0.00980609 -0.00980609 -0.00987354 -0.00987354 0.00975033 0.00975034 0.00966724 0.00966725
0.287 -6.09597e-05 -0.000132225 -4.97993e-05 -7.51906e-05 -0.000323653 -0.000311678 -0.000186407 -0.000180673 0.000900268 0.000898271 0.00102229 0.00102108 -0.0010989 -0.00109857 -0.000990373 -0.000990117 0.000585228 0.000585177 0.000689336 0.000689274 -0.00126933 -0.00126932 -0.00117393 -0.00117392 0.00103878 0.00103878 0.00111072 0.00111072 -0.00203973 -0.00203973 -0.00200318 -0.00200318 0.00309857 0.00309857 0.00309222 0.00309222 -0.00454176 -0.00454176 -0.00458967 -0.00458967 0.00412478 0.00412479 0.00405825 0.00405826
0.288 -0.000164873 -0.000298876 -0.000116352 -0.000176595 -0.000124279 -9.94663e-05 -8.83879e-06 4.14182e-06 0.000687844 0.000683243 0.000775989 0.000773258 -0.000499149 -0.000498302 -0.0004081 -0.000407537 -0.00100701 -0.00100717 -0.000908291 -0.000908413 0.00154542 0.00154545 0.00163319 0.00163322 -0.00278093 -0.00278094 -0.0027194 -0.0027194 0.00303005 0.00303006 0.003068 0.00306799 -0.00309229 -0.00309228 -0.00307537 -0.00307537 0.00236962 0.00236962 0.00236253 0.00236253 -0.00328074 -0.00328076 -0.00330083 -0.00330082
0.289 -0.000192559 -0.000314464 -0.000131586 -0.000195677 0.0001512 0.000174681 0.000194199 0.000207762 0.000369945 0.000365427 0.000387646 0.000384799 0.000109464 0.000110328 0.000144206 0.000144791 -0.00223454 -0.00223471 -0.00218432 -0.00218443 0.00366493 0.00366496 0.00370687 0.0037069 -0.00555805 -0.00555807 -0.00553306 -0.00553307 0.00689847 0.00689848 0.00692167 0.00692167 -0.0080545 -0.00805449 -0.00802181 -0.0080218 0.00807735 0.00807735 0.00811445 0.00811445 -0.00948359 -0.0094836 -0.00944754 -0.00944755
0.29 -0.00014008 -0.000191983 -9.49281e-05 -0.000133307 0.000393431 0.000404183 0.00034726 0.000355141 0.000118231 0.000116032 5.91766e-05 5.75366e-05 0.000378053 0.000378503 0.000341523 0.000341862 -0.00252371 -0.00252381 -0.00254452 -0.00254458 0.00417952 0.00417953 0.00415735 0.00415735 -0.00604503 -0.00604504 -0.00606661 -0.00606662 0.00790717 0.00790717 0.00790611 0.00790612 -0.00973646 -0.00973646 -0.00970229 -0.00970228 0.0102476 0.0102476 0.0103128 0.0103127 -0.012015 -0.0120149 -0.011938 -0.011938
0.291 -3.80783e-05 -9.26573e-07 -2.74571e-05 -2.46196e-05 0.00053125 0.000524987 0.000419298 0.000418281 1.39854e-05 1.50457e-05 -9.56964e-05 -9.5438e-05 0.000171108 0.000170937 7.86426e-05 7.85892e-05 -0.00173534 -0.00173531 -0.00181901 -0.00181899 0.00286665 0.00286664 0.00278994 0.00278993 -0.0039517 -0.00395169 -0.00400982 -0.00400981 0.00558193 0.00558191 0.0055576 0.00555761 -0.00745107 -0.00745107 -0.00743022 -0.00743022 0.00801573 0.00801573 0.00808034 0.00808034 -0.00992117 -0.00992116 -0.00983711 -0.00983711
0.292 6.93182e-05 0.000175525 4.25317e-05 8.45318e-05 0.000553382 0.000533231 0.000427785 0.000418408 1.87808e-05 2.26368e-05 -9.44958e-05 -9.24456e-05 -0.000373685 -0.000374427 -0.000482867 -0.000483302 -0.000230318 -0.000230172 -0.000341076 -0.000340994 0.0002974 0.000297381 0.000199472 0.000199455 -8.62894e-05 -8.62792e-05 -0.000155531 -0.000155523 0.000845243 0.000845233 0.000808493 0.000808491 -0.00216071 -0.00216071 -0.0021621 -0.00216211 0.00232932 0.00232932 0.00236488 0.00236488 -0.0041372 -0.00413719 -0.00408348 -0.00408347
0.293 0.000148454 0.000282874 9.49946e-05 0.000162204 0.000496406 0.000469694 0.000414391 0.000399696 1.44186e-05 1.97594e-05 -5.46477e-05 -5.14555e-05 -0.000923867 -0.000924951 -0.00100327 -0.00100396 0.00129438 0.0012946 0.0012046 0.00120474 -0.00240274 -0.00240278 -0.00247933 -0.00247935 0.00397035 0.00397036 0.00391969 0.00391969 -0.00435672 -0.00435671 -0.00439006 -0.00439007 0.00392281 0.00392281 0.00389997 0.00389997 -0.00445589 -0.00445589 -0.00446521 -0.00446521 0.00291633 0.00291632 0.00291526 0.00291526
0.294 0.000190607 0.000316348 0.00012657 0.000203417 0.000409991 0.000383691 0.000408438 0.000391751 -0.000112606 -0.000107104 -0.000108972 -0.00010535 -0.00112862 -0.00112978 -0.00114425 -0.00114504 0.00212604 0.00212628 0.00209674 0.00209691 -0.00403842 -0.00403847 -0.00406038 -0.00406041 0.00652397 0.00652398 0.00651315 0.00651316 -0.00786003 -0.00786002 -0.00787594 -0.00787595 0.00825695 0.00825696 0.00822269 0.00822269 -0.00955596 -0.00955596 -0.0096063 -0.0096063 0.00834076 0.00834075 0.00828467 0.00828467
0.295 0.000210425 0.00031204 0.000148157 0.000225937 0.000321099 0.000298512 0.000400429 0.000383572 -0.000389372 -0.000384414 -0.000315475 -0.00031181 -0.000806184 -0.000807259 -0.000751141 -0.000751944 0.0018681 0.00186833 0.00191274 0.00191293 -0.00386571 -0.00386577 -0.00382352 -0.00382356 0.0064827 0.00648271 0.00651569 0.0065157 -0.00818635 -0.00818635 -0.00817852 -0.00817852 0.00902389 0.00902389 0.00899301 0.00899302 -0.0109073 -0.0109073 -0.0109767 -0.0109767 0.00995267 0.00995267 0.00986595 0.00986595
0.296 0.000230568 0.000315451 0.000173785 0.000252503 0.000217862 0.000198252 0.000342211 0.000325169 -0.000723354 -0.000718927 -0.000611029 -0.000607318 -4.96042e-05 -5.0576e-05 5.28402e-05 5.20315e-05 0.000631923 0.000632131 0.000731742 0.000731926 -0.00192352 -0.00192357 -0.00183552 -0.00183556 0.00382623 0.00382625 0.00388833 0.00388834 -0.00516601 -0.00516602 -0.00513828 -0.00513827 0.0058845 0.0058845 0.00587021 0.00587021 -0.008009 -0.008009 -0.00806705 -0.00806705 0.00716999 0.00717001 0.00709111 0.00709111
0.297 0.000262073 0.000346289 0.000207587 0.000290453 6.22036e-05 4.33089e-05 0.000175659 0.000157821 -0.000938918 -0.000934741 -0.000835648 -0.000831788 0.000803637 0.000802729 0.000909836 0.000909003 -0.00100172 -0.00100153 -0.000889864 -0.00088969 0.000971804 0.000971772 0.00106737 0.00106734 -0.000372817 -0.000372803 -0.00030844 -0.000308429 -1.86823e-05 -1.86974e-05 1.68034e-05 1.68063e-05 0.000118563 0.000118554 0.000126786 0.000126784 -0.00211426 -0.00211425 -0.00213531 -0.00213531 0.00122924 0.00122925 0.00119359 0.00119359
0.298 0.000292199 0.000380038 0.000236785 0.000321071 -0.000176111 -0.000194394 -0.000124435 -0.000142338 -0.000868566 -0.00086476 -0.000817497 -0.000813693 0.00132797 0.00132717 0.00139249 0.00139168 -0.00223888 -0.0022387 -0.00216383 -0.00216367 0.00357059 0.00357056 0.00363223 0.0036322 -0.00438863 -0.00438862 -0.00434935 -0.00434934 0.00514438 0.00514438 0.00517249 0.00517249 -0.00590605 -0.00590605 -0.00587905 -0.00587905 0.00430414 0.00430414 0.00432958 0.00432958 -0.00534952 -0.00534952 -0.00532552 -0.00532552
0.299 0.000287523 0.000357801 0.000235471 0.000305865 -0.000483882 -0.000497078 -0.000517043 -0.000531611 -0.000454082 -0.000451593 -0.000476181 -0.000473198 0.00122063 0.00122015 0.0012157 0.00121509 -0.00243476 -0.00243466 -0.00242972 -0.0024296 0.00472789 0.00472787 0.00472889 0.00472887 -0.00656092 -0.00656092 -0.00656307 -0.00656307 0.00819131 0.00819132 0.00820038 0.00820037 -0.00971371 -0.0097137 -0.00967961 -0.00967961 0.00858686 0.00858686 0.00864788 0.00864788 -0.0098214 -0.00982141 -0.0097479 -0.0097479
0.3 0.000211944 0.000220779 0.000178203 0.000207871 -0.000789588 -0.000789285 -0.000892407 -0.000897901 0.000196033 0.000195585 0.00011037 0.000111322 0.000466508 0.000466672 0.000394026 0.000393874 -0.00140021 -0.00140025 -0.00146795 -0.00146792 0.00390449 0.00390449 0.00384447 0.00384447 -0.00599166 -0.00599166 -0.00603378 -0.00603378 0.00785207 0.00785208 0.0078387 0.0078387 -0.00974369 -0.00974368 -0.00971703 -0.00971702 0.00898935 0.00898934 0.00905933 0.00905933 -0.0103565 -0.0103565 -0.0102659 -0.0102659
0.301 5.08366e-05 -4.8124e-05 5.69032e-05 1.7488e-05 -0.000981916 -0.000959635 -0.00110763 -0.00109815 0.000828707 0.000823769 0.000715345 0.000713078 -0.000626176 -0.000625081 -0.000735338 -0.0007348 0.00048898 0.000488733 0.000377577 0.000377462 0.00141285 0.0014129 0.00131793 0.00131795 -0.00292594 -0.00292595 -0.00298964 -0.00298965 0.00424536 0.00424536 0.00421568 0.00421568 -0.00599154 -0.00599155 -0.00598351 -0.00598351 0.00539506 0.00539506 0.00544326 0.00544326 -0.00678789 -0.00678788 -0.00672065 -0.00672065
0.302 -0.000171632 -0.000398493 -0.000108068 -0.000231298 -0.000957329 -0.000909913 -0.00104842 -0.00102112 0.00114696 0.00113706 0.00105299 0.00104698 -0.00154519 -0.00154311 -0.00164432 -0.001643 0.00243598 0.00243554 0.00232942 0.00232913 -0.00170242 -0.00170232 -0.00179105 -0.00179099 0.00134532 0.00134531 0.00128732 0.0012873 -0.00116928 -0.00116929 -0.00120245 -0.00120244 -5.13841e-06 -5.1501e-06 -1.89226e-05 -1.89271e-05 -0.000651544 -0.000651539 -0.000646493 -0.000646493 -0.000662017 -0.000662002 -0.000648362 -0.000648363
0.303 -0.000392892 -0.000719257 -0.000269742 -0.000465004 -0.000675913 -0.000609599 -0.000689973 -0.000647665 0.000948663 0.00093515 0.000912919 0.00090382 -0.00180228 -0.00179952 -0.0018488 -0.00184686 0.00356429 0.00356373 0.00350929 0.00350886 -0.00410369 -0.00410356 -0.00414762 -0.00414752 0.00502236 0.00502233 0.00499458 0.00499456 -0.0061943 -0.0061943 -0.00621692 -0.00621691 0.00576029 0.00576029 0.0057307 0.0057307 -0.00660055 -0.00660054 -0.00664116 -0.00664116 0.00542387 0.00542387 0.00537744 0.00537744
0.304 -0.000532925 -0.000879797 -0.000370615 -0.000596501 -0.000197387 -0.000128001 -0.000126496 -7.82359e-05 0.000239803 0.000225856 0.000276936 0.000266696 -0.00116962 -0.00116682 -0.0011434 -0.00114124 0.00331032 0.00330977 0.00333125 0.00333079 -0.00473419 -0.00473408 -0.00471443 -0.00471434 0.00654932 0.00654929 0.00656324 0.00656322 -0.00880088 -0.00880087 -0.0088037 -0.0088037 0.00895806 0.00895806 0.00892522 0.00892522 -0.00996361 -0.00996361 -0.0100323 -0.0100323 0.00891501 0.00891499 0.00882886 0.00882886
0.305 -0.000528466 -0.000789468 -0.000367175 -0.000563079 0.000324714 0.000376383 0.000449766 0.000491002 -0.000735502 -0.000745797 -0.000640958 -0.000649593 0.000185719 0.00018778 0.000273692 0.000275494 0.00169338 0.00169298 0.00178142 0.00178105 -0.00328106 -0.00328099 -0.00320625 -0.00320617 0.00526732 0.0052673 0.0053166 0.00531658 -0.00796313 -0.00796311 -0.0079454 -0.0079454 0.00831468 0.00831469 0.00829236 0.00829236 -0.00934692 -0.00934692 -0.00941366 -0.00941365 0.00836571 0.0083657 0.0082781 0.00827811
0.306 -0.000365493 -0.00044843 -0.000252178 -0.000359842 0.000694853 0.000711117 0.000817586 0.000839546 -0.00157278 -0.001576 -0.00145997 -0.00146444 0.00173961 0.00174027 0.00185182 0.00185273 -0.000662295 -0.000662437 -0.000545455 -0.000545631 -0.000325931 -0.000325911 -0.00022854 -0.000228505 0.00169276 0.00169276 0.00175617 0.00175616 -0.0040737 -0.0040737 -0.00404333 -0.00404333 0.00414472 0.00414473 0.00414216 0.00414215 -0.00502191 -0.00502192 -0.00505727 -0.00505726 0.00403561 0.00403561 0.00398566 0.00398567
0.307 -9.39666e-05 3.63849e-05 -6.36448e-05 -5.15981e-05 0.000755625 0.000730082 0.000818617 0.000814965 -0.00186898 -0.00186397 -0.00178462 -0.00178365 0.00281648 0.00281551 0.0029049 0.00290466 -0.00277325 -0.00277307 -0.00267869 -0.00267863 0.00288689 0.00288686 0.00296464 0.00296463 -0.00269679 -0.00269677 -0.00264627 -0.00264627 0.00122935 0.00122934 0.00125935 0.00125935 -0.00179397 -0.00179398 -0.00177582 -0.00177583 0.0011996 0.0011996 0.00121142 0.00121142 -0.00222913 -0.00222911 -0.00221893 -0.00221893
0.308 0.000184694 0.000482682 0.000125467 0.000245398 0.000462694 0.000404672 0.000433298 0.000407012 -0.00140345 -0.00139211 -0.00138254 -0.00137687 0.00288156 0.00287934 0.00290823 0.00290702 -0.00371242 -0.00371198 -0.00368162 -0.00368137 0.00497155 0.00497147 0.00499599 0.00499594 -0.00608027 -0.00608025 -0.00606397 -0.00606396 0.00574977 0.00574976 0.00576684 0.00576685 -0.00703971 -0.00703971 -0.00700846 -0.00700846 0.00672886 0.00672887 0.00678296 0.00678296 -0.00777515 -0.00777514 -0.00770912 -0.00770913
0.309 0.000355208 0.000703112 0.000234677 0.000407414 -8.07152e-05 -0.000148059 -0.000195026 -0.000231857 -0.000257918 -0.000244842 -0.000309323 -0.000301568 0.00179396 0.0017914 0.00174728 0.00174566 -0.00301875 -0.00301824 -0.00306531 -0.00306498 0.00499212 0.00499202 0.0049527 0.00495263 -0.00705555 -0.00705554 -0.00708012 -0.00708011 0.00764574 0.00764574 0.00764303 0.00764303 -0.00945004 -0.00945003 -0.0094187 -0.00941869 0.00928063 0.00928063 0.00935343 0.00935343 -0.0102534 -0.0102534 -0.0101608 -0.0101608
0.31 0.00033704 0.000586968 0.000210112 0.00035608 -0.000650517 -0.000698429 -0.000804136 -0.000834493 0.00118418 0.00119339 0.00108158 0.00108782 -9.57604e-05 -9.75421e-05 -0.000196043 -0.000197309 -0.000920954 -0.000920598 -0.00102456 -0.00102431 0.00287213 0.00287206 0.00278598 0.00278592 -0.00522625 -0.00522624 -0.00528099 -0.00528098 0.00618745 0.00618746 0.00616654 0.00616654 -0.00808243 -0.00808242 -0.00806401 -0.00806401 0.00781988 0.00781988 0.00787943 0.00787943 -0.00859819 -0.0085982 -0.00852016 -0.00852016
0.311 0.000123386 0.000157542 5.08394e-05 9.74486e-05 -0.000984886 -0.0009907 -0.0011129 -0.0011216 0.00237069 0.00237167 0.00225944 0.00226102 -0.00205795 -0.0020581 -0.0021691 -0.00216938 0.00172959 0.00172961 0.00161428 0.00161433 -0.000556011 -0.000556021 -0.000651538 -0.00065155 -0.0013666 -0.0013666 -0.00142808 -0.00142807 0.0020458 0.00204581 0.00201587 0.00201587 -0.00356886 -0.00356885 -0.00357103 -0.00357104 0.00298297 0.00298296 0.00300295 0.00300295 -0.00346728 -0.00346728 -0.00343864 -0.00343863
0.312 -0.000207845 -0.000423144 -0.000185056 -0.000271549 -0.000893222 -0.000850746 -0.000939204 -0.000919584 0.00279957 0.00279117 0.00272618 0.00272182 -0.00327091 -0.00326924 -0.00334545 -0.0033445 0.00379895 0.0037986 0.00372239 0.00372219 -0.00388868 -0.00388861 -0.00395217 -0.00395212 0.00290514 0.00290514 0.00286307 0.00286306 -0.00300396 -0.00300396 -0.00303018 -0.00303019 0.00216624 0.00216623 0.00214427 0.00214426 -0.00319773 -0.00319773 -0.00322634 -0.00322633 0.00303629 0.0030363 0.00300267 0.00300268
0.313 -0.000518771 -0.000909755 -0.000399368 -0.000595381 -0.000345867 -0.000269789 -0.000286752 -0.000244403 0.00223601 0.00222116 0.00223169 0.00222266 -0.00316856 -0.00316566 -0.00317455 -0.00317265 0.004347 0.00434642 0.00434262 0.00434223 -0.00573749 -0.00573737 -0.00574142 -0.00574133 0.00580694 0.00580692 0.00580206 0.00580204 -0.0068353 -0.00683531 -0.00684697 -0.00684696 0.00672109 0.00672108 0.0066883 0.0066883 -0.00814611 -0.0081461 -0.00821096 -0.00821096 0.00824131 0.00824131 0.00816027 0.00816026
0.314 -0.000664664 -0.00107071 -0.000491775 -0.00072062 0.000496262 0.000574481 0.000639096 0.000687463 0.000834045 0.000818925 0.000901502 0.000891396 -0.00170136 -0.00169844 -0.00163606 -0.00163397 0.00303969 0.00303913 0.00310925 0.00310882 -0.00531845 -0.00531834 -0.00526114 -0.00526105 0.00614065 0.00614063 0.00617489 0.00617488 -0.00786201 -0.00786201 -0.00785462 -0.00785461 0.00822093 0.00822093 0.00819085 0.00819086 -0.00981364 -0.00981364 -0.00988638 -0.00988639 0.0100165 0.0100165 0.00992403 0.00992402
0.315 -0.000555038 -0.000788528 -0.000402286 -0.000561422 0.00133045 0.00137428 0.00149899 0.00153151 -0.000896784 -0.000905032 -0.000784828 -0.000791406 0.00060754 0.000609085 0.000716411 0.000717735 0.000317654 0.000317378 0.000430547 0.000430275 -0.00279304 -0.00279299 -0.00269936 -0.00269932 0.0037923 0.00379228 0.00385098 0.00385098 -0.00569458 -0.00569458 -0.00567173 -0.00567172 0.00609201 0.00609202 0.00607721 0.00607722 -0.00752379 -0.00752379 -0.00757243 -0.00757243 0.00764891 0.00764891 0.00758608 0.00758608
0.316 -0.000197145 -0.000120508 -0.000140341 -0.000142153 0.00182535 0.00180822 0.00194873 0.00194711 -0.00227687 -0.00227308 -0.0021667 -0.00216596 0.00284686 0.00284603 0.00295289 0.00295265 -0.0027595 -0.00275932 -0.00265269 -0.00265263 0.000787423 0.00078738 0.000876801 0.000876778 -0.00022537 -0.000225365 -0.000167282 -0.000167274 -0.00128912 -0.00128912 -0.00126071 -0.00126071 0.00128549 0.0012855 0.00129236 0.00129235 -0.00224112 -0.00224112 -0.00224415 -0.00224415 0.0021299 0.0021299 0.00212467 0.00212468
0.317 0.000298134 0.000709613 0.000212889 0.000402868 0.00175587 0.0016733 0.00178027 0.00173783 -0.00272614 -0.00270951 -0.00266396 -0.0026546 0.00407714 0.00407378 0.00413497 0.00413292 -0.00493776 -0.00493709 -0.00488354 -0.00488309 0.00391568 0.00391555 0.00396194 0.00396185 -0.00420518 -0.00420515 -0.00417244 -0.00417242 0.00346943 0.00346943 0.00349147 0.00349146 -0.00413669 -0.00413669 -0.00411066 -0.00411068 0.00384132 0.00384131 0.00388543 0.00388544 -0.00426468 -0.00426468 -0.00420997 -0.00420997
0.318 0.000753443 0.00139074 0.000532025 0.000875716 0.00110444 0.000978043 0.00101661 0.000942164 -0.00200998 -0.00198481 -0.00202254 -0.00200656 0.00372231 0.00371728 0.00370702 0.00370361 -0.00529025 -0.00528925 -0.00531193 -0.0053112 0.00526135 0.00526116 0.0052444 0.00524426 -0.0064695 -0.00646945 -0.00647608 -0.00647605 0.00656995 0.00656994 0.00657669 0.00657668 -0.00787503 -0.00787503 -0.00784041 -0.00784041 0.00821947 0.00821947 0.00829154 0.00829154 -0.00892128 -0.00892128 -0.00883093 -0.00883093
0.319 0.000992664 0.00164614 0.000695415 0.00109117 8.39765e-05 -4.51401e-05 -8.19246e-05 -0.000166244 -0.000357024 -0.000331413 -0.000440103 -0.000422281 0.00182892 0.00182382 0.00174673 0.00174298 -0.00361758 -0.00361656 -0.00370524 -0.00370445 0.00423646 0.00423625 0.00416368 0.00416352 -0.0060796 -0.00607956 -0.00612269 -0.00612266 0.00672365 0.00672363 0.00671278 0.00671278 -0.00835633 -0.00835633 -0.00832747 -0.00832746 0.00911583 0.00911583 0.00918428 0.00918428 -0.00996593 -0.00996593 -0.00988005 -0.00988005
0.32 0.000912968 0.00134959 0.000634885 0.000953196 -0.000932626 -0.00101895 -0.00110798 -0.00117456 0.00160754 0.00162467 0.00148778 0.00150163 -0.000922355 -0.000925776 -0.00103658 -0.00103944 -0.000553957 -0.000553261 -0.000669068 -0.000668485 0.00125279 0.00125265 0.00115585 0.00115572 -0.00323034 -0.00323032 -0.00329156 -0.00329153 0.00390125 0.00390124 0.00387778 0.00387778 -0.005385 -0.005385 -0.00537418 -0.00537417 0.0062061 0.0062061 0.00624084 0.00624083 -0.00702581 -0.00702581 -0.00698248 -0.00698248
0.321 0.000531467 0.000587102 0.000366735 0.000499746 -0.00155309 -0.00156466 -0.00166273 -0.00168906 0.00309545 0.00309787 0.00298872 0.00299393 -0.0034687 -0.00346921 -0.00356622 -0.00356724 0.00267386 0.00267398 0.00258144 0.00258163 -0.00244181 -0.00244184 -0.00252073 -0.00252078 0.00083656 0.000836558 0.000783429 0.000783441 -0.000664956 -0.000664952 -0.000691042 -0.000691043 -0.000212963 -0.000212963 -0.000225172 -0.000225174 0.000737255 0.000737252 0.000722886 0.000722889 -0.00136377 -0.00136377 -0.00138213 -0.00138213
0.322 -1.4398e-05 -0.000364815 -9.92791e-06 -0.000104483 -0.00152274 -0.00145476 -0.00151641 -0.00149425 0.00346768 0.00345446 0.00341884 0.00341383 -0.00478636 -0.00478377 -0.00482534 -0.00482424 0.0047426 0.00474209 0.00471272 0.00471248 -0.00528383 -0.00528373 -0.0053104 -0.00531035 0.00436387 0.00436385 0.00434164 0.00434163 -0.00501148 -0.00501148 -0.00502949 -0.00502949 0.00499577 0.00499576 0.00496514 0.00496512 -0.00500544 -0.00500545 -0.00506279 -0.00506278 0.00466271 0.00466271 0.00459091 0.00459092
0.323 -0.000515582 -0.00114014 -0.000348678 -0.000627422 -0.000834264 -0.000712569 -0.000708563 -0.000647959 0.00250062 0.00247683 0.00253079 0.0025178 -0.00431214 -0.00430747 -0.00427563 -0.00427288 0.00478122 0.00478029 0.00482629 0.00482573 -0.00605443 -0.00605424 -0.00601715 -0.00601702 0.00582928 0.00582926 0.00584762 0.00584759 -0.00727957 -0.00727957 -0.00728245 -0.00728245 0.00807671 0.00807671 0.00804018 0.00804017 -0.00865439 -0.00865439 -0.00872969 -0.00872968 0.00858659 0.00858658 0.00849326 0.00849327
0.324 -0.000771871 -0.00142637 -0.000512303 -0.000859484 0.000256916 0.000384604 0.000455545 0.00052942 0.000495031 0.00047003 0.00059235 0.000576788 -0.0021902 -0.00218529 -0.00209346 -0.00209022 0.00274337 0.0027424 0.00284326 0.00284259 -0.00440124 -0.00440105 -0.00431642 -0.00431628 0.0045966 0.00459657 0.00464772 0.00464769 -0.00650224 -0.00650223 -0.0064893 -0.00648929 0.00776849 0.00776849 0.00774142 0.00774143 -0.0087378 -0.0087378 -0.00879805 -0.00879806 0.00884766 0.00884766 0.00877416 0.00877415
0.325 -0.000672732 -0.00109298 -0.000428317 -0.000698727 0.00132259 0.00140463 0.00151557 0.00157177 -0.00182325 -0.00183933 -0.00169905 -0.00171066 0.000764142 0.000767293 0.000879964 0.000882354 -0.000556758 -0.00055737 -0.000445686 -0.000446177 -0.000998422 -0.000998307 -0.00090308 -0.000902986 0.00119045 0.00119042 0.00125242 0.0012524 -0.00301043 -0.00301043 -0.00298734 -0.00298733 0.00423085 0.00423085 0.00422505 0.00422507 -0.0052746 -0.0052746 -0.00529332 -0.00529333 0.0054201 0.0054201 0.00539885 0.00539884
0.326 -0.00024562 -0.000252092 -0.000120815 -0.000196408 0.00192509 0.00192637 0.00203334 0.00204724 -0.00357816 -0.0035784 -0.00347917 -0.00348171 0.00337742 0.00337746 0.00346285 0.00346332 -0.00376734 -0.00376733 -0.0036931 -0.00369319 0.00272738 0.00272737 0.0027917 0.00279171 -0.00292323 -0.00292324 -0.00287716 -0.00287716 0.00171149 0.00171149 0.00173521 0.00173522 -0.00103544 -0.00103545 -0.00101691 -0.00101691 0.000255327 0.000255328 0.000286491 0.000286491 -0.000202871 -0.000202866 -0.000162689 -0.000162694
0.327 0.000349273 0.000776143 0.000295235 0.000457233 0.00179107 0.00170772 0.00176779 0.00173115 -0.00408805 -0.00407169 -0.00405643 -0.00404831 0.00458682 0.0045836 0.00460518 0.00460341 -0.00555261 -0.00555197 -0.00554685 -0.00554648 0.00519427 0.00519415 0.00519964 0.00519956 -0.00595944 -0.00595942 -0.00594927 -0.00594925 0.00565784 0.00565784 0.00567273 0.00567272 -0.00582801 -0.00582801 -0.00579238 -0.00579239 0.00554499 0.00554499 0.00561253 0.00561254 -0.00565127 -0.00565127 -0.00556765 -0.00556764
0.328 0.00087782 0.00158346 0.000656407 0.00100356 0.000925972 0.000788149 0.000776976 0.000701843 -0.00314259 -0.00311557 -0.00319262 -0.00317656 0.00387555 0.00387024 0.00381878 0.00381536 -0.00515022 -0.00514918 -0.00521479 -0.00521407 0.00533626 0.00533606 0.0052805 0.00528036 -0.0065762 -0.00657615 -0.00660647 -0.00660644 0.00715245 0.00715244 0.00715279 0.00715278 -0.00816853 -0.00816853 -0.00813058 -0.00813059 0.00842687 0.00842686 0.00850127 0.00850128 -0.00867222 -0.00867222 -0.00858222 -0.00858221
0.329 0.0011225 0.00183305 0.000814087 0.00121597 -0.000378794 -0.000517571 -0.000595878 -0.000681182 -0.00109768 -0.0010705 -0.00120941 -0.00119148 0.00149485 0.00148951 0.00138705 0.0013833 -0.00269908 -0.00269804 -0.00280555 -0.00280476 0.00306445 0.00306424 0.00297205 0.00297189 -0.004453 -0.00445295 -0.00451072 -0.00451069 0.00555815 0.00555814 0.00554411 0.0055441 -0.00712518 -0.00712518 -0.00710114 -0.00710113 0.00776669 0.00776669 0.00781535 0.00781535 -0.00805838 -0.00805839 -0.00800171 -0.0080017
0.33 0.000969205 0.00139585 0.000693809 0.000990788 -0.00165203 -0.00173526 -0.00185006 -0.00191156 0.00125449 0.00127076 0.00112731 0.00113996 -0.00162375 -0.00162694 -0.00173653 -0.00173911 0.000803704 0.000804332 0.000701475 0.000702006 -0.000680116 -0.00068025 -0.000768795 -0.000768903 -0.000438487 -0.00043846 -0.000498612 -0.000498595 0.00154557 0.00154556 0.00152293 0.00152293 -0.00318875 -0.00318874 -0.00318936 -0.00318935 0.00391459 0.00391459 0.00391609 0.00391608 -0.00412753 -0.00412754 -0.00412895 -0.00412896
0.331 0.000455348 0.000407728 0.00032667 0.000391607 -0.00242293 -0.00241326 -0.00252036 -0.00253153 0.00299287 0.00299088 0.0029036 0.00290547 -0.0042363 -0.00423589 -0.00430577 -0.00430606 0.00390517 0.00390509 0.00385103 0.00385106 -0.00431017 -0.00431015 -0.00435653 -0.00435654 0.00379839 0.00379838 0.00376205 0.00376205 -0.00319137 -0.00319137 -0.00321355 -0.00321354 0.00195019 0.00195018 0.00192444 0.00192444 -0.00146691 -0.0014669 -0.00151335 -0.00151335 0.00143801 0.00143802 0.00137944 0.00137943
0.332 -0.00024113 -0.000777438 -0.000160436 -0.000371657 -0.00240489 -0.00229927 -0.00235951 -0.00231187 0.00343163 0.00341074 0.00341837 0.00340784 -0.0052887 -0.00528456 -0.00528505 -0.00528274 0.00529632 0.0052955 0.00531306 0.00531255 -0.00625613 -0.00625596 -0.00624018 -0.00624008 0.00646917 0.00646913 0.00647253 0.00647251 -0.00665187 -0.00665186 -0.00666482 -0.00666482 0.00612338 0.00612337 0.00608283 0.00608282 -0.00611653 -0.00611653 -0.00619068 -0.00619067 0.00631421 0.00631422 0.00622457 0.00622457
0.333 -0.000868743 -0.00172248 -0.000592785 -0.0010223 -0.00160977 -0.00144144 -0.00143719 -0.00134397 0.00239523 0.00236191 0.00246453 0.00244452 -0.00434937 -0.00434275 -0.00427409 -0.00426983 0.00436208 0.00436075 0.00444188 0.00444098 -0.0056334 -0.00563312 -0.00556237 -0.00556218 0.00642421 0.00642416 0.00646585 0.00646582 -0.00737336 -0.00737336 -0.00737199 -0.00737199 0.00759869 0.00759869 0.00756039 0.00756038 -0.00812417 -0.00812417 -0.00819359 -0.00819358 0.00851033 0.00851033 0.00842916 0.00842917
0.334 -0.00119978 -0.00207731 -0.000815496 -0.00132415 -0.000345905 -0.000172159 -0.000114679 -6.07424e-06 0.000291861 0.000257322 0.000415537 0.000392524 -0.00179323 -0.00178634 -0.00167846 -0.00167363 0.00145068 0.0014493 0.00155881 0.00155781 -0.00263066 -0.00263039 -0.00253575 -0.00253553 0.00364744 0.0036474 0.00370917 0.00370912 -0.00504833 -0.00504832 -0.00503318 -0.00503317 0.00580039 0.0058004 0.00578099 0.00578098 -0.00671751 -0.00671751 -0.00675178 -0.00675178 0.00718643 0.00718642 0.00714932 0.00714932
0.335 -0.00111951 -0.00171723 -0.000754162 -0.00117421 0.000900778 0.00102045 0.00109602 0.00118427 -0.00204663 -0.00207068 -0.00192005 -0.00193852 0.00134246 0.00134731 0.00144768 0.00145153 -0.00225446 -0.00225544 -0.00216458 -0.00216537 0.00154891 0.00154909 0.0016263 0.00162647 -0.000723901 -0.000723934 -0.000669122 -0.000669166 -0.000652971 -0.000652956 -0.000629991 -0.00062998 0.00153613 0.00153613 0.00154464 0.00154464 -0.00256065 -0.00256065 -0.00254471 -0.00254471 0.00297643 0.00297642 0.00299938 0.00299937
0.336 -0.000671597 -0.000793395 -0.00044411 -0.000643497 0.00165641 0.0016833 0.00173329 0.00177361 -0.00369621 -0.00370209 -0.00362007 -0.00362827 0.00377593 0.00377719 0.00382671 0.00382839 -0.00521378 -0.00521405 -0.00518052 -0.00518088 0.00517584 0.00517589 0.00520217 0.00520224 -0.00486701 -0.00486703 -0.00484317 -0.00484319 0.00396586 0.00396586 0.00398753 0.00398754 -0.0033594 -0.00335941 -0.00332575 -0.00332574 0.00255157 0.00255157 0.00261081 0.00261081 -0.00230821 -0.00230821 -0.00223566 -0.00223567
0.337 -4.09503e-05 0.000325938 -1.6313e-05 5.09502e-05 0.00164446 0.00157551 0.0015671 0.00155061 -0.00401081 -0.00399782 -0.00401784 -0.00401404 0.00450422 0.00450176 0.00447902 0.00447819 -0.0061673 -0.00616683 -0.00620449 -0.00620433 0.00671272 0.00671264 0.00667684 0.0066768 -0.00703509 -0.00703508 -0.00705255 -0.00705254 0.00687025 0.00687024 0.00688188 0.00688188 -0.00680804 -0.00680804 -0.00676304 -0.00676304 0.00646527 0.00646528 0.00654195 0.00654195 -0.00645859 -0.00645858 -0.00636855 -0.00636855
0.338 0.000519447 0.00120068 0.000354716 0.000631985 0.000892626 0.000761394 0.000687574 0.000627238 -0.00288161 -0.00285624 -0.0029698 -0.00295689 0.00321812 0.00321321 0.00312787 0.00312514 -0.00466475 -0.00466379 -0.00475596 -0.00475539 0.00546412 0.00546395 0.005382 0.00538188 -0.00629398 -0.00629395 -0.00634492 -0.00634488 0.00684823 0.00684822 0.00684495 0.00684494 -0.00736522 -0.00736522 -0.00732812 -0.00732813 0.00757458 0.00757458 0.00763518 0.00763518 -0.00779696 -0.00779695 -0.00772897 -0.00772897
0.339 0.000788825 0.00149311 0.000520288 0.000872208 -0.000281554 -0.000418466 -0.000534724 -0.000609575 -0.000779549 -0.000752864 -0.000912511 -0.000896765 0.000436401 0.000431194 0.000319672 0.000316377 -0.00126793 -0.00126691 -0.00137368 -0.00137299 0.00188402 0.00188382 0.00179162 0.00179148 -0.00292318 -0.00292314 -0.00298509 -0.00298506 0.00392362 0.00392361 0.00390647 0.00390646 -0.00482072 -0.00482071 -0.004808 -0.004808 0.00548194 0.00548193 0.00549998 0.00549998 -0.00586298 -0.00586298 -0.00584663 -0.00584662
0.34 0.000665805 0.00110106 0.000416348 0.000683618 -0.00140061 -0.00148612 -0.00160092 -0.00165643 0.0014371 0.00145392 0.00131523 0.00132669 -0.00269918 -0.00270249 -0.0027927 -0.00279507 0.00266408 0.00266473 0.00258922 0.00258971 -0.00259318 -0.00259331 -0.00265564 -0.00265574 0.00169019 0.00169023 0.00164452 0.00164453 -0.000655884 -0.00065588 -0.000680178 -0.00068018 -0.000273184 -0.000273177 -0.000291267 -0.000291263 0.00113952 0.00113952 0.00110712 0.00110712 -0.00157537 -0.00157539 -0.00161744 -0.00161744
0.341 0.000207392 0.000196391 8.80045e-05 0.000150995 -0.00202023 -0.00201933 -0.00208642 -0.00209773 0.00287268 0.00287273 0.00281388 0.00281592 -0.00488747 -0.00488752 -0.00491823 -0.00491859 0.00552381 0.00552383 0.00551174 0.00551181 -0.0061341 -0.00613412 -0.00613969 -0.0061397 0.00562383 0.00562384 0.00561427 0.00561426 -0.0049464 -0.00494639 -0.004968 -0.004968 0.00434731 0.0043473 0.0043053 0.0043053 -0.00357834 -0.00357833 -0.00364706 -0.00364706 0.00318777 0.00318777 0.00310611 0.00310611
0.342 -0.00039593 -0.000846896 -0.000330056 -0.000504437 -0.00190734 -0.00182063 -0.00181182 -0.00177273 0.00295932 0.00294258 0.00298963 0.00298107 -0.00520214 -0.0051989 -0.00515742 -0.00515556 0.00611574 0.00611511 0.00617125 0.00617084 -0.00726306 -0.00726293 -0.00720971 -0.00720963 0.00722201 0.00722198 0.00725241 0.00725239 -0.00712842 -0.00712842 -0.00713833 -0.00713833 0.00710192 0.00710191 0.00705364 0.00705364 -0.00668195 -0.00668194 -0.00675704 -0.00675704 0.00640196 0.00640197 0.00631668 0.00631668
0.343 -0.000898842 -0.00160576 -0.000669286 -0.00101621 -0.00113122 -0.000993948 -0.000912467 -0.000837546 0.00168804 0.00166129 0.00179613 0.00178017 -0.00347712 -0.00347189 -0.00337627 -0.00337289 0.0041561 0.00415508 0.00425495 0.00425423 -0.00548032 -0.00548011 -0.0053916 -0.00539146 0.0057919 0.00579185 0.00584855 0.00584853 -0.00627404 -0.00627405 -0.00626785 -0.00626785 0.00686043 0.00686043 0.00682696 0.00682695 -0.006906 -0.006906 -0.00695476 -0.00695476 0.00675235 0.00675236 0.0067007 0.0067007
0.344 -0.00110151 -0.00178025 -0.000796343 -0.00118152 -3.082e-05 0.000101986 0.000221301 0.000303075 -0.000389069 -0.000415156 -0.000247616 -0.00026483 -0.000383091 -0.000377945 -0.000269104 -0.000265514 0.000403444 0.000402429 0.000502949 0.000502207 -0.0014828 -0.00148259 -0.00139749 -0.00139734 0.00190172 0.00190168 0.00195956 0.00195953 -0.0027376 -0.0027376 -0.00271749 -0.00271748 0.00376873 0.00376874 0.00376536 0.00376535 -0.00422793 -0.00422794 -0.00422913 -0.00422913 0.00417141 0.00417141 0.00417564 0.00417565
0.345 -0.000930681 -0.00131447 -0.000667302 -0.000943356 0.000927894 0.00100424 0.00110845 0.00116584 -0.0023872 -0.00240244 -0.00227158 -0.00228348 0.00283951 0.00284257 0.00291834 0.00292078 -0.00363863 -0.00363924 -0.00358116 -0.00358166 0.00310947 0.00310959 0.00315432 0.00315442 -0.00284681 -0.00284683 -0.00281306 -0.00281309 0.0019943 0.00199431 0.00202024 0.00202025 -0.000827628 -0.000827622 -0.000798388 -0.000798389 0.000148223 0.000148222 0.00019513 0.000195128 -0.000162217 -0.000162237 -0.000104442 -0.000104437
0.346 -0.000468414 -0.0004171 -0.00034484 -0.0004124 0.00134597 0.0013382 0.00137822 0.0013907 -0.0034545 -0.0034534 -0.00341384 -0.00341618 0.0048842 0.00488407 0.00489475 0.00489519 -0.00632886 -0.00632885 -0.00633782 -0.0063379 0.00641278 0.00641277 0.00639796 0.00639798 -0.0064798 -0.00647979 -0.00648453 -0.00648455 0.00592948 0.00592949 0.00595048 0.00595049 -0.00496592 -0.00496593 -0.00491596 -0.00491595 0.00432651 0.00432652 0.00440116 0.00440116 -0.00435256 -0.00435257 -0.00426689 -0.00426688
0.347 8.32204e-05 0.000526877 2.86209e-05 0.000180317 0.00105703 0.000972912 0.000924763 0.000890881 -0.00312507 -0.00310905 -0.00317748 -0.00317011 0.0049139 0.00491084 0.00485208 0.00485052 -0.00655892 -0.00655834 -0.00663003 -0.00662971 0.00705533 0.00705521 0.00698769 0.00698762 -0.00747224 -0.00747221 -0.00751283 -0.00751282 0.00740934 0.00740933 0.00741643 0.00741643 -0.00690371 -0.00690372 -0.00685454 -0.00685454 0.00653702 0.00653702 0.006607 0.006607 -0.00660831 -0.0066083 -0.00653228 -0.00653228
0.348 0.000486935 0.00111692 0.000290704 0.000580305 0.000196156 7.52481e-05 -4.85935e-05 -0.000110791 -0.00151384 -0.00149056 -0.00163835 -0.00162519 0.00290801 0.00290351 0.00280029 0.00279755 -0.00421191 -0.00421103 -0.00431422 -0.00431366 0.00474857 0.00474841 0.00465789 0.00465777 -0.00538688 -0.00538685 -0.00544509 -0.00544505 0.0058067 0.00580668 0.00579658 0.00579657 -0.00585437 -0.00585437 -0.0058279 -0.0058279 0.0058857 0.0058857 0.0059206 0.00592061 -0.00600361 -0.00600359 -0.00597019 -0.0059702
0.349 0.000569522 0.00110396 0.000327146 0.000616163 -0.000856555 -0.000959735 -0.00111408 -0.00117485 0.000727771 0.000747741 0.000582901 0.000595543 -0.000322891 -0.000326767 -0.000430885 -0.000433495 -0.000218262 -0.000217503 -0.000307634 -0.000307097 0.000415924 0.000415788 0.000341809 0.000341694 -0.00106315 -0.00106313 -0.00111337 -0.00111334 0.00178902 0.001789 0.0017656 0.0017656 -0.00231017 -0.00231016 -0.0023189 -0.0023189 0.00271868 0.00271868 0.00270331 0.00270331 -0.00285521 -0.00285521 -0.00287848 -0.00287848
0.35 0.000294618 0.000494704 0.000119959 0.00027168 -0.00163472 -0.00167375 -0.00179851 -0.00182906 0.00267845 0.00268607 0.00257419 0.00258032 -0.00346335 -0.00346483 -0.00352616 -0.0035274 0.0038169 0.00381719 0.00377876 0.00377901 -0.00417777 -0.00417782 -0.00420319 -0.00420325 0.00372454 0.00372455 0.00370398 0.00370398 -0.00296334 -0.00296334 -0.0029904 -0.0029904 0.00218037 0.00218038 0.00213928 0.00213928 -0.00154792 -0.00154792 -0.00160702 -0.00160702 0.00143793 0.00143792 0.0013687 0.0013687
0.351 -0.000221285 -0.000450122 -0.000244359 -0.000306511 -0.00178149 -0.00173775 -0.00178264 -0.00176743 0.00352683 0.00351843 0.00350775 0.00350422 -0.00522852 -0.00522688 -0.00521996 -0.00521917 0.0062651 0.00626478 0.0062942 0.00629403 -0.00714645 -0.0071464 -0.00711248 -0.00711244 0.00699902 0.00699902 0.0070165 0.00701648 -0.00646438 -0.00646437 -0.00648371 -0.0064837 0.00568166 0.00568166 0.00562564 0.00562564 -0.00505233 -0.00505233 -0.0051296 -0.0051296 0.0050149 0.00501489 0.00493022 0.00493023
0.352 -0.000756525 -0.00132332 -0.000610171 -0.000869197 -0.00120143 -0.00109222 -0.00103801 -0.000981535 0.00290867 0.00288754 0.00298388 0.00297178 -0.00489025 -0.00488615 -0.00481426 -0.00481169 0.00613889 0.00613809 0.00622223 0.00622168 -0.00725741 -0.00725727 -0.00717929 -0.00717917 0.00739968 0.00739965 0.00744689 0.00744686 -0.00725723 -0.00725722 -0.00726048 -0.00726049 0.00669901 0.006699 0.00665268 0.00665267 -0.00629246 -0.00629246 -0.00635441 -0.00635441 0.00636016 0.00636017 0.00629685 0.00629686
0.353 -0.00107625 -0.00174065 -0.000817247 -0.00116818 -0.000105049 2.32518e-05 0.000156103 0.000230877 0.00106186 0.001037 0.00120077 0.00118503 -0.00257782 -0.00257299 -0.00246662 -0.00246333 0.00349703 0.00349608 0.00359837 0.00359769 -0.00444097 -0.00444078 -0.00435306 -0.00435291 0.00474829 0.00474825 0.00480424 0.00480422 -0.00502496 -0.00502496 -0.00501049 -0.0050105 0.00481219 0.00481218 0.00479653 0.00479653 -0.00476588 -0.00476588 -0.00478554 -0.00478553 0.00494924 0.00494926 0.00493436 0.00493436
0.354 -0.00103085 -0.00150227 -0.000767937 -0.00106055 0.00107345 0.00116449 0.00132378 0.00138475 -0.00126578 -0.00128341 -0.00112098 -0.00113358 0.000771441 0.000774858 0.000870973 0.000873564 -0.000576817 -0.000577476 -0.000501124 -0.00050165 0.000175983 0.000176124 0.000235286 0.000235387 0.000125833 0.000125798 0.000166175 0.000166165 -0.000721235 -0.000721239 -0.000694879 -0.000694875 0.000846692 0.000846691 0.000869483 0.000869483 -0.00117219 -0.00117219 -0.00114083 -0.00114083 0.00145806 0.00145807 0.00149741 0.0014974
0.355 -0.000620121 -0.000679231 -0.00046914 -0.000570337 0.00185254 0.00186359 0.00198675 0.00200602 -0.00311974 -0.00312179 -0.00302996 -0.00303361 0.00379291 0.00379329 0.00383899 0.00383967 -0.00441445 -0.00441452 -0.00439669 -0.00439681 0.00472794 0.00472795 0.00473301 0.00473302 -0.00457259 -0.0045726 -0.00456493 -0.00456493 0.00383334 0.00383334 0.00386062 0.00386064 -0.0034872 -0.0034872 -0.00343525 -0.00343525 0.00290364 0.00290364 0.00297261 0.00297261 -0.00254815 -0.00254816 -0.00247221 -0.00247222
0.356 3.82805e-06 0.000411475 -3.14503e-05 0.000118328 0.00190197 0.00182223 0.00186234 0.00182806 -0.00372971 -0.00371403 -0.00373324 -0.00372558 0.00525223 0.00524914 0.00522562 0.00522392 -0.00644353 -0.00644292 -0.00649079 -0.00649042 0.00737307 0.00737294 0.00732217 0.0073221 -0.00742024 -0.00742022 -0.0074479 -0.00744789 0.00671824 0.00671824 0.00673492 0.00673493 -0.00633044 -0.00633043 -0.00627192 -0.00627192 0.00568562 0.00568563 0.00576238 0.00576238 -0.00530588 -0.0053059 -0.00522642 -0.00522641
0.357 0.000596727 0.0013341 0.000374626 0.000734511 0.00118205 0.00103794 0.000983309 0.000905105 -0.00282782 -0.00279953 -0.00292396 -0.00290719 0.00455159 0.00454601 0.00446359 0.00446002 -0.00582961 -0.00582852 -0.005921 -0.00592025 0.00704664 0.00704641 0.0069625 0.00696235 -0.00725429 -0.00725424 -0.00730462 -0.00730459 0.00672019 0.00672018 0.00671904 0.00671903 -0.00647053 -0.00647053 -0.0064315 -0.0064315 0.00597664 0.00597664 0.00602778 0.00602778 -0.0056219 -0.00562191 -0.00557299 -0.00557297
0.358 0.000921194 0.00171206 0.000587756 0.00103058 -3.4685e-05 -0.000189549 -0.000310575 -0.000405011 -0.000763185 -0.000732738 -0.000912193 -0.000892245 0.00197698 0.00197097 0.00186464 0.00186047 -0.0028171 -0.00281592 -0.00291296 -0.00291209 0.00389565 0.00389542 0.00381533 0.00381515 -0.00415436 -0.00415431 -0.00420523 -0.0042052 0.00384118 0.00384117 0.0038224 0.00382238 -0.00385693 -0.00385694 -0.00385523 -0.00385523 0.00367174 0.00367174 0.00367484 0.00367485 -0.00338658 -0.00338657 -0.00338873 -0.00338872
0.359 0.00084429 0.00138371 0.000521994 0.000884192 -0.00126953 -0.00137579 -0.00150701 -0.0015828 0.00163581 0.00165681 0.00149633 0.00151209 -0.00141574 -0.00141992 -0.00150523 -0.00150849 0.00137084 0.00137168 0.00131169 0.00131237 -0.000783757 -0.000783913 -0.000825247 -0.000825388 0.000593709 0.000593735 0.000564162 0.0005642 -0.000705399 -0.000705411 -0.00073415 -0.00073416 0.000382073 0.000382072 0.000344976 0.000344978 -0.0002043 -0.000204302 -0.00025085 -0.000250846 0.000387906 0.000387921 0.000336235 0.000336223
0.36 0.00039344 0.000471776 0.00020288 0.000350115 -0.00202952 -0.00204617 -0.0021276 -0.00215668 0.00339652 0.00340004 0.00332545 0.00333121 -0.00423067 -0.00423142 -0.00425974 -0.00426089 0.00503236 0.00503253 0.00503491 0.00503514 -0.00508004 -0.00508006 -0.005065 -0.00506506 0.00503281 0.00503281 0.00503684 0.00503686 -0.00500744 -0.00500744 -0.00503417 -0.00503416 0.00442605 0.00442605 0.00436606 0.00436606 -0.00394845 -0.00394845 -0.0040246 -0.0040246 0.00401766 0.00401766 0.00393903 0.00393901
0.361 -0.000252643 -0.000663069 -0.000241642 -0.000359826 -0.00200744 -0.00192875 -0.00192236 -0.0018949 0.00379835 0.0037832 0.00382614 0.00381998 -0.00530213 -0.00529919 -0.00525858 -0.00525724 0.00668214 0.00668157 0.00674462 0.00674433 -0.00725052 -0.00725041 -0.00718619 -0.00718613 0.00734522 0.0073452 0.00738038 0.00738037 -0.00725872 -0.00725871 -0.00727209 -0.00727207 0.00654314 0.00654315 0.00648668 0.00648668 -0.00592254 -0.00592254 -0.00599519 -0.0059952 0.00588735 0.00588734 0.00581547 0.00581548
0.362 -0.00083492 -0.00156633 -0.000632169 -0.000961127 -0.0012083 -0.00106657 -0.000972579 -0.000901148 0.00266847 0.00264091 0.00278402 0.00276875 -0.00417249 -0.0041671 -0.0040746 -0.00407138 0.00565704 0.00565598 0.00575201 0.00575133 -0.00643335 -0.00643316 -0.00634841 -0.00634827 0.00660194 0.00660191 0.00665249 0.00665245 -0.00651641 -0.0065164 -0.00651052 -0.00651052 0.00583069 0.00583069 0.00580303 0.00580303 -0.00526573 -0.00526573 -0.00530311 -0.00530312 0.00515811 0.0051581 0.00512343 0.00512345
0.363 -0.00111836 -0.00187345 -0.000810151 -0.00121131 5.00056e-05 0.000197086 0.000340325 0.00042567 0.000455758 0.000427013 0.00061079 0.000592818 -0.00128186 -0.00127623 -0.00117072 -0.00116696 0.00238463 0.00238351 0.002471 0.00247021 -0.00299456 -0.00299435 -0.00292637 -0.0029262 0.00314063 0.0031406 0.00318454 0.00318451 -0.00309348 -0.00309347 -0.00307047 -0.00307047 0.00259966 0.00259966 0.00261356 0.00261356 -0.00226838 -0.00226838 -0.002254 -0.002254 0.00213531 0.00213531 0.00215223 0.00215224
0.364 -0.000987345 -0.00145842 -0.000702214 -0.00100839 0.00126303 0.00135547 0.00148806 0.00155174 -0.00194822 -0.00196641 -0.00181909 -0.00183226 0.00220853 0.00221211 0.00228626 0.00228898 -0.0017947 -0.0017954 -0.00175383 -0.00175438 0.00163074 0.00163089 0.00165264 0.00165275 -0.0015828 -0.00158283 -0.00156422 -0.00156423 0.00157761 0.00157761 0.00160832 0.00160832 -0.00176033 -0.00176033 -0.0017105 -0.0017105 0.00175387 0.00175386 0.00181393 0.00181394 -0.00186321 -0.0018632 -0.00180222 -0.00180223
0.365 -0.00049313 -0.000486321 -0.000350261 -0.000432854 0.00194283 0.00194252 0.00200882 0.00202406 -0.00356915 -0.00356927 -0.00352084 -0.00352366 0.00488746 0.00488751 0.00489908 0.0048996 -0.00517777 -0.00517777 -0.00519937 -0.00519946 0.00553519 0.0055352 0.00550189 0.0055019 -0.00560449 -0.0056045 -0.00561866 -0.00561865 0.00555038 0.00555038 0.00557592 0.00557593 -0.00537684 -0.00537684 -0.00531284 -0.00531283 0.00503129 0.00503129 0.00511094 0.00511095 -0.00508152 -0.00508151 -0.00500252 -0.00500254
0.366 0.000166151 0.000652148 0.000105077 0.00028416 0.00181552 0.00172173 0.00169435 0.00165397 -0.00374476 -0.00372658 -0.00379842 -0.00378953 0.00566729 0.00566375 0.00560781 0.00560588 -0.00639484 -0.00639415 -0.00646889 -0.00646848 0.00712597 0.00712583 0.00705283 0.00705273 -0.00726891 -0.00726889 -0.00730905 -0.00730903 0.00718277 0.00718277 0.00719219 0.0071922 -0.00669613 -0.00669612 -0.00664629 -0.00664629 0.00610978 0.00610979 0.00617426 0.00617425 -0.00609351 -0.00609352 -0.00603002 -0.00603002
0.367 0.000725194 0.001498 0.000481079 0.00085396 0.000933179 0.000782957 0.000674572 0.000593938 -0.00239411 -0.00236479 -0.00252783 -0.00251062 0.00422617 0.00422044 0.0041205 0.00411686 -0.0049665 -0.00496538 -0.00506063 -0.00505988 0.00577646 0.00577623 0.00569603 0.00569588 -0.00591118 -0.00591113 -0.00595951 -0.00595948 0.00582349 0.00582347 0.00581242 0.00581241 -0.00514775 -0.00514774 -0.00513443 -0.00513443 0.00448618 0.00448618 0.00450726 0.00450725 -0.00443085 -0.00443086 -0.00440972 -0.0044097
0.368 0.000958756 0.00170966 0.000626814 0.00104698 -0.000345742 -0.000492452 -0.000634533 -0.000723722 -5.16969e-05 -2.29331e-05 -0.000209471 -0.000190712 0.00113876 0.00113312 0.00103129 0.00102737 -0.00149427 -0.00149316 -0.00156794 -0.00156714 0.00207543 0.00207521 0.00202295 0.0020228 -0.00212301 -0.00212296 -0.00215864 -0.00215861 0.00207847 0.00207846 0.00205116 0.00205114 -0.00138867 -0.00138868 -0.00141819 -0.00141819 0.000833989 0.000833989 0.000802394 0.000802396 -0.000797064 -0.000797065 -0.000827228 -0.000827213
0.369 0.000772972 0.00120165 0.000484314 0.000785817 -0.0015001 -0.0015847 -0.0016988 -0.00176133 0.00234739 0.00236413 0.00223221 0.00224512 -0.00235734 -0.00236066 -0.00242134 -0.00242399 0.00259124 0.0025919 0.00256926 0.00256981 -0.00242617 -0.0024263 -0.00242828 -0.00242839 0.00250483 0.00250486 0.00249688 0.00249691 -0.00245241 -0.00245241 -0.0024847 -0.00248472 0.00297732 0.00297732 0.00291768 0.00291768 -0.00328009 -0.00328009 -0.00335062 -0.00335061 0.00322795 0.00322795 0.00315919 0.00315919
0.37 0.000243687 0.000179834 0.000112238 0.000176888 -0.0020561 -0.00204507 -0.00208153 -0.00209293 0.00384426 0.00384236 0.00382076 0.00382277 -0.00486365 -0.00486334 -0.00485706 -0.00485742 0.00561913 0.00561908 0.00565753 0.0056576 -0.00586258 -0.00586257 -0.00581431 -0.00581433 0.0060527 0.00605268 0.00607522 0.00607523 -0.00585497 -0.00585496 -0.00587856 -0.00587856 0.00608499 0.00608499 0.00602147 0.00602147 -0.00606886 -0.00606887 -0.00614757 -0.00614756 0.00586835 0.00586835 0.00579005 0.00579003
0.371 -0.000413807 -0.000941188 -0.000337589 -0.000532228 -0.00177882 -0.00167734 -0.00161967 -0.00157613 0.00384205 0.00382245 0.00392074 0.00391123 -0.00538643 -0.00538264 -0.00531179 -0.00530974 0.00636124 0.0063605 0.00644276 0.00644233 -0.00682466 -0.00682451 -0.006748 -0.00674792 0.00707256 0.00707252 0.0071152 0.00711519 -0.00670822 -0.00670822 -0.00671278 -0.00671276 0.0066051 0.0066051 0.00656589 0.00656589 -0.00629827 -0.00629827 -0.00635085 -0.00635085 0.00592566 0.00592566 0.00587107 0.00587106
0.372 -0.000931438 -0.00170517 -0.000681277 -0.00105248 -0.000767765 -0.000617722 -0.000489405 -0.000409389 0.00234483 0.00231563 0.00249291 0.0024759 -0.003736 -0.00373029 -0.00362456 -0.00362098 0.00452968 0.00452856 0.00461886 0.00461811 -0.00493618 -0.00493596 -0.00486511 -0.00486495 0.00518468 0.00518464 0.00522869 0.00522866 -0.00467898 -0.00467898 -0.00466203 -0.00466201 0.00431346 0.00431346 0.00431615 0.00431616 -0.00382844 -0.00382844 -0.00383202 -0.00383203 0.00331031 0.00331031 0.00330286 0.00330287
0.373 -0.00109636 -0.00179824 -0.000776904 -0.00116976 0.000582146 0.000718922 0.00086485 0.000947937 -4.643e-05 -7.31681e-05 0.000108544 9.11318e-05 -0.000598372 -0.000593117 -0.000497067 -0.000493448 0.000886752 0.000885717 0.00094541 0.000944652 -0.000998791 -0.000998595 -0.000964182 -0.000964018 0.00122358 0.00122355 0.00125007 0.00125003 -0.000653975 -0.000653975 -0.000622233 -0.000622232 0.000188218 0.000188214 0.00023192 0.000231917 0.000313116 0.00031312 0.000360032 0.000360031 -0.000901459 -0.000901463 -0.000858207 -0.000858191
0.374 -0.000836678 -0.00117538 -0.000581574 -0.000831083 0.00173845 0.00180503 0.00190892 0.00196012 -0.00237794 -0.00239105 -0.00228192 -0.00229238 0.0027479 0.00275048 0.00279618 0.00279831 -0.00307447 -0.00307497 -0.0030709 -0.00307133 0.00335018 0.00335028 0.00333403 0.00333412 -0.00312344 -0.00312346 -0.00312541 -0.00312543 0.00364366 0.00364367 0.0036769 0.00367689 -0.00400663 -0.00400663 -0.00394105 -0.00394105 0.00436165 0.00436165 0.00443861 0.00443862 -0.00491538 -0.00491538 -0.00483946 -0.00483945
0.375 -0.000250313 -7.84857e-05 -0.000168561 -0.00016573 0.00224409 0.0022113 0.0022325 0.00222932 -0.00372752 -0.00372122 -0.0037316 -0.00373049 0.00495247 0.00495123 0.00492706 0.00492675 -0.00574485 -0.0057446 -0.00579704 -0.00579695 0.00632146 0.00632142 0.00626268 0.00626266 -0.00603013 -0.00603013 -0.00605899 -0.00605898 0.00638903 0.00638904 0.0064094 0.0064094 -0.00647452 -0.00647453 -0.00641602 -0.00641602 0.0065678 0.00656779 0.00664136 0.00664137 -0.00698397 -0.00698397 -0.00690761 -0.00690762
0.376 0.000434402 0.00106102 0.000302219 0.000566741 0.00189968 0.00177783 0.00171184 0.00165327 -0.00357336 -0.00354955 -0.00367629 -0.00366355 0.00513878 0.0051341 0.00505011 0.00504738 -0.00605538 -0.00605446 -0.00614019 -0.00613961 0.00671307 0.0067129 0.00663822 0.00663809 -0.00629598 -0.00629596 -0.00633866 -0.00633863 0.00642892 0.00642892 0.00642723 0.00642723 -0.00615518 -0.00615517 -0.00612971 -0.00612971 0.00595172 0.00595171 0.00599003 0.00599002 -0.00616238 -0.00616238 -0.00611841 -0.00611843
0.377 0.0009503 0.00179528 0.000648312 0.00108056 0.000841981 0.000676744 0.000556719 0.000463632 -0.00199876 -0.00196632 -0.00215721 -0.00213739 0.00325309 0.00324671 0.00313843 0.00313425 -0.00390637 -0.00390512 -0.00398715 -0.00398628 0.00439925 0.004399 0.00434127 0.00434108 -0.00384188 -0.00384183 -0.00387974 -0.0038797 0.00376682 0.0037668 0.00374317 0.00374317 -0.00318045 -0.00318044 -0.00319943 -0.00319942 0.00273464 0.00273464 0.00272116 0.00272115 -0.00272948 -0.00272948 -0.00273723 -0.00273723
0.378 0.00109802 0.00183883 0.000737445 0.00117764 -0.000512405 -0.000658233 -0.000776206 -0.000869403 0.000347842 0.000376643 0.000201083 0.000220668 7.73642e-05 7.16699e-05 -1.47678e-05 -1.88606e-05 -0.000196757 -0.000195629 -0.000239174 -0.000238333 0.000369433 0.000369204 0.000353143 0.000352973 0.000268396 0.00026845 0.000251419 0.000251454 -0.000444743 -0.000444767 -0.000480637 -0.000480643 0.0011783 0.0011783 0.00112311 0.00112311 -0.00174083 -0.00174082 -0.0018002 -0.0018002 0.00191119 0.00191119 0.00185445 0.00185447
0.379 0.000824795 0.0011812 0.000539627 0.000825649 -0.00163457 -0.00170606 -0.00176742 -0.00182646 0.00251911 0.00253347 0.00244655 0.00245871 -0.00309567 -0.00309855 -0.00312603 -0.00312854 0.00355405 0.00355464 0.0035674 0.00356791 -0.00369394 -0.00369407 -0.00366249 -0.00366259 0.00428571 0.00428574 0.00429626 0.00429628 -0.00439923 -0.00439923 -0.004432 -0.00443201 0.0050505 0.00505049 0.00498341 0.00498341 -0.00557244 -0.00557244 -0.00565201 -0.005652 0.0058146 0.00581459 0.00573283 0.00573284
0.38 0.000243998 8.86214e-05 0.000137929 0.000169113 -0.00209417 -0.00206591 -0.00204131 -0.00204553 0.00365144 0.00364629 0.00368417 0.00368468 -0.00498999 -0.00498905 -0.00494536 -0.00494542 0.00583238 0.00583222 0.00589486 0.00589487 -0.00611899 -0.00611896 -0.0060547 -0.0060547 0.00651644 0.00651643 0.00654918 0.00654918 -0.00640722 -0.0064072 -0.00642242 -0.00642243 0.00676533 0.00676533 0.00671595 0.00671595 -0.0071063 -0.00710631 -0.00717171 -0.0071717 0.0073176 0.0073176 0.00724593 0.00724592
0.381 -0.000411796 -0.00100487 -0.000305932 -0.00053003 -0.00172876 -0.00161452 -0.00151249 -0.00146275 0.0033088 0.00328671 0.00343305 0.00342225 -0.00486033 -0.00485606 -0.00475931 -0.004757 0.00574566 0.00574482 0.00582989 0.00582941 -0.00593485 -0.00593468 -0.00586654 -0.00586644 0.00603358 0.00603354 0.00607387 0.00607385 -0.00561569 -0.00561567 -0.00560618 -0.00560617 0.00556886 0.00556887 0.00555902 0.00555902 -0.00564763 -0.00564764 -0.00567065 -0.00567065 0.00575293 0.00575294 0.00572258 0.00572257
0.382 -0.000884733 -0.00167203 -0.000616906 -0.000998005 -0.000704251 -0.000551026 -0.000414215 -0.000332213 0.00165013 0.00162021 0.00181303 0.0017956 -0.00278493 -0.00277907 -0.00267022 -0.00266654 0.00337577 0.00337461 0.00344563 0.00344485 -0.00326329 -0.00326305 -0.00322074 -0.00322059 0.00305994 0.00305989 0.00309037 0.00309034 -0.0023701 -0.0023701 -0.00233943 -0.00233942 0.00195281 0.00195281 0.00198686 0.00198686 -0.00176936 -0.00176936 -0.00174003 -0.00174004 0.00174729 0.00174729 0.00177189 0.00177189
0.383 -0.000994389 -0.00166205 -0.000676276 -0.00105794 0.000556249 0.000687374 0.000800615 0.000881293 -0.000644054 -0.000669886 -0.000512059 -0.000528985 0.000378528 0.000383638 0.000458112 0.000461645 -0.000270456 -0.000271473 -0.000244368 -0.00024511 0.000747305 0.000747504 0.000746334 0.000746486 -0.00113515 -0.00113518 -0.00112718 -0.00112721 0.0019338 0.00193379 0.00197264 0.00197265 -0.00254761 -0.00254761 -0.00248467 -0.00248467 0.00291728 0.00291729 0.00298638 0.00298637 -0.00302873 -0.00302874 -0.00295928 -0.00295927
0.384 -0.000708029 -0.000997264 -0.000467735 -0.000698315 0.00154501 0.00160324 0.00164406 0.00169141 -0.00265267 -0.0026644 -0.00260808 -0.00261779 0.00335072 0.00335309 0.00336107 0.00336305 -0.0036873 -0.00368776 -0.00371527 -0.00371567 0.00441235 0.00441244 0.00436958 0.00436967 -0.00477848 -0.00477849 -0.0047956 -0.00479562 0.00544533 0.00544533 0.00547537 0.00547537 -0.00600309 -0.0060031 -0.00593897 -0.00593897 0.00643763 0.00643764 0.00651678 0.00651678 -0.0065582 -0.0065582 -0.00647363 -0.00647362
0.385 -0.000150801 4.07184e-05 -8.18293e-05 -7.42706e-05 0.0018731 0.0018378 0.00178794 0.00178414 -0.00358594 -0.00357942 -0.00364798 -0.00364684 0.00495265 0.00495144 0.00488905 0.00488875 -0.00549263 -0.00549239 -0.00556187 -0.00556179 0.00621726 0.00621721 0.00615254 0.00615253 -0.00634386 -0.00634386 -0.00637794 -0.00637794 0.00664809 0.00664811 0.00665583 0.00665582 -0.00691265 -0.00691265 -0.00687553 -0.00687553 0.00729052 0.00729051 0.0073456 0.0073456 -0.00733058 -0.00733058 -0.00726757 -0.00726757
0.386 0.000447224 0.00102808 0.000322299 0.000557493 0.00142281 0.00131108 0.00119074 0.00113893 -0.00309743 -0.00307586 -0.00323975 -0.00322855 0.00457777 0.00457358 0.00446707 0.00446469 -0.00498904 -0.00498823 -0.00506952 -0.00506902 0.00544321 0.00544306 0.00538532 0.00538521 -0.00519372 -0.00519369 -0.00522972 -0.0052297 0.00500795 0.00500796 0.00498946 0.00498945 -0.00484913 -0.00484912 -0.00485525 -0.00485524 0.00509202 0.005092 0.00509919 0.00509919 -0.00498837 -0.00498837 -0.00497454 -0.00497455
0.387 0.000844881 0.00157054 0.000581776 0.000943091 0.000389127 0.000248134 0.000107445 2.99339e-05 -0.00141214 -0.00138465 -0.001574 -0.00155757 0.00242393 0.00241855 0.0023133 0.00230987 -0.00243481 -0.00243377 -0.00249229 -0.00249158 0.0024536 0.0024534 0.00242739 0.00242724 -0.001842 -0.00184196 -0.00186466 -0.00186462 0.00120408 0.00120407 0.00116705 0.00116704 -0.000651508 -0.000651501 -0.000698105 -0.0006981 0.000750281 0.000750277 0.000706248 0.000706244 -0.000490174 -0.000490173 -0.000531974 -0.000531977
0.388 0.00088626 0.00145986 0.000594998 0.000932529 -0.000804306 -0.000916784 -0.00101916 -0.00109021 0.000776735 0.000798849 0.000664488 0.000679333 -0.000603873 -0.000608231 -0.000667055 -0.000670129 0.00108112 0.00108197 0.00107056 0.00107119 -0.00147354 -0.00147371 -0.00145781 -0.00145795 0.00227004 0.00227008 0.00226977 0.0022698 -0.00315559 -0.00315562 -0.00319504 -0.00319504 0.0039209 0.0039209 0.00385433 0.00385432 -0.00390749 -0.00390747 -0.00398395 -0.00398396 0.00428346 0.00428346 0.00420378 0.00420378
0.389 0.000560991 0.000752842 0.000360767 0.000537135 -0.00167862 -0.00171745 -0.00173932 -0.001775 0.00259558 0.00260343 0.0025809 0.00258812 -0.00327417 -0.00327575 -0.00326264 -0.00326411 0.00410174 0.00410207 0.00414176 0.00414206 -0.00469136 -0.00469143 -0.00464203 -0.00464208 0.00538809 0.00538811 0.00540947 0.00540948 -0.00621498 -0.006215 -0.00623932 -0.00623932 0.00692914 0.00692913 0.00687176 0.00687175 -0.00690226 -0.00690224 -0.00697828 -0.00697828 0.00731945 0.00731945 0.00723629 0.0072363
0.39 5.08917e-06 -0.000257259 -2.35463e-05 -7.86802e-05 -0.0018913 -0.00184169 -0.00177533 -0.00176142 0.00334293 0.00333349 0.003432 0.00342872 -0.00453267 -0.00453086 -0.00445113 -0.0044504 0.00540583 0.00540549 0.00547866 0.00547851 -0.00587592 -0.00587586 -0.00581556 -0.00581552 0.00618803 0.00618801 0.00622125 0.00622124 -0.00665839 -0.00665838 -0.00665655 -0.00665655 0.00707784 0.00707784 0.0070547 0.0070547 -0.00694213 -0.00694213 -0.00698482 -0.00698482 0.00732503 0.00732503 0.00727455 0.00727455
0.391 -0.000556642 -0.00116311 -0.000403112 -0.000666538 -0.00136897 -0.00125166 -0.00112703 -0.00106935 0.00276347 0.00274069 0.00291809 0.00290567 -0.00392214 -0.0039177 -0.00380536 -0.00380273 0.00450253 0.00450166 0.00457685 0.00457629 -0.0045734 -0.00457323 -0.00452851 -0.00452839 0.0043341 0.00433406 0.0043648 0.00436478 -0.00427271 -0.00427269 -0.00424518 -0.00424518 0.00427174 0.00427174 0.00429284 0.00429285 -0.00397727 -0.00397729 -0.00396794 -0.00396793 0.00428242 0.00428242 0.0042868 0.0042868
0.392 -0.000902209 -0.00160824 -0.000628623 -0.000994952 -0.000329753 -0.000191955 -6.38082e-05 1.46109e-05 0.00113587 0.00110888 0.0012898 0.00127319 -0.00175012 -0.00174482 -0.00164815 -0.00164464 0.00181541 0.00181435 0.0018598 0.00185906 -0.00137651 -0.0013763 -0.00136581 -0.00136566 0.000617449 0.000617409 0.000632911 0.000632885 -4.42022e-05 -4.41839e-05 -2.96894e-06 -2.96958e-06 -0.000332821 -0.000332817 -0.000276792 -0.000276789 0.000767263 0.000767254 0.000824942 0.000824944 -0.000532658 -0.000532657 -0.00047498 -0.000474985
0.393 -0.000900536 -0.00142746 -0.000615386 -0.000940778 0.000810982 0.000914946 0.000990622 0.00105903 -0.000855828 -0.000876397 -0.000768416 -0.000782716 0.00105743 0.00106151 0.00110076 0.00110374 -0.0015132 -0.00151402 -0.00151701 -0.00151763 0.00233871 0.00233887 0.00231209 0.00231221 -0.00338185 -0.00338188 -0.00338748 -0.0033875 0.00425303 0.00425303 0.00428971 0.00428972 -0.00480693 -0.00480693 -0.00474048 -0.00474048 0.00529936 0.00529937 0.0053807 0.0053807 -0.00508135 -0.00508136 -0.00499512 -0.00499511
0.394 -0.000560891 -0.000707183 -0.000374983 -0.000534914 0.00161058 0.00164095 0.00163105 0.00166332 -0.00240873 -0.00241501 -0.00242506 -0.00243159 0.00334892 0.00335021 0.00331486 0.00331618 -0.00410918 -0.00410944 -0.0041588 -0.00415907 0.00500008 0.00500014 0.00494924 0.0049493 -0.00596491 -0.00596492 -0.00598847 -0.00598849 0.00680414 0.00680412 0.0068199 0.00681991 -0.00725937 -0.00725938 -0.00721146 -0.00721147 0.00769751 0.00769753 0.00776737 0.00776737 -0.00742053 -0.00742053 -0.00734302 -0.00734301
0.395 -2.4955e-05 0.000256405 -7.63364e-06 5.47254e-05 0.00177481 0.00172166 0.00163034 0.00161505 -0.00292568 -0.00291559 -0.00303846 -0.00303492 0.00422013 0.0042182 0.0041232 0.00412239 -0.00493764 -0.00493725 -0.00501139 -0.00501121 0.00550058 0.00550051 0.00544845 0.00544842 -0.0060325 -0.00603249 -0.00606351 -0.00606351 0.00652128 0.00652127 0.00650902 0.00650903 -0.00663718 -0.00663719 -0.00662862 -0.00662862 0.00692608 0.00692609 0.00695403 0.00695403 -0.00652871 -0.00652871 -0.00649363 -0.00649363
0.396 0.000493622 0.00108154 0.0003405 0.00059426 0.00126893 0.00115513 0.00102217 0.000966674 -0.00224588 -0.00222376 -0.00240651 -0.00239456 0.00337247 0.00336816 0.0032543 0.00325175 -0.00372057 -0.00371973 -0.00378691 -0.00378637 0.0036561 0.00365594 0.00362504 0.00362494 -0.00354866 -0.00354863 -0.00357398 -0.00357396 0.00350737 0.00350738 0.00347248 0.00347247 -0.00317738 -0.00317737 -0.00321182 -0.00321182 0.00328244 0.00328242 0.00325602 0.00325602 -0.00274855 -0.00274855 -0.00277138 -0.00277139
0.397 0.000796329 0.00145517 0.000536827 0.000878762 0.000321772 0.000192829 7.67406e-05 3.53203e-06 -0.000691847 -0.000666524 -0.00083134 -0.000815826 0.00121371 0.00120873 0.00112514 0.00112189 -0.00103169 -0.00103072 -0.00106268 -0.00106201 0.000270607 0.000270413 0.000272795 0.000272652 0.000445274 0.000445312 0.000435928 0.000435964 -0.000981523 -0.000981516 -0.00102357 -0.00102359 0.00168359 0.0016836 0.00162118 0.00162119 -0.00171673 -0.00171674 -0.0017864 -0.0017864 0.00234526 0.00234526 0.00227406 0.00227406
0.398 0.000777791 0.00125458 0.000514257 0.000812207 -0.000675197 -0.000769901 -0.000816972 -0.000879667 0.00107967 0.00109852 0.00102102 0.00103414 -0.0013325 -0.00133627 -0.00135332 -0.00135604 0.00196358 0.00196432 0.00198049 0.00198106 -0.00321382 -0.00321397 -0.00318108 -0.0031812 0.00427097 0.00427101 0.00428088 0.0042809 -0.00506088 -0.00506089 -0.00509143 -0.00509144 0.00590803 0.00590803 0.00584483 0.00584483 -0.00596636 -0.00596635 -0.00604927 -0.00604927 0.00660176 0.00660175 0.00651278 0.00651278
0.399 0.000463696 0.000588495 0.000294985 0.000440952 -0.00132964 -0.00135645 -0.00131128 -0.00134083 0.00235528 0.00236099 0.00240235 0.00240837 -0.00322154 -0.00322276 -0.00316565 -0.00316688 0.00400709 0.00400735 0.00406402 0.00406428 -0.00533022 -0.00533027 -0.00528249 -0.00528255 0.00632096 0.00632097 0.00634531 0.00634532 -0.00700968 -0.0070097 -0.00701524 -0.00701523 0.00771325 0.00771325 0.00767675 0.00767674 -0.00765884 -0.00765882 -0.00771899 -0.007719 0.00820005 0.00820005 0.00813178 0.00813179
0.4 -5.11251e-06 -0.00025587 -2.23595e-05 -7.09939e-05 -0.00140391 -0.00135743 -0.00123606 -0.00122406 0.00265385 0.00264521 0.0027861 0.00278334 -0.00371895 -0.00371735 -0.00361049 -0.00360989 0.00427335 0.00427306 0.00434558 0.00434546 -0.00520301 -0.00520295 -0.0051613 -0.00516127 0.0057352 0.00573519 0.0057634 0.00576338 -0.00599629 -0.0059963 -0.00597452 -0.00597451 0.00632573 0.00632573 0.00633179 0.00633179 -0.00605179 -0.00605178 -0.00606286 -0.00606287 0.00642469 0.00642469 0.00640688 0.00640689
0.401 -0.000433938 -0.000935077 -0.000305591 -0.000512692 -0.000902155 -0.000805984 -0.000657392 -0.00061221 0.00190904 0.00189052 0.00206945 0.00205978 -0.00268951 -0.00268592 -0.00257531 -0.00257327 0.00270214 0.00270145 0.00275887 0.00275845 -0.00290864 -0.0029085 -0.00289013 -0.00289003 0.0027616 0.00276156 0.00278183 0.00278181 -0.00243191 -0.0024319 -0.00239264 -0.00239263 0.00231399 0.002314 0.00235998 0.00235999 -0.0017922 -0.00179221 -0.00174905 -0.00174905 0.00198055 0.00198056 0.0020213 0.00202129
0.402 -0.000654437 -0.00118912 -0.00044338 -0.000712651 -5.67757e-05 4.7292e-05 0.000161761 0.000219225 0.000475618 0.000455296 0.000595287 0.000583153 -0.000629758 -0.000625764 -0.000559107 -0.000556564 4.22081e-06 3.42876e-06 2.16938e-05 2.11544e-05 0.000567613 0.000567766 0.000556606 0.000556716 -0.00135043 -0.00135046 -0.00134625 -0.00134626 0.0021984 0.00219842 0.00223771 0.0022377 -0.00264278 -0.00264278 -0.00257688 -0.00257687 0.00334405 0.00334404 0.00342297 0.00342298 -0.00329018 -0.00329018 -0.00320815 -0.00320816
0.403 -0.000590589 -0.000941374 -0.000388729 -0.000605363 0.000776023 0.000845562 0.000878251 0.000923561 -0.00103546 -0.00104927 -0.00100773 -0.00101717 0.00156111 0.00156385 0.00155779 0.00155976 -0.00265503 -0.00265559 -0.00268357 -0.00268398 0.00375585 0.00375596 0.00372177 0.00372185 -0.00487708 -0.0048771 -0.00489011 -0.00489012 0.00595737 0.00595738 0.00597943 0.00597942 -0.00645626 -0.00645626 -0.00639915 -0.00639916 0.00719211 0.00719211 0.00727266 0.00727267 -0.00717492 -0.00717492 -0.0070869 -0.0070869
0.404 -0.00028438 -0.000320048 -0.000174411 -0.000251946 0.00126537 0.00127426 0.00121169 0.00122682 -0.0020185 -0.00202058 -0.0020943 -0.00209729 0.00296872 0.00296918 0.00289306 0.00289366 -0.00415467 -0.00415476 -0.00421636 -0.00421648 0.00532428 0.0053243 0.00528273 0.00528275 -0.00634505 -0.00634505 -0.00636928 -0.00636929 0.00726899 0.00726898 0.00726433 0.00726434 -0.00750726 -0.00750726 -0.00748383 -0.00748384 0.00810906 0.00810907 0.00815617 0.00815617 -0.00802169 -0.00802169 -0.00796585 -0.00796583
0.405 0.000127428 0.000404107 0.00010461 0.000191378 0.00123713 0.00118506 0.00105403 0.0010342 -0.00211956 -0.00210972 -0.00226605 -0.00226167 0.00304352 0.00304163 0.0029284 0.00292746 -0.00388723 -0.00388687 -0.00395542 -0.00395521 0.00463659 0.00463653 0.00460518 0.00460514 -0.00514868 -0.00514867 -0.00517368 -0.00517369 0.00558172 0.00558171 0.00555278 0.00555279 -0.00533146 -0.00533146 -0.00535193 -0.00535194 0.0056727 0.0056727 0.00566565 0.00566564 -0.00544252 -0.00544252 -0.00544336 -0.00544334
0.406 0.000473745 0.000934811 0.000333085 0.000541719 0.000734935 0.000646068 0.000502659 0.000457427 -0.00136729 -0.00135009 -0.0015214 -0.00151174 0.00181539 0.00181205 0.00171071 0.00170867 -0.002002 -0.00200135 -0.00204772 -0.00204729 0.00201082 0.0020107 0.00200174 0.00200165 -0.00180038 -0.00180036 -0.00181577 -0.00181575 0.001602 0.00160199 0.00156179 0.00156179 -0.000822443 -0.000822438 -0.000877898 -0.00087789 0.000871449 0.000871446 0.000813 0.000812991 -0.000490195 -0.00049019 -0.000547801 -0.000547806
0.407 0.000620405 0.0010717 0.000423392 0.000665164 -1.04561e-05 -9.86973e-05 -0.000192731 -0.00024419 -0.000139194 -0.000121889 -0.000234843 -0.000223991 -0.000141042 -0.000144428 -0.000190073 -0.000192345 0.00067486 0.000675521 0.000670507 0.00067097 -0.00142567 -0.0014258 -0.00141026 -0.00141035 0.00228947 0.00228949 0.00228971 0.00228974 -0.00300096 -0.00300096 -0.00303472 -0.00303473 0.00413625 0.00413626 0.00407002 0.00407003 -0.00429892 -0.00429893 -0.00438362 -0.00438362 0.00477114 0.00477114 0.00468131 0.0046813
0.408 0.000522513 0.000786262 0.000349533 0.000528279 -0.00068658 -0.000739458 -0.000742889 -0.000780174 0.00101489 0.0010255 0.00101848 0.00102624 -0.00196793 -0.00197006 -0.00194037 -0.00194198 0.00300273 0.00300315 0.0030408 0.00304113 -0.00421935 -0.00421945 -0.00418736 -0.00418743 0.00540858 0.0054086 0.00542376 0.00542379 -0.00629551 -0.0062955 -0.00630826 -0.00630827 0.00745815 0.00745815 0.00741007 0.00741006 -0.00766681 -0.00766681 -0.00774102 -0.00774101 0.0081258 0.0081258 0.00804253 0.00804252
0.409 0.000237309 0.000223272 0.00015389 0.000205489 -0.00103222 -0.0010316 -0.000941458 -0.000951289 0.0016123 0.00161257 0.00171318 0.0017151 -0.00289565 -0.00289579 -0.00280379 -0.00280417 0.0040135 0.00401354 0.0040771 0.00407718 -0.00520478 -0.0052048 -0.0051702 -0.00517022 0.00626262 0.00626263 0.00628587 0.00628587 -0.00689896 -0.00689896 -0.0068856 -0.0068856 0.00773078 0.00773077 0.00772182 0.00772181 -0.0077977 -0.00779769 -0.00782904 -0.00782903 0.00813847 0.00813847 0.00809802 0.00809803
0.41 -0.000105816 -0.000369332 -7.46595e-05 -0.000158471 -0.00094157 -0.000892175 -0.000745394 -0.000726509 0.00143676 0.00142747 0.00159123 0.00158712 -0.00256445 -0.00256271 -0.00244836 -0.00244748 0.00331543 0.0033151 0.00337722 0.00337705 -0.00399017 -0.0039901 -0.00396698 -0.00396694 0.00451578 0.00451576 0.00453713 0.0045371 -0.00455889 -0.0045589 -0.00452574 -0.00452573 0.00481387 0.00481388 0.00484791 0.0048479 -0.00460474 -0.00460474 -0.00457931 -0.00457932 0.00476618 0.00476617 0.00478651 0.00478653
0.411 -0.000363531 -0.000749461 -0.000240715 -0.000413156 -0.000497789 -0.000423633 -0.000281793 -0.000244553 0.000615347 0.000601042 0.000756862 0.000748944 -0.00116239 -0.00115961 -0.00107243 -0.00107077 0.00124557 0.00124502 0.00127957 0.00127922 -0.00111172 -0.0011116 -0.00110835 -0.00110827 0.000925613 0.000925589 0.000936321 0.0009363 -0.000259641 -0.000259647 -0.000221409 -0.000221396 -9.41084e-05 -9.41039e-05 -3.20265e-05 -3.20218e-05 0.000602364 0.000602366 0.000673816 0.000673804 -0.00061005 -0.000610049 -0.000537225 -0.000537225
0.412 -0.000439304 -0.000781453 -0.000282751 -0.000465675 7.45263e-05 0.000141489 0.000217957 0.000256772 -0.000453888 -0.000467041 -0.000386084 -0.000394251 0.000673122 0.00067573 0.000698214 0.000699922 -0.00128846 -0.00128898 -0.00129597 -0.00129633 0.00220422 0.00220432 0.00218774 0.00218782 -0.00298219 -0.00298221 -0.00298606 -0.00298606 0.00419106 0.00419106 0.00421779 0.0042178 -0.00495195 -0.00495195 -0.004889 -0.00488899 0.00565526 0.00565526 0.00574187 0.00574187 -0.00575208 -0.00575208 -0.005658 -0.00565802
0.413 -0.000321031 -0.000486449 -0.00019693 -0.000316103 0.000513856 0.000547673 0.00052497 0.00054971 -0.00128658 -0.0012935 -0.00132136 -0.00132651 0.00214148 0.00214291 0.00209134 0.00209241 -0.00320426 -0.00320455 -0.00324923 -0.00324946 0.00456611 0.00456616 0.00453753 0.00453757 -0.00556009 -0.0055601 -0.00557625 -0.00557624 0.00692157 0.00692158 0.00692559 0.00692558 -0.0077281 -0.0077281 -0.00769178 -0.00769178 0.00843004 0.00843003 0.00849416 0.00849417 -0.00849703 -0.00849703 -0.00842247 -0.00842249
0.414 -8.07972e-05 -2.37266e-05 -3.50433e-05 -5.14451e-05 0.000636217 0.000627468 0.000512793 0.00051551 -0.00152557 -0.0015243 -0.00164761 -0.0016481 0.00262586 0.00262569 0.00252279 0.00252288 -0.00370609 -0.00370607 -0.00376885 -0.00376887 0.00500485 0.00500484 0.00497606 0.00497606 -0.00573224 -0.00573224 -0.00575344 -0.00575344 0.00678291 0.00678291 0.00676301 0.00676301 -0.00725317 -0.00725318 -0.00725924 -0.00725924 0.00773902 0.00773902 0.00775257 0.00775258 -0.0076663 -0.0076663 -0.00764391 -0.0076439
0.415 0.000161322 0.00038587 0.000121299 0.000197283 0.000410327 0.000368968 0.000207652 0.000190955 -0.00109054 -0.0010829 -0.00124706 -0.0012435 0.00195149 0.00195006 0.00184053 0.00183979 -0.00261533 -0.00261506 -0.0026692 -0.00266905 0.00337538 0.00337533 0.00335758 0.00335755 -0.00344324 -0.00344323 -0.00346056 -0.00346057 0.0038315 0.00383149 0.00379678 0.00379678 -0.00371444 -0.00371444 -0.00376006 -0.00376006 0.00383669 0.00383669 0.00379346 0.00379345 -0.00356939 -0.0035694 -0.00360941 -0.00360939
0.416 0.000292299 0.000559115 0.000198083 0.000314778 -3.69702e-05 -8.72609e-05 -0.000230677 -0.000255528 -0.000201943 -0.000192442 -0.000325482 -0.000320285 0.000447606 0.000445805 0.000376801 0.000375738 -0.000432518 -0.000432182 -0.000455174 -0.000454954 0.000405484 0.00040543 0.000404955 0.000404914 0.000325456 0.000325469 0.000318847 0.000318845 -0.000694659 -0.000694672 -0.000729006 -0.000728998 0.00141675 0.00141675 0.00135167 0.00135168 -0.00167521 -0.00167521 -0.00175672 -0.00175673 0.00211198 0.00211198 0.00202643 0.00202644
0.417 0.000255527 0.000428673 0.000161271 0.00025151 -0.0004844 -0.000517539 -0.00058629 -0.000604985 0.000726967 0.00073331 0.000689444 0.000693278 -0.0012084 -0.0012096 -0.00120886 -0.00120963 0.00189022 0.00189044 0.00190755 0.0019077 -0.00262451 -0.00262455 -0.00260847 -0.0026085 0.00397584 0.00397585 0.00398199 0.00398201 -0.00489644 -0.00489644 -0.00491579 -0.00491578 0.00599633 0.00599633 0.00594029 0.0059403 -0.00650792 -0.00650792 -0.00659238 -0.00659239 0.00701595 0.00701595 0.00692173 0.00692172
0.418 7.34068e-05 6.75288e-05 3.02866e-05 4.28105e-05 -0.000718721 -0.000718043 -0.00068679 -0.000688656 0.00127866 0.00127859 0.00134297 0.00134324 -0.00229232 -0.00229231 -0.002223 -0.00222304 0.00336412 0.00336411 0.00341333 0.00341333 -0.00443111 -0.00443112 -0.00440548 -0.00440549 0.0059708 0.00597079 0.00598648 0.0059865 -0.00701168 -0.00701167 -0.0070082 -0.00700821 0.00810336 0.00810335 0.00808071 0.00808071 -0.00863836 -0.00863836 -0.00868893 -0.00868892 0.00908292 0.00908292 0.00902101 0.00902099
0.419 -0.00016568 -0.000348992 -0.000132584 -0.000210151 -0.000629934 -0.000595338 -0.000480506 -0.000463287 0.00121602 0.00120946 0.00135407 0.00135035 -0.00234702 -0.00234577 -0.00223864 -0.00223787 0.00338602 0.00338579 0.00344594 0.00344578 -0.0042709 -0.00427086 -0.00424598 -0.00424595 0.00548161 0.0054816 0.00549999 0.00549998 -0.00615537 -0.00615535 -0.00613115 -0.00613116 0.00684551 0.0068455 0.00686587 0.00686587 -0.00715722 -0.00715723 -0.00715161 -0.0071516 0.00741919 0.0074192 0.00741689 0.00741689
0.42 -0.000349102 -0.000624935 -0.000251435 -0.000387903 -0.000257825 -0.000205267 -5.77569e-05 -2.84328e-05 0.000582749 0.000572695 0.000734746 0.000728546 -0.00137351 -0.00137159 -0.00127329 -0.00127199 0.00198777 0.00198741 0.00203324 0.00203298 -0.00224763 -0.00224756 -0.002233 -0.00223293 0.00273268 0.00273266 0.00274629 0.00274627 -0.00269071 -0.00269071 -0.00265659 -0.00265659 0.00273643 0.00273643 0.00279061 0.0027906 -0.00265689 -0.00265689 -0.0025972 -0.0025972 0.0026797 0.0026797 0.0027386 0.00273862
0.421 -0.000391246 -0.000632048 -0.000271246 -0.000406962 0.000229185 0.000275375 0.000391947 0.000420541 -0.000322409 -0.000331299 -0.000222016 -0.000227977 0.000180455 0.000182168 0.00022946 0.000230703 -0.000190781 -0.000191118 -0.000178362 -0.000178614 0.000744017 0.000744093 0.000743115 0.000743171 -0.00110032 -0.00110033 -0.00109652 -0.00109654 0.00192451 0.0019245 0.00195387 0.00195387 -0.0025146 -0.00251459 -0.00245045 -0.00245045 0.00300599 0.00300599 0.00309398 0.00309397 -0.00319354 -0.00319355 -0.00309852 -0.00309851
0.422 -0.000271512 -0.000365829 -0.000182298 -0.000256808 0.000611846 0.000630222 0.000666498 0.00068162 -0.00108327 -0.00108686 -0.00107747 -0.00108054 0.00162507 0.00162577 0.00160244 0.00160307 -0.00218878 -0.00218893 -0.00221391 -0.00221404 0.00341005 0.00341009 0.00339447 0.00339449 -0.00439322 -0.00439322 -0.00440009 -0.00440009 0.00575153 0.00575152 0.00576389 0.0057639 -0.00671436 -0.00671435 -0.00666819 -0.00666818 0.0074774 0.00747741 0.00755539 0.00755539 -0.00777195 -0.00777196 -0.00768191 -0.00768192
0.423 -4.2626e-05 5.45695e-05 -2.39655e-05 -3.61528e-06 0.000719028 0.000700746 0.000642374 0.000637186 -0.00135309 -0.00134963 -0.00144382 -0.00144259 0.00233401 0.00233335 0.00225046 0.00225018 -0.00314413 -0.00314401 -0.00319566 -0.0031956 0.00461371 0.00461368 0.0045899 0.00458988 -0.00576255 -0.00576255 -0.00577675 -0.00577673 0.00718559 0.0071856 0.00717627 0.00717627 -0.00810196 -0.00810196 -0.00809362 -0.00809361 0.00888502 0.00888502 0.00891886 0.00891886 -0.00914892 -0.00914891 -0.00910323 -0.00910325
0.424 0.000193813 0.000441316 0.00013341 0.000240235 0.000503743 0.000456474 0.000329842 0.000306498 -0.00100761 -0.000998534 -0.00115506 -0.00115005 0.00201653 0.00201477 0.00190879 0.00190771 -0.00266368 -0.00266333 -0.00271975 -0.00271953 0.00385847 0.0038584 0.00383589 0.00383584 -0.00464877 -0.00464877 -0.00466438 -0.00466436 0.00562974 0.00562974 0.00560328 0.00560327 -0.0060867 -0.00608671 -0.00611941 -0.00611941 0.00662149 0.00662149 0.00659616 0.00659617 -0.00673671 -0.00673669 -0.00675583 -0.00675583
0.425 0.000333152 0.000622502 0.000220173 0.000366795 6.3111e-05 7.51216e-06 -0.000131894 -0.000163207 -0.000197602 -0.000186868 -0.000337643 -0.000331044 0.00083842 0.000836333 0.000753028 0.000751644 -0.00098538 -0.000984963 -0.00102266 -0.00102238 0.00149249 0.00149241 0.00147989 0.00147984 -0.00154747 -0.00154746 -0.00155846 -0.00155846 0.00174408 0.00174408 0.00171205 0.00171204 -0.00149828 -0.00149828 -0.00155741 -0.00155741 0.00160424 0.00160423 0.00153053 0.00153053 -0.00151828 -0.00151827 -0.00159457 -0.00159456
0.426 0.000314333 0.000518584 0.000198374 0.000320664 -0.000405711 -0.000445287 -0.000536877 -0.000562476 0.000720775 0.000728473 0.0006487 0.00065401 -0.00065831 -0.000659814 -0.000685133 -0.000686218 0.00113472 0.00113501 0.00113138 0.0011316 -0.00145002 -0.00145007 -0.00144792 -0.00144796 0.00220741 0.00220743 0.0022049 0.00220489 -0.00283366 -0.00283367 -0.00285774 -0.00285774 0.0037564 0.00375641 0.00369671 0.00369672 -0.00409906 -0.00409906 -0.00418913 -0.00418914 0.00435346 0.00435344 0.00425274 0.00425276
0.427 0.000146761 0.000177076 7.84455e-05 0.000123346 -0.000693407 -0.000699769 -0.000703887 -0.000712671 0.00134558 0.0013469 0.00137223 0.00137395 -0.0017992 -0.00179947 -0.00175688 -0.00175721 0.00275834 0.00275838 0.0027898 0.00278987 -0.00369922 -0.00369923 -0.00368353 -0.00368355 0.00501433 0.00501435 0.00502075 0.00502075 -0.0061782 -0.00617821 -0.00618458 -0.00618457 0.00748734 0.00748735 0.00745288 0.00745288 -0.0081256 -0.0081256 -0.00819271 -0.00819272 0.00844505 0.00844503 0.00836374 0.00836374
0.428 -9.42336e-05 -0.000249277 -8.5656e-05 -0.000136645 -0.000670959 -0.000641694 -0.000556553 -0.000544924 0.0014073 0.00140174 0.00152048 0.00151792 -0.00207594 -0.00207487 -0.00198364 -0.00198309 0.00317586 0.00317565 0.00322858 0.00322847 -0.0042969 -0.00429687 -0.004274 -0.00427399 0.00568528 0.00568527 0.00569778 0.00569779 -0.00688679 -0.00688679 -0.00687336 -0.00687336 0.00813526 0.00813526 0.00814058 0.00814058 -0.00879889 -0.00879888 -0.0088136 -0.0088136 0.00905213 0.00905213 0.00902609 0.00902607
0.429 -0.00030101 -0.000570626 -0.000220506 -0.000343229 -0.000345958 -0.000294463 -0.00015675 -0.000130198 0.000887096 0.000877217 0.00103719 0.00103156 -0.00136875 -0.00136685 -0.00126665 -0.00126548 0.00221366 0.0022133 0.00226546 0.00226521 -0.00300536 -0.0030053 -0.00298436 -0.00298431 0.00394803 0.00394801 0.00396172 0.00396172 -0.00466826 -0.00466825 -0.00464118 -0.00464118 0.00542337 0.00542337 0.00546565 0.00546565 -0.00582793 -0.00582794 -0.00578362 -0.00578362 0.00590968 0.00590971 0.00595098 0.00595097
0.43 -0.000381255 -0.000643989 -0.000265694 -0.000404117 0.000141665 0.000192142 0.000323222 0.000352563 2.34222e-05 1.36884e-05 0.000145182 0.000139043 4.02687e-06 5.90757e-06 7.22635e-05 7.35252e-05 0.000305327 0.000304974 0.000334693 0.000334428 -0.000403791 -0.000403723 -0.000392934 -0.000392864 0.000557217 0.000557191 0.00056701 0.000566993 -0.000463714 -0.000463708 -0.000434556 -0.000434561 0.000474394 0.00047439 0.000534937 0.000534939 -0.000432465 -0.000432471 -0.000348306 -0.000348306 0.000306643 0.000306659 0.000397925 0.000397932
0.431 -0.000298541 -0.000435969 -0.000200358 -0.000291335 0.00058209 0.00060873 0.000677089 0.000695816 -0.000795036 -0.000800212 -0.000754102 -0.000757935 0.00142943 0.00143044 0.00143527 0.00143605 -0.00170215 -0.00170234 -0.00170715 -0.00170732 0.00236718 0.00236722 0.00236375 0.00236379 -0.00303157 -0.00303157 -0.00302914 -0.00302915 0.00395137 0.00395136 0.00397057 0.00397057 -0.00465647 -0.00465646 -0.00460394 -0.00460394 0.00515952 0.00515952 0.00524686 0.00524686 -0.00544447 -0.00544448 -0.00534271 -0.00534269
0.432 -8.80045e-05 -3.67747e-05 -5.21138e-05 -5.31547e-05 0.00078833 0.000778775 0.000755731 0.000755072 -0.00120221 -0.00120041 -0.00125917 -0.00125889 0.00227206 0.00227172 0.00221399 0.00221392 -0.00292143 -0.00292137 -0.00295832 -0.0029583 0.00410116 0.00410115 0.00408495 0.00408494 -0.00528448 -0.00528446 -0.00529011 -0.00529011 0.00671558 0.00671558 0.00671728 0.00671728 -0.00783788 -0.00783788 -0.0078158 -0.0078158 0.00863417 0.00863418 0.00868653 0.00868653 -0.00896383 -0.00896386 -0.00889619 -0.00889619
0.433 0.000159596 0.000380286 0.000115428 0.00020766 0.000678213 0.000635926 0.000532661 0.000512286 -0.00101681 -0.00100866 -0.00114621 -0.00114181 0.00215503 0.00215345 0.00205871 0.00205778 -0.00281386 -0.00281356 -0.00286694 -0.00286673 0.00404763 0.00404757 0.00402519 0.00402512 -0.00524354 -0.00524352 -0.00525501 -0.005255 0.00666514 0.00666514 0.00664914 0.00664915 -0.00775072 -0.00775072 -0.00776809 -0.00776809 0.00855136 0.00855136 0.00854575 0.00854575 -0.0087902 -0.00879021 -0.00878685 -0.00878686
0.434 0.000338222 0.000635679 0.000230951 0.000379504 0.000309595 0.000252218 0.000115007 8.30886e-05 -0.000322251 -0.000311131 -0.000467553 -0.000460784 0.00112618 0.001124 0.0010331 0.00103167 -0.00142513 -0.00142471 -0.00147209 -0.00147179 0.00223514 0.00223506 0.0022154 0.00221533 -0.00293377 -0.00293376 -0.00294676 -0.00294674 0.0038227 0.0038227 0.00379602 0.00379602 -0.00443741 -0.00443742 -0.00448619 -0.00448619 0.00494271 0.00494271 0.00488146 0.00488146 -0.00498727 -0.00498724 -0.00505043 -0.00505044
0.435 0.000373415 0.000622832 0.000246962 0.000391235 -0.000146422 -0.000194955 -0.00030474 -0.000335211 0.000570625 0.000580108 0.000472314 0.000478696 -0.000362947 -0.00036481 -0.000413321 -0.000414659 0.000634898 0.000635273 0.000613573 0.000613843 -0.000542626 -0.000542699 -0.000551861 -0.000551902 0.000649439 0.000649438 0.000639771 0.00063978 -0.000613806 -0.000613806 -0.000640064 -0.000640073 0.000716711 0.000716706 0.000657856 0.00065786 -0.000700666 -0.000700671 -0.000790912 -0.000790913 0.000881539 0.000881564 0.000778918 0.000778917
0.436 0.000254967 0.000354725 0.000160646 0.000243358 -0.000482195 -0.000502266 -0.000534766 -0.000551748 0.00126159 0.00126563 0.00125223 0.00125571 -0.00165597 -0.00165679 -0.00164288 -0.0016436 0.00245898 0.00245915 0.00247192 0.00247206 -0.00307137 -0.00307141 -0.00306648 -0.0030665 0.00396657 0.00396657 0.00396384 0.00396384 -0.00477715 -0.00477715 -0.00479237 -0.00479238 0.00556211 0.00556211 0.00551846 0.00551846 -0.0060459 -0.0060459 -0.00612579 -0.00612579 0.00639931 0.0063993 0.00630204 0.00630204
0.437 4.10445e-05 -4.25405e-05 1.48496e-05 7.37766e-06 -0.000546091 -0.000531036 -0.000469601 -0.000467317 0.00143877 0.00143606 0.00152151 0.00152093 -0.00218105 -0.00218056 -0.00211093 -0.00211079 0.0032398 0.00323971 0.00328126 0.00328123 -0.00424244 -0.00424242 -0.00422543 -0.00422542 0.00559202 0.00559203 0.00559731 0.00559731 -0.00691788 -0.00691789 -0.00691618 -0.00691617 0.00808173 0.00808174 0.00807162 0.00807161 -0.00888503 -0.00888502 -0.00891965 -0.00891965 0.00929513 0.0092951 0.00924622 0.00924623
0.438 -0.000167992 -0.000386222 -0.000121186 -0.000206325 -0.000309936 -0.0002689 -0.000137428 -0.000118875 0.00101776 0.00101002 0.001156 0.00115205 -0.00170362 -0.00170216 -0.00160698 -0.00160615 0.00262464 0.00262435 0.00267703 0.00267687 -0.00353405 -0.003534 -0.00351174 -0.00351172 0.00482347 0.00482347 0.00483484 0.00483484 -0.00614092 -0.00614092 -0.00612334 -0.00612333 0.00723121 0.00723122 0.00725837 0.00725837 -0.0080491 -0.0080491 -0.00802329 -0.00802329 0.0083822 0.00838218 0.00840379 0.0084038
0.439 -0.000274461 -0.000518452 -0.000182815 -0.000297858 0.000118508 0.00016475 0.000312057 0.000336497 0.000180342 0.000171553 0.00031398 0.000308873 -0.000431517 -0.000429851 -0.000349678 -0.000348629 0.000872678 0.000872355 0.000914024 0.000913818 -0.00123996 -0.00123989 -0.00122126 -0.00122123 0.00198287 0.00198286 0.00199607 0.00199606 -0.00278147 -0.00278146 -0.00275542 -0.00275542 0.00337222 0.00337222 0.0034245 0.0034245 -0.00389056 -0.00389057 -0.00381549 -0.00381549 0.004046 0.00404601 0.00412929 0.00412929
0.44 -0.000227065 -0.000376716 -0.00013897 -0.000222552 0.000543606 0.000572012 0.000674057 0.000691313 -0.000704578 -0.000709981 -0.000633005 -0.000636524 0.00107439 0.00107542 0.00110692 0.00110762 -0.00125454 -0.00125473 -0.0012414 -0.00124154 0.00165389 0.00165393 0.00166148 0.00166152 -0.00171928 -0.0017193 -0.0017093 -0.0017093 0.00173758 0.00173758 0.00176145 0.00176145 -0.0018813 -0.00188131 -0.00182646 -0.00182646 0.00186575 0.00186575 0.00195739 0.00195739 -0.00191884 -0.00191881 -0.00181008 -0.00181008
0.441 -4.40439e-05 -2.20774e-05 -6.27943e-06 -1.12221e-05 0.000769291 0.000764942 0.000780139 0.00078038 -0.00124369 -0.00124282 -0.00126434 -0.00126424 0.0021456 0.00214543 0.00211563 0.00211558 -0.00282304 -0.002823 -0.00284333 -0.00284332 0.00389234 0.00389233 0.00388578 0.00388579 -0.00469912 -0.00469912 -0.00469629 -0.00469629 0.00550638 0.00550638 0.00551851 0.0055185 -0.00633867 -0.00633867 -0.0063045 -0.00630449 0.00683985 0.00683986 0.0069081 0.0069081 -0.00705374 -0.00705374 -0.00696741 -0.00696742
0.442 0.000194562 0.000387497 0.000158018 0.000243138 0.000687186 0.000650081 0.000574286 0.000555429 -0.0011942 -0.00118702 -0.00129729 -0.0012932 0.00230051 0.00229912 0.00222151 0.00222064 -0.00313426 -0.00313399 -0.00317919 -0.00317901 0.00449282 0.00449275 0.0044747 0.00447467 -0.00567515 -0.00567513 -0.00568075 -0.00568074 0.00693359 0.00693358 0.00692924 0.00692923 -0.00814694 -0.00814694 -0.0081475 -0.0081475 0.00898324 0.00898325 0.0089983 0.0089983 -0.00925333 -0.00925335 -0.00922786 -0.00922787
0.443 0.000382266 0.000667136 0.000281327 0.000426497 0.000326209 0.000271412 0.000139584 0.000108355 -0.000573649 -0.000563055 -0.000714177 -0.000707559 0.00145905 0.001457 0.00136512 0.00136373 -0.00203357 -0.00203318 -0.00208414 -0.00208385 0.00317274 0.00317266 0.00315033 0.00315026 -0.00421695 -0.00421692 -0.004229 -0.00422899 0.00541709 0.00541709 0.00539822 0.00539822 -0.00656223 -0.00656222 -0.00659671 -0.00659672 0.00742505 0.00742505 0.0073803 0.0073803 -0.0076324 -0.00763242 -0.0076796 -0.00767959
0.444 0.000433594 0.000687607 0.000308054 0.000454689 -0.000158734 -0.000207703 -0.000336806 -0.000367773 0.000344581 0.000354068 0.000227165 0.000233633 -1.7604e-05 -1.94595e-05 -8.6462e-05 -8.7805e-05 1.57188e-05 1.60722e-05 -1.9317e-05 -1.90302e-05 0.000477914 0.000477854 0.000460233 0.000460162 -0.000932707 -0.000932693 -0.000946644 -0.000946635 0.00159775 0.00159775 0.00157211 0.00157212 -0.00225644 -0.00225644 -0.00230981 -0.00230981 0.00282716 0.00282715 0.00274205 0.00274205 -0.00288462 -0.00288461 -0.00298415 -0.00298414
0.445 0.000322666 0.00043385 0.000224736 0.000311548 -0.000554543 -0.000576169 -0.000645567 -0.000663325 0.00114953 0.00115375 0.00110521 0.00110882 -0.00148143 -0.00148227 -0.00149629 -0.00149703 0.00212728 0.00212744 0.00212228 0.00212243 -0.00244542 -0.00244544 -0.00245121 -0.00245124 0.00278529 0.00278529 0.00277496 0.00277496 -0.00291079 -0.00291079 -0.0029328 -0.00293281 0.00296734 0.00296733 0.00291776 0.00291776 -0.002897 -0.00289701 -0.00298538 -0.00298538 0.00301306 0.00301308 0.00290492 0.00290492
0.446 9.56599e-05 1.32916e-05 6.67229e-05 5.7188e-05 -0.000684621 -0.000669087 -0.000648268 -0.000645363 0.00147374 0.00147079 0.00152069 0.00151994 -0.00228016 -0.0022796 -0.00223532 -0.00223514 0.00337343 0.00337333 0.00340028 0.00340023 -0.00433924 -0.00433922 -0.00433072 -0.00433069 0.00535057 0.00535056 0.00534808 0.00534808 -0.00620219 -0.00620219 -0.0062117 -0.00621171 0.00693028 0.00693028 0.0069052 0.00690521 -0.0073807 -0.0073807 -0.00743381 -0.00743381 0.00762458 0.00762459 0.00755571 0.00755569
0.447 -0.000148689 -0.000390313 -9.68139e-05 -0.00019761 -0.000488632 -0.000442423 -0.000340391 -0.000318296 0.00115802 0.00114913 0.00127522 0.00127048 -0.00204563 -0.00204391 -0.00196078 -0.00195977 0.00318964 0.00318931 0.00323684 0.00323663 -0.00437483 -0.00437478 -0.00435534 -0.00435529 0.0056578 0.00565779 0.00566441 0.0056644 -0.00688092 -0.00688092 -0.00687417 -0.00687417 0.00798756 0.00798756 0.00799712 0.00799713 -0.00878573 -0.00878572 -0.0087804 -0.00878039 0.00906331 0.0090633 0.0090645 0.00906449
0.448 -0.000302302 -0.000597697 -0.000193164 -0.000339988 -5.15372e-05 5.16343e-06 0.000144083 0.000175458 0.000326649 0.00031572 0.000463281 0.000456669 -0.000861322 -0.000859202 -0.000772878 -0.0007715 0.00162627 0.00162586 0.00167393 0.00167365 -0.00251425 -0.00251418 -0.00249163 -0.00249158 0.00355673 0.00355672 0.00357007 0.00357006 -0.00465103 -0.00465102 -0.0046308 -0.00463079 0.00571213 0.00571214 0.00575189 0.00575189 -0.00655957 -0.00655957 -0.00649809 -0.00649809 0.00676642 0.0067664 0.00683754 0.00683755
0.449 -0.000295845 -0.000514175 -0.000178456 -0.000305341 0.000431853 0.000473922 0.000589562 0.000616125 -0.000661778 -0.00066991 -0.000564346 -0.000569855 0.000766199 0.000767769 0.000820708 0.000821839 -0.000663645 -0.00066396 -0.000635453 -0.000635675 0.000464696 0.000464767 0.000481251 0.000481285 -7.77526e-05 -7.77643e-05 -6.28612e-05 -6.28747e-05 -0.000442056 -0.000442049 -0.000416579 -0.000416568 0.0010681 0.0010681 0.00112111 0.0011211 -0.00165511 -0.00165512 -0.00156426 -0.00156426 0.00171598 0.00171598 0.00182586 0.00182588
0.45 -0.000130409 -0.000173451 -5.77955e-05 -0.000107095 0.000742123 0.000750632 0.000793145 0.000802823 -0.00136857 -0.00137025 -0.00135167 -0.00135357 0.00212237 0.0021227 0.00212025 0.00212062 -0.00269873 -0.0026988 -0.00270162 -0.00270169 0.00329361 0.00329365 0.00329728 0.0032973 -0.0037111 -0.00371111 -0.00370068 -0.00370069 0.0039808 0.0039808 0.0040012 0.0040012 -0.00399702 -0.00399702 -0.00395299 -0.00395299 0.00387515 0.00387515 0.0039558 0.0039558 -0.00398057 -0.00398055 -0.00388048 -0.00388048
0.451 0.00012157 0.000274895 0.000115996 0.000167675 0.000733276 0.000704089 0.000655357 0.000643536 -0.00146814 -0.00146256 -0.00153833 -0.00153572 0.00259515 0.00259408 0.00253794 0.00253738 -0.00359028 -0.00359007 -0.00362282 -0.0036227 0.00475262 0.00475258 0.00474178 0.00474176 -0.00579701 -0.00579701 -0.00579547 -0.00579547 0.00675853 0.00675852 0.00676559 0.00676557 -0.00736861 -0.00736861 -0.0073518 -0.00735179 0.00773802 0.00773803 0.0077733 0.00777331 -0.00797192 -0.00797191 -0.00792607 -0.00792609
0.452 0.000347128 0.000629728 0.000264897 0.00039548 0.000400111 0.000346057 0.000227166 0.000198925 -0.000895855 -0.000885478 -0.00102246 -0.00101645 0.00194656 0.00194457 0.00185913 0.00185787 -0.0029298 -0.00292941 -0.00297816 -0.0029779 0.0041944 0.00419431 0.00417335 0.0041733 -0.00543413 -0.00543411 -0.0054424 -0.00544238 0.00672009 0.00672008 0.00671094 0.00671093 -0.00764775 -0.00764775 -0.00766493 -0.00766492 0.00835193 0.00835194 0.00832646 0.00832647 -0.00863731 -0.00863731 -0.0086662 -0.00866622
0.453 0.00044232 0.00072698 0.000319933 0.000470706 -0.000115735 -0.00017023 -0.000308484 -0.000340417 0.00011575 0.00012622 -1.27211e-05 -6.04166e-06 0.000425937 0.000423927 0.000345625 0.00034424 -0.000974734 -0.000974339 -0.00101857 -0.00101829 0.00182866 0.00182857 0.00180594 0.00180588 -0.00275304 -0.00275301 -0.00276806 -0.00276804 0.00387548 0.00387548 0.00385382 0.00385383 -0.00473153 -0.00473152 -0.00477533 -0.00477533 0.00549664 0.00549664 0.0054215 0.0054215 -0.00574897 -0.00574898 -0.00584 -0.00583999
0.454 0.000358928 0.000513848 0.000252249 0.00035329 -0.00058524 -0.000614839 -0.000714049 -0.000734824 0.00113101 0.00113668 0.00105558 0.00105981 -0.00132774 -0.00132884 -0.00136704 -0.0013679 0.00145088 0.00145109 0.00142987 0.00143005 -0.00135711 -0.00135714 -0.00137216 -0.0013722 0.00113189 0.0011319 0.00111611 0.00111611 -0.000587297 -0.000587293 -0.000612703 -0.000612692 0.000150007 0.000150013 9.79208e-05 9.79127e-05 0.000392487 0.00039248 0.000300416 0.000300409 -0.000550953 -0.000550958 -0.000663863 -0.000663842
0.455 0.000127591 7.53936e-05 8.71949e-05 8.85172e-05 -0.000792146 -0.000781965 -0.000801126 -0.000800404 0.00169731 0.00169532 0.00170674 0.00170641 -0.00255589 -0.0025555 -0.00253801 -0.00253791 0.00330241 0.00330232 0.00331285 0.00331283 -0.0040105 -0.00401046 -0.00401161 -0.00401161 0.00458776 0.00458775 0.00457775 0.00457774 -0.00480009 -0.00480009 -0.00481894 -0.00481894 0.00495326 0.00495327 0.00491458 0.00491457 -0.00481935 -0.00481936 -0.00488823 -0.00488823 0.00477316 0.00477316 0.0046884 0.00468842
0.456 -0.00015346 -0.000399324 -0.000105235 -0.000210482 -0.000630392 -0.000583016 -0.000515671 -0.000492435 0.00154415 0.00153498 0.00163376 0.00162873 -0.00270865 -0.00270687 -0.00264176 -0.00264068 0.00376195 0.0037616 0.00379927 0.00379904 -0.00498774 -0.00498767 -0.00497431 -0.00497426 0.00615068 0.00615067 0.00615079 0.00615078 -0.00699814 -0.00699814 -0.00700277 -0.00700278 0.0076776 0.0076776 0.00766839 0.00766839 -0.00797481 -0.00797481 -0.00799049 -0.00799048 0.00801664 0.00801665 0.00799762 0.00799761
0.457 -0.00035997 -0.000698156 -0.000240028 -0.000410834 -0.000155513 -9.04297e-05 3.32189e-05 6.98516e-05 0.000708103 0.000695519 0.000838968 0.000831223 -0.00168998 -0.00168753 -0.00160286 -0.00160124 0.00259594 0.00259548 0.00264433 0.00264398 -0.00384496 -0.00384488 -0.00382236 -0.00382229 0.00514578 0.00514577 0.00515628 0.00515628 -0.00626028 -0.00626028 -0.00624875 -0.00624876 0.00719954 0.00719953 0.00722365 0.00722366 -0.00778656 -0.00778655 -0.0077422 -0.0077422 0.0078657 0.0078657 0.00792082 0.0079208
0.458 -0.000396006 -0.000679352 -0.000254348 -0.000418237 0.000434114 0.000488593 0.000615204 0.000649656 -0.000472948 -0.000483471 -0.000357075 -0.000364234 8.88377e-05 9.08866e-05 0.000159191 0.000160665 0.000267568 0.000267179 0.000306662 0.000306356 -0.00103663 -0.00103657 -0.00101409 -0.00101403 0.00197726 0.00197725 0.00199408 0.00199407 -0.00289502 -0.00289501 -0.00287191 -0.0028719 0.00373655 0.00373654 0.003784 0.003784 -0.00437077 -0.00437077 -0.00428572 -0.00428573 0.00443447 0.00443446 0.00453924 0.00453924
0.459 -0.000237522 -0.000336833 -0.000136166 -0.000220166 0.000879968 0.000898976 0.000975106 0.000992002 -0.00149742 -0.00150107 -0.00144592 -0.0014493 0.00187469 0.0018754 0.00189873 0.00189939 -0.00224855 -0.00224869 -0.00223504 -0.00223518 0.00226634 0.00226636 0.00227949 0.00227952 -0.0020357 -0.00203571 -0.00201943 -0.00201944 0.00168916 0.00168917 0.00171457 0.00171459 -0.00125145 -0.00125144 -0.00120037 -0.00120038 0.000815073 0.000815068 0.000903753 0.000903743 -0.000799788 -0.00079979 -0.000691808 -0.00069179
0.46 5.43339e-05 0.000192244 6.84833e-05 0.00010549 0.000975543 0.000948832 0.000943485 0.000934475 -0.00191339 -0.00190818 -0.00194769 -0.0019456 0.00289029 0.00288926 0.00285829 0.00285781 -0.00387474 -0.00387455 -0.00389229 -0.00389218 0.00466561 0.00466559 0.0046638 0.00466378 -0.00521006 -0.00521006 -0.00520119 -0.00520119 0.00557461 0.00557461 0.00559204 0.00559204 -0.00567857 -0.00567856 -0.0056452 -0.00564521 0.00559253 0.00559252 0.00564619 0.00564619 -0.00562797 -0.00562797 -0.00556456 -0.00556454
0.461 0.000356901 0.000682609 0.000273477 0.000421172 0.000659531 0.000596626 0.000513753 0.000481522 -0.00151697 -0.00150477 -0.00162163 -0.00161472 0.00267015 0.00266776 0.00259611 0.00259465 -0.00389072 -0.00389026 -0.00393174 -0.00393143 0.00512696 0.00512688 0.00511073 0.00511066 -0.00620631 -0.00620629 -0.00620875 -0.00620874 0.00713796 0.00713795 0.00714027 0.00714026 -0.00770719 -0.00770719 -0.00770562 -0.00770562 0.00797708 0.00797708 0.00797235 0.00797237 -0.00803827 -0.00803828 -0.00804735 -0.00804735
0.462 0.000537454 0.000916449 0.000388726 0.000587598 4.85371e-05 -2.46044e-05 -0.000148646 -0.000191063 -0.000449485 -0.000435312 -0.000579089 -0.000570155 0.00127032 0.00126756 0.00118584 0.00118399 -0.00224964 -0.00224909 -0.00229677 -0.00229638 0.00342404 0.00342393 0.00339994 0.00339986 -0.00459441 -0.00459438 -0.00460743 -0.00460741 0.00572926 0.00572925 0.00571532 0.00571531 -0.00651298 -0.00651298 -0.00654412 -0.00654411 0.0070036 0.0070036 0.00694258 0.00694259 -0.00705277 -0.00705277 -0.00713006 -0.00713007
0.463 0.000510821 0.000778937 0.000359309 0.000524486 -0.000606946 -0.000658618 -0.000771163 -0.000805617 0.000851941 0.000861928 0.000753009 0.000760136 -0.000741588 -0.000743518 -0.000800738 -0.0008022 0.000387892 0.000388277 0.000354391 0.000354684 0.000244659 0.000244567 0.000222648 0.000222592 -0.00103924 -0.00103922 -0.0010576 -0.00105758 0.00194208 0.00194209 0.00191733 0.00191733 -0.00262173 -0.00262173 -0.00267281 -0.0026728 0.00311864 0.00311865 0.00302794 0.00302794 -0.00312343 -0.00312342 -0.00323451 -0.00323452
0.464 0.00027829 0.000312103 0.000190681 0.00024776 -0.0010266 -0.00103295 -0.00108753 -0.00109844 0.001833 0.00183419 0.00180667 0.00180875 -0.00251675 -0.00251696 -0.00252576 -0.00252616 0.0029212 0.00292124 0.00291521 0.00291528 -0.00308923 -0.00308924 -0.00309992 -0.00309992 0.00297419 0.00297418 0.00295811 0.00295811 -0.00263766 -0.00263765 -0.00266336 -0.00266335 0.00232003 0.00232003 0.00227031 0.00227031 -0.00202033 -0.00202033 -0.00210117 -0.00210118 0.00207293 0.00207294 0.00197725 0.00197726
0.465 -6.9708e-05 -0.000297625 -5.13989e-05 -0.000133686 -0.00102101 -0.000976735 -0.00095241 -0.000933627 0.00205715 0.00204851 0.00211383 0.00210965 -0.00328226 -0.00328057 -0.00323765 -0.00323675 0.00426976 0.00426942 0.00429355 0.00429336 -0.00517315 -0.00517307 -0.00516787 -0.00516783 0.00576166 0.00576163 0.00575467 0.00575466 -0.00609797 -0.00609797 -0.00611417 -0.00611416 0.00624129 0.0062413 0.0062139 0.00621389 -0.00624957 -0.00624957 -0.00628533 -0.00628533 0.00634906 0.00634906 0.0063109 0.00631091
0.466 -0.000389413 -0.000794871 -0.000267019 -0.000461559 -0.000577231 -0.00049861 -0.000408047 -0.000365881 0.00139733 0.00138203 0.00151185 0.00150283 -0.00267486 -0.00267187 -0.00259582 -0.00259391 0.00383345 0.00383286 0.00387688 0.00387649 -0.00511269 -0.00511256 -0.00509346 -0.00509338 0.00614673 0.00614671 0.00615194 0.00615193 -0.00700167 -0.00700168 -0.00700157 -0.00700158 0.00751521 0.00751521 0.007522 0.00752199 -0.00780857 -0.00780857 -0.00778371 -0.00778369 0.00792728 0.00792727 0.00796312 0.00796312
0.467 -0.000543823 -0.000963091 -0.000363894 -0.000594562 0.000129113 0.000210418 0.000327069 0.000376082 0.000101135 8.53087e-05 0.000223937 0.00021363 -0.000907794 -0.000904704 -0.000827983 -0.000825821 0.00175717 0.00175656 0.00180199 0.00180154 -0.00290696 -0.00290684 -0.00288168 -0.0028816 0.00395661 0.00395659 0.00397204 0.00397202 -0.00498612 -0.00498612 -0.00496939 -0.0049694 0.00563572 0.00563571 0.00567427 0.00567428 -0.00607238 -0.00607237 -0.00599777 -0.00599776 0.00617854 0.00617854 0.00627212 0.00627211
0.468 -0.000461886 -0.000719207 -0.000297285 -0.000469749 0.000802703 0.000852696 0.000945269 0.00098107 -0.00130241 -0.00131216 -0.00122373 -0.00123111 0.00130421 0.00130612 0.00135097 0.00135249 -0.00111607 -0.00111643 -0.00108852 -0.00108884 0.000541242 0.000541302 0.000561996 0.000562061 9.77471e-05 9.77395e-05 0.000117065 0.000117052 -0.00091082 -0.000910807 -0.000883878 -0.000883873 0.0014201 0.00142009 0.00147453 0.00147454 -0.00180186 -0.00180186 -0.00171008 -0.00171008 0.0018732 0.00187321 0.00198291 0.0019829
0.469 -0.00017133 -0.000153956 -9.08639e-05 -0.000132317 0.00115133 0.00114819 0.00117766 0.00118513 -0.00221902 -0.00221846 -0.00221731 -0.00221864 0.00303572 0.00303562 0.00302975 0.00302998 -0.00358869 -0.00358867 -0.00358977 -0.00358981 0.00379623 0.00379622 0.00380366 0.00380368 -0.00382167 -0.00382167 -0.00380652 -0.00380653 0.00350745 0.00350746 0.00353383 0.00353384 -0.00334392 -0.00334392 -0.0032965 -0.00329649 0.00318838 0.00318838 0.0032573 0.00325729 -0.00315645 -0.00315644 -0.00307898 -0.00307897
0.47 0.000209782 0.000501014 0.000171024 0.000279938 0.00101155 0.000955385 0.000909853 0.00088543 -0.00223993 -0.00222906 -0.00231475 -0.00230939 0.00353822 0.0035361 0.0034823 0.00348113 -0.00460841 -0.004608 -0.0046375 -0.00463725 0.0054884 0.00548832 0.00547924 0.00547919 -0.00616473 -0.00616473 -0.00616017 -0.00616016 0.00641727 0.00641727 0.00643221 0.00643221 -0.00665486 -0.00665485 -0.00663473 -0.00663473 0.00680031 0.00680031 0.00681635 0.00681635 -0.00679471 -0.00679471 -0.00678326 -0.00678325
0.471 0.00052043 0.000967435 0.000377273 0.000592266 0.000423291 0.000336939 0.00023583 0.000189485 -0.00132148 -0.00130473 -0.00143983 -0.00142999 0.00256228 0.00255901 0.00248041 0.00247834 -0.00371524 -0.00371461 -0.00376012 -0.00375969 0.0048909 0.00489078 0.00486885 0.00486875 -0.00595222 -0.0059522 -0.00596026 -0.00596023 0.00660879 0.00660877 0.00660576 0.00660575 -0.00713794 -0.00713793 -0.00715413 -0.00715414 0.00753438 0.00753438 0.00749063 0.00749064 -0.00753181 -0.00753182 -0.00759084 -0.00759084
0.472 0.000623892 0.00103766 0.000436461 0.000666201 -0.000379891 -0.00045985 -0.000574628 -0.000623167 0.000184548 0.000200065 7.35782e-05 8.37146e-05 0.000476046 0.000473023 0.000403198 0.000401111 -0.00124612 -0.00124553 -0.0012881 -0.00128767 0.00223097 0.00223085 0.00220523 0.00220513 -0.00327397 -0.00327394 -0.00329137 -0.00329135 0.0040178 0.00401779 0.00399744 0.00399743 -0.00461647 -0.00461647 -0.00466267 -0.00466267 0.00511239 0.00511239 0.00502803 0.00502804 -0.00509024 -0.00509025 -0.00519322 -0.00519323
0.473 0.000466815 0.000665508 0.000316422 0.000459744 -0.00106359 -0.00110191 -0.0011839 -0.00121319 0.00166688 0.00167429 0.00161019 0.00161614 -0.00187454 -0.00187598 -0.00190737 -0.00190856 0.00179305 0.00179333 0.00177141 0.00177165 -0.00139721 -0.00139728 -0.00141579 -0.00141584 0.000747802 0.00074782 0.000728203 0.000728208 -0.000252836 -0.000252826 -0.000282671 -0.000282673 -0.00017626 -0.000176268 -0.000233197 -0.000233189 0.000582535 0.000582529 0.000494437 0.000494434 -0.000528269 -0.000528264 -0.000629659 -0.000629664
0.474 0.000104742 -8.63052e-06 5.99409e-05 4.85224e-05 -0.00133117 -0.00130902 -0.00132647 -0.00132244 0.0025041 0.00249974 0.00252474 0.00252362 -0.00351042 -0.00350955 -0.00348944 -0.00348916 0.00413902 0.00413885 0.0041467 0.00414663 -0.00448463 -0.00448461 -0.00448816 -0.00448813 0.00442848 0.00442847 0.00441483 0.00441482 -0.0044014 -0.00440138 -0.00442861 -0.0044286 0.00430021 0.0043002 0.00425676 0.00425676 -0.00413298 -0.00413299 -0.00418641 -0.00418642 0.00421765 0.00421767 0.00416224 0.00416224
0.475 -0.000317737 -0.000711132 -0.00023078 -0.000402208 -0.00105086 -0.000974409 -0.000922941 -0.000885124 0.00232538 0.00231045 0.00241324 0.00240505 -0.00372787 -0.00372494 -0.00366235 -0.00366062 0.00479733 0.00479675 0.00483117 0.0048308 -0.00573717 -0.00573705 -0.00572406 -0.00572398 0.00622741 0.00622738 0.00622542 0.0062254 -0.00668682 -0.00668682 -0.0066999 -0.00669989 0.00693059 0.0069306 0.00691951 0.0069195 -0.00705306 -0.00705306 -0.00704861 -0.00704862 0.00715433 0.00715434 0.00716869 0.00716869
0.476 -0.000625101 -0.00114643 -0.000435245 -0.000704314 -0.0003171 -0.000215811 -0.00011939 -6.16341e-05 0.00117316 0.00115341 0.00128993 0.00127768 -0.00240017 -0.0023963 -0.00231838 -0.00231582 0.00346337 0.00346261 0.00350935 0.00350882 -0.00461961 -0.00461945 -0.00459534 -0.00459524 0.00539416 0.00539413 0.00540473 0.00540471 -0.00615933 -0.00615934 -0.0061522 -0.0061522 0.0066235 0.00662351 0.0066501 0.00665009 -0.00697014 -0.00697013 -0.00690994 -0.00690993 0.00706888 0.00706887 0.00714602 0.00714602
0.477 -0.000683845 -0.00112094 -0.000464743 -0.000725224 0.000581658 0.000666639 0.000766449 0.000821293 -0.000502877 -0.000519451 -0.000406955 -0.00041841 -4.34465e-05 -4.02038e-05 1.95609e-05 2.19457e-05 0.000660137 0.0006595 0.000699114 0.000698629 -0.00158501 -0.00158488 -0.00155979 -0.0015597 0.00228327 0.00228324 0.00230209 0.00230208 -0.00305558 -0.00305559 -0.00303042 -0.00303043 0.00353114 0.00353114 0.00358462 0.00358461 -0.00395034 -0.00395033 -0.00386079 -0.00386078 0.0040299 0.00402989 0.00413548 0.00413547
0.478 -0.000459912 -0.000627684 -0.000300573 -0.000445367 0.00127779 0.00131051 0.00137221 0.00140156 -0.00202225 -0.00202865 -0.00198711 -0.00199304 0.00238546 0.00238671 0.00240292 0.00240413 -0.0024689 -0.00246914 -0.00245327 -0.00245351 0.00210897 0.00210902 0.00212452 0.00212457 -0.00179489 -0.0017949 -0.00177552 -0.00177554 0.00130635 0.00130637 0.00133963 0.00133964 -0.0010241 -0.00102411 -0.000966331 -0.000966329 0.000706169 0.000706161 0.000785937 0.000785935 -0.000654473 -0.000654471 -0.000566858 -0.000566855
0.479 -3.60624e-05 0.000145028 -4.03803e-06 3.00946e-05 0.00147584 0.00144079 0.00144003 0.00143101 -0.00275078 -0.00274397 -0.00278991 -0.0027877 0.00387936 0.00387802 0.00384419 0.00384368 -0.00462916 -0.00462889 -0.00464361 -0.0046435 0.00492213 0.00492207 0.00492145 0.00492143 -0.00512458 -0.00512457 -0.00511262 -0.00511263 0.00508605 0.00508606 0.00511361 0.00511362 -0.0051146 -0.00511461 -0.00507739 -0.00507738 0.00502314 0.00502313 0.00505842 0.00505841 -0.00499891 -0.0049989 -0.00496729 -0.00496729
0.48 0.000419164 0.000886499 0.000306715 0.000511367 0.00107796 0.000987208 0.000926286 0.00088139 -0.00236508 -0.00234739 -0.00246044 -0.00245074 0.00379933 0.00379587 0.00372706 0.00372497 -0.00491318 -0.0049125 -0.00495192 -0.00495149 0.00567505 0.00567491 0.00565843 0.00565835 -0.00630544 -0.00630542 -0.00630584 -0.00630583 0.0066969 0.00669689 0.00670672 0.00670672 -0.007023 -0.007023 -0.00702277 -0.00702277 0.00718578 0.00718579 0.0071614 0.0071614 -0.00718242 -0.00718242 -0.00721999 -0.00721999
0.481 0.000719134 0.00128962 0.000504172 0.000800511 0.000230218 0.000119241 2.52791e-05 -3.81618e-05 -0.000994019 -0.000972351 -0.00110438 -0.00109094 0.00214721 0.00214296 0.00206906 0.00206623 -0.00318333 -0.0031825 -0.00323028 -0.00322969 0.00404475 0.00404459 0.00401917 0.00401905 -0.00484081 -0.00484078 -0.00485346 -0.00485342 0.00547237 0.00547234 0.00545948 0.00545947 -0.0059635 -0.00596349 -0.00600097 -0.00600098 0.00630298 0.00630299 0.00622983 0.00622983 -0.00631257 -0.00631258 -0.0064022 -0.0064022
0.482 0.000736092 0.00117862 0.000504045 0.000773311 -0.000731426 -0.00081772 -0.00090479 -0.000961329 0.000824149 0.000841042 0.000745396 0.000757166 -0.000424166 -0.00042748 -0.000474764 -0.000477194 -0.000137311 -0.000136659 -0.000172678 -0.000172173 0.000703954 0.000703828 0.000680123 0.000680011 -0.00134623 -0.00134621 -0.00136605 -0.00136601 0.00194244 0.00194242 0.00191141 0.00191141 -0.00240589 -0.00240588 -0.00246547 -0.00246548 0.00277417 0.00277418 0.00268432 0.00268432 -0.00279171 -0.00279172 -0.00289379 -0.00289379
0.483 0.000455577 0.00058529 0.000301217 0.000432566 -0.00141526 -0.00144085 -0.00148519 -0.00151152 0.00235499 0.00236006 0.00234011 0.00234536 -0.00287117 -0.00287217 -0.00287296 -0.00287399 0.00297405 0.00297425 0.00296543 0.00296563 -0.00295598 -0.00295601 -0.00296809 -0.00296813 0.00270925 0.00270926 0.00269027 0.00269028 -0.00239447 -0.00239446 -0.00243101 -0.00243101 0.00213133 0.00213134 0.00207509 0.00207509 -0.0018904 -0.00189041 -0.00195778 -0.00195778 0.00186534 0.00186534 0.0017954 0.0017954
0.484 -1.48453e-05 -0.00025907 -2.62485e-05 -8.99632e-05 -0.00153417 -0.00148702 -0.00147155 -0.00145614 0.00296626 0.00295711 0.00302 0.00301643 -0.00418571 -0.00418394 -0.00413855 -0.00413774 0.00486209 0.00486174 0.00488424 0.00488406 -0.00540426 -0.0054042 -0.0053996 -0.00539955 0.00562061 0.0056206 0.00561015 0.00561013 -0.00570638 -0.00570636 -0.00573285 -0.00573285 0.00572825 0.00572824 0.0056998 0.0056998 -0.00571582 -0.00571583 -0.00573155 -0.00573156 0.00568037 0.00568038 0.00567264 0.00567265
0.485 -0.000487116 -0.00101452 -0.00034737 -0.000584864 -0.00102619 -0.000923781 -0.000856678 -0.000804809 0.00238958 0.00236961 0.0024879 0.00247676 -0.00381269 -0.00380878 -0.00373733 -0.00373498 0.00473594 0.00473517 0.0047798 0.0047793 -0.0056108 -0.00561065 -0.00559129 -0.00559118 0.00616352 0.0061635 0.00616588 0.00616585 -0.00660059 -0.00660058 -0.0066051 -0.00660509 0.00687554 0.00687553 0.00688769 0.0068877 -0.0070991 -0.0070991 -0.00705665 -0.00705665 0.00705003 0.00705003 0.00710718 0.00710717
0.486 -0.0007683 -0.00137009 -0.000530941 -0.000849465 -8.46961e-05 3.24728e-05 0.000121951 0.000189987 0.000836937 0.000814031 0.000937745 0.000923382 -0.00188505 -0.00188055 -0.001814 -0.00181101 0.0026352 0.00263431 0.00268225 0.00268162 -0.00347919 -0.00347902 -0.00345298 -0.00345284 0.00410922 0.00410919 0.00412359 0.00412357 -0.00470878 -0.00470879 -0.00468847 -0.00468847 0.00510808 0.00510808 0.00515619 0.00515619 -0.00548191 -0.0054819 -0.00540008 -0.00540007 0.00541832 0.00541832 0.00551477 0.00551476
0.487 -0.000739679 -0.00117217 -0.000499316 -0.000771094 0.000915991 0.00100051 0.00107473 0.00113161 -0.00107857 -0.00109514 -0.00101734 -0.00102916 0.000823052 0.000826318 0.000859629 0.000862071 -0.000580432 -0.000581076 -0.000550391 -0.000550891 0.000109262 0.00010939 0.000131259 0.000131357 0.000320883 0.000320852 0.000341676 0.000341666 -0.000838494 -0.000838504 -0.000801245 -0.000801243 0.0011939 0.00119391 0.00125759 0.00125759 -0.00157719 -0.00157718 -0.00149176 -0.00149176 0.00150136 0.00150135 0.00159473 0.00159473
0.488 -0.000406749 -0.000490397 -0.000261156 -0.000374858 0.00157053 0.00158734 0.00161611 0.0016385 -0.00258755 -0.00259092 -0.00259043 -0.00259485 0.00320882 0.0032095 0.00319592 0.0031968 -0.00358268 -0.00358282 -0.00358283 -0.003583 0.00366065 0.00366068 0.00366923 0.00366926 -0.00360884 -0.00360885 -0.00358984 -0.00358984 0.00337119 0.0033712 0.00340977 0.00340978 -0.00319826 -0.00319826 -0.00314647 -0.00314648 0.00294267 0.00294267 0.00299461 0.0029946 -0.0030267 -0.0030267 -0.00297694 -0.00297693
0.489 0.000100925 0.000407025 9.0687e-05 0.0001843 0.00160756 0.00154848 0.00152132 0.00149947 -0.0030765 -0.00306504 -0.00314068 -0.00313576 0.00429218 0.00428994 0.00423609 0.00423501 -0.00512343 -0.00512299 -0.00515407 -0.00515384 0.00569109 0.005691 0.00568263 0.00568258 -0.00602707 -0.00602705 -0.00601752 -0.00601752 0.00614335 0.00614336 0.00616645 0.00616645 -0.00620945 -0.00620946 -0.0061923 -0.0061923 0.00616023 0.00616022 0.00615638 0.00615637 -0.00624928 -0.00624928 -0.00626423 -0.00626422
0.49 0.000580691 0.00115984 0.000415775 0.00068282 0.00100217 0.000889656 0.000819621 0.000761516 -0.00233971 -0.00231776 -0.00243696 -0.0024245 0.00362053 0.00361623 0.00354577 0.00354312 -0.00455347 -0.00455262 -0.00460166 -0.00460111 0.00534734 0.00534717 0.0053253 0.00532519 -0.00591548 -0.00591544 -0.00591948 -0.00591946 0.00631276 0.00631276 0.0063097 0.00630969 -0.00657696 -0.00657697 -0.00660241 -0.0066024 0.00672528 0.00672528 0.0066677 0.0066677 -0.00681917 -0.00681917 -0.00689158 -0.00689158
0.491 0.000838373 0.00146141 0.000582617 0.000918624 -1.0986e-05 -0.000132498 -0.000214893 -0.000286507 -0.000666936 -0.000643159 -0.00075604 -0.00074092 0.00145907 0.0014544 0.00139767 0.00139449 -0.00209536 -0.00209444 -0.00214035 -0.00213969 0.00276565 0.00276547 0.0027392 0.00273906 -0.00331864 -0.00331859 -0.00333499 -0.00333496 0.00381538 0.00381537 0.00378661 0.00378659 -0.00416413 -0.00416413 -0.00422168 -0.00422167 0.00442112 0.00442112 0.00433514 0.00433515 -0.00452279 -0.00452279 -0.00462054 -0.00462056
0.492 0.000767354 0.00118427 0.000522205 0.000793522 -0.00103036 -0.00111217 -0.00117209 -0.00122872 0.00127062 0.00128672 0.00122638 0.00123813 -0.00131351 -0.00131668 -0.00133579 -0.00133822 0.00124427 0.0012449 0.0012221 0.0012226 -0.000981928 -0.000982054 -0.00100175 -0.00100185 0.000674232 0.000674252 0.000651671 0.0006517 -0.000287762 -0.000287782 -0.000330495 -0.000330502 -1.13502e-05 -1.13439e-05 -7.63156e-05 -7.63208e-05 0.000247211 0.000247218 0.000170265 0.000170269 -0.000360431 -0.000360429 -0.000440809 -0.000440813
0.493 0.000392755 0.000433805 0.000256602 0.000354089 -0.00164899 -0.00165782 -0.00167072 -0.00168957 0.00269105 0.00269292 0.00270877 0.00271241 -0.00356291 -0.0035633 -0.00353732 -0.00353802 0.00408837 0.00408845 0.00409887 0.00409901 -0.0043327 -0.00433272 -0.00433753 -0.00433756 0.00438646 0.00438645 0.00436659 0.0043666 -0.00426121 -0.00426121 -0.0042996 -0.00429959 0.00411083 0.00411084 0.00406671 0.0040667 -0.00401323 -0.00401324 -0.00404792 -0.00404793 0.00388751 0.00388751 0.00385915 0.00385916
0.494 -0.000137695 -0.000492573 -0.000109319 -0.000226067 -0.00161943 -0.00155101 -0.00151263 -0.00148586 0.00301937 0.00300613 0.00309003 0.00308405 -0.00436441 -0.00436184 -0.00430264 -0.00430132 0.00525871 0.00525821 0.00529752 0.00529723 -0.00588472 -0.00588462 -0.00587244 -0.00587238 0.00625824 0.00625822 0.00624929 0.00624928 -0.0064289 -0.00642888 -0.00644596 -0.00644595 0.00645486 0.00645486 0.00645112 0.00645111 -0.00655431 -0.00655431 -0.00653204 -0.00653205 0.00642086 0.00642086 0.00645617 0.00645618
0.495 -0.000612778 -0.00122482 -0.000429904 -0.000715887 -0.000954613 -0.000835649 -0.000763404 -0.000701341 0.00212239 0.00209918 0.00221536 0.00220208 -0.00338399 -0.00337945 -0.00331281 -0.00331 0.00426496 0.00426407 0.00431525 0.00431466 -0.00498283 -0.00498265 -0.00495849 -0.00495837 0.00550213 0.0055021 0.00550831 0.00550828 -0.00588114 -0.00588113 -0.00586878 -0.00586878 0.00603565 0.00603564 0.00607441 0.00607442 -0.00631263 -0.00631263 -0.00624344 -0.00624344 0.00618233 0.00618232 0.00626519 0.00626519
0.496 -0.000843085 -0.00147002 -0.000577552 -0.000920197 7.66809e-05 0.000199181 0.000273855 0.000346783 0.000364154 0.000340126 0.000440517 0.000425153 -0.00101776 -0.00101304 -0.000967452 -0.000964249 0.00151029 0.00150936 0.00155011 0.00154945 -0.00199427 -0.00199409 -0.00196806 -0.00196792 0.00243426 0.00243424 0.00245384 0.00245381 -0.00285672 -0.00285672 -0.00281954 -0.00281955 0.00304372 0.00304371 0.00310854 0.00310855 -0.0034128 -0.0034128 -0.00332694 -0.00332693 0.0032995 0.0032995 0.0033934 0.00339338
0.497 -0.000737798 -0.00113143 -0.000494421 -0.000758837 0.00105854 0.00113618 0.00118114 0.00123624 -0.00154131 -0.00155667 -0.00151247 -0.00152389 0.00176859 0.00177165 0.00177714 0.00177949 -0.00187257 -0.00187318 -0.00186067 -0.00186115 0.00184194 0.00184206 0.00185899 0.00185909 -0.00165788 -0.0016579 -0.00163229 -0.00163231 0.00136048 0.00136048 0.00140684 0.00140684 -0.00124122 -0.00124122 -0.0011784 -0.00117841 0.000893602 0.000893608 0.000958933 0.000958939 -0.000978768 -0.000978762 -0.000914639 -0.000914645
0.498 -0.000341581 -0.000348023 -0.000215889 -0.000299217 0.0015966 0.00159913 0.00159492 0.0016108 -0.00282043 -0.00282116 -0.0028496 -0.00285265 0.0038353 0.00383549 0.00379924 0.00379983 -0.00448808 -0.00448813 -0.00450934 -0.00450946 0.00492992 0.00492994 0.00493056 0.00493058 -0.00505584 -0.00505585 -0.0050346 -0.0050346 0.00498551 0.00498551 0.00502098 0.00502099 -0.00499743 -0.00499743 -0.00496412 -0.00496413 0.00476665 0.00476665 0.00478338 0.00478337 -0.004821 -0.00482099 -0.00481398 -0.00481398
0.499 0.000183604 0.000561827 0.000143894 0.000271105 0.00147797 0.00140547 0.0013533 0.00132443 -0.00295525 -0.00294129 -0.00302883 -0.00302247 0.00433638 0.00433368 0.0042718 0.00427043 -0.00525457 -0.00525405 -0.00529967 -0.00529938 0.0059817 0.0059816 0.00596557 0.00596551 -0.00633178 -0.00633177 -0.00632413 -0.00632412 0.00648679 0.0064868 0.00649558 0.0064956 -0.00663535 -0.00663534 -0.00664642 -0.00664643 0.0065629 0.00656289 0.00652414 0.00652413 -0.0065953 -0.0065953 -0.00664763 -0.00664762
0.5 0.00062442 0.00122979 0.000438502 0.000720742 0.000757148 0.000639891 0.000560911 0.00049985 -0.00189429 -0.00187148 -0.00198091 -0.00196789 0.00306737 0.00306291 0.00300213 0.00299938 -0.00385211 -0.00385123 -0.00390124 -0.00390066 0.00455473 0.00455456 0.00452858 0.00452846 -0.00494829 -0.00494825 -0.00495836 -0.00495833 0.00523227 0.00523227 0.00520991 0.0052099 -0.0054702 -0.0054702 -0.00552124 -0.00552123 0.00553228 0.00553228 0.00545513 0.00545513 -0.00556153 -0.00556154 -0.00564973 -0.00564973
0.501 0.000802949 0.00138737 0.00054883 0.000868572 -0.000267173 -0.000381106 -0.000454722 -0.000522569 -7.28269e-05 -5.05406e-05 -0.000136753 -0.000122489 0.0005495 0.000545121 0.000511216 0.000508233 -0.000855845 -0.000854987 -0.000887454 -0.000886836 0.0012377 0.00123753 0.00121256 0.00121244 -0.00148448 -0.00148443 -0.0015091 -0.00150908 0.00175479 0.00175478 0.00171033 0.00171031 -0.00200857 -0.00200858 -0.00207757 -0.00207756 0.00213168 0.00213168 0.00204969 0.0020497 -0.00218013 -0.00218014 -0.0022656 -0.00226561
0.502 0.00064891 0.000974771 0.000431435 0.000657194 -0.00117478 -0.00123907 -0.0012775 -0.00132425 0.00176573 0.00177844 0.00174993 0.00175957 -0.00218456 -0.00218707 -0.00218022 -0.0021822 0.00250075 0.00250124 0.00250044 0.00250085 -0.00259331 -0.00259341 -0.0026068 -0.00260688 0.0026066 0.00260662 0.00257707 0.00257708 -0.00247448 -0.00247449 -0.00252212 -0.00252213 0.00227105 0.00227104 0.00221417 0.00221417 -0.00217603 -0.00217602 -0.00222743 -0.00222742 0.00209123 0.00209124 0.00204531 0.00204531
0.503 0.000227814 0.000164544 0.000135901 0.000175757 -0.00159577 -0.00158466 -0.00157268 -0.00157929 0.00287413 0.00287217 0.00291154 0.00291263 -0.00401516 -0.0040148 -0.00397087 -0.00397104 0.00483506 0.004835 0.00486601 0.00486604 -0.00534704 -0.00534703 -0.00534315 -0.00534316 0.00560744 0.00560743 0.00558551 0.00558551 -0.0056684 -0.0056684 -0.00569849 -0.00569848 0.00554885 0.00554885 0.00552909 0.00552908 -0.00554947 -0.00554947 -0.00554828 -0.00554829 0.0054242 0.00542421 0.00543701 0.00543702
0.504 -0.000286369 -0.000709773 -0.000215823 -0.000377068 -0.00136115 -0.00127979 -0.00122282 -0.00118684 0.00280638 0.00279069 0.00288036 0.00287251 -0.00419543 -0.00419239 -0.00413077 -0.00412908 0.00518624 0.00518565 0.00523465 0.0052343 -0.00587925 -0.00587913 -0.00585963 -0.00585956 0.00625674 0.0062567 0.00625248 0.00625247 -0.00647867 -0.00647866 -0.00647771 -0.00647769 0.00643691 0.00643691 0.00646316 0.00646315 -0.00655442 -0.00655442 -0.00650146 -0.00650148 0.00640064 0.00640064 0.00646576 0.00646576
0.505 -0.000682735 -0.00129045 -0.00047955 -0.000774693 -0.000570673 -0.000452871 -0.000374526 -0.000310948 0.0015988 0.00157589 0.00167836 0.00166484 -0.00265714 -0.00265268 -0.00259991 -0.00259707 0.00341154 0.00341067 0.00345604 0.00345545 -0.00396907 -0.0039689 -0.00394202 -0.0039419 0.00427865 0.00427862 0.00429508 0.00429506 -0.00456455 -0.00456454 -0.00453228 -0.00453228 0.00456673 0.00456673 0.00462776 0.00462776 -0.00477275 -0.00477275 -0.0046912 -0.0046912 0.00461519 0.00461517 0.00470378 0.00470378
0.506 -0.000799756 -0.00134173 -0.00054787 -0.000855281 0.000449501 0.000555254 0.000623005 0.000687984 -0.000247031 -0.000267731 -0.000194235 -0.000207848 -3.67646e-05 -3.27089e-05 -1.10514e-05 -8.22345e-06 0.000244348 0.000243545 0.000265447 0.000264861 -0.000410924 -0.000410766 -0.000387858 -0.000387734 0.000498722 0.000498703 0.00052988 0.000529856 -0.000735707 -0.000735706 -0.000685527 -0.000685537 0.000742697 0.000742693 0.00081196 0.000811967 -0.000976531 -0.000976524 -0.000901768 -0.000901758 0.000843596 0.000843584 0.000917246 0.000917238
0.507 -0.000591017 -0.000845581 -0.000393842 -0.000587516 0.00128151 0.00133194 0.0013619 0.00140166 -0.0019717 -0.00198171 -0.00196629 -0.00197443 0.00258824 0.00259024 0.00257221 0.00257387 -0.00300986 -0.00301026 -0.00302115 -0.00302149 0.00331615 0.00331623 0.00332551 0.00332559 -0.00350217 -0.00350217 -0.00346917 -0.0034692 0.00339053 0.00339053 0.00343715 0.00343714 -0.00340259 -0.0034026 -0.00335536 -0.00335535 0.0032054 0.0032054 0.00324112 0.00324113 -0.00329295 -0.00329294 -0.0032656 -0.0032656
0.508 -0.000143536 -7.79594e-06 -8.15571e-05 -8.26605e-05 0.00158733 0.00156203 0.00154274 0.00154111 -0.00287012 -0.00286538 -0.00291304 -0.00291239 0.00414358 0.0041427 0.00409352 0.00409333 -0.00501323 -0.00501307 -0.00505157 -0.00505152 0.00566377 0.00566373 0.00565554 0.00565553 -0.00605033 -0.00605033 -0.00603005 -0.00603006 0.0060724 0.0060724 0.00609508 0.00609508 -0.00610361 -0.00610361 -0.00609914 -0.00609915 0.00598474 0.00598474 0.0059662 0.0059662 -0.00602294 -0.00602292 -0.00605288 -0.00605287
0.509 0.000358628 0.000827436 0.000260625 0.000451815 0.00124653 0.00115619 0.00109635 0.00105415 -0.00257993 -0.00256244 -0.00265264 -0.0026435 0.00399929 0.00399589 0.00393718 0.00393524 -0.00494748 -0.00494681 -0.00499567 -0.00499526 0.00565781 0.00565768 0.0056355 0.00563541 -0.00608046 -0.00608044 -0.00608264 -0.00608262 0.00617878 0.00617878 0.00616711 0.00616713 -0.0062122 -0.0062122 -0.00625257 -0.00625258 0.00617715 0.00617714 0.00611266 0.00611265 -0.00618161 -0.00618161 -0.00625512 -0.00625511
0.51 0.000710308 0.00131925 0.000493012 0.000797731 0.000404131 0.000285915 0.000210568 0.000145164 -0.00122793 -0.00120489 -0.00130037 -0.0012865 0.00222628 0.00222176 0.00217875 0.00217584 -0.00284965 -0.00284876 -0.00288641 -0.0028858 0.00330236 0.00330218 0.00327538 0.00327525 -0.00358135 -0.00358132 -0.00360624 -0.0036062 0.00366598 0.00366597 0.00362429 0.00362429 -0.00368443 -0.00368442 -0.00375207 -0.00375207 0.00370634 0.00370635 0.00362406 0.00362405 -0.00370713 -0.00370715 -0.00379209 -0.0037921
0.511 0.000769355 0.00126965 0.00052184 0.000815599 -0.000590713 -0.000688531 -0.000748374 -0.000810279 0.000624935 0.000644127 0.000581972 0.000594913 -0.000436685 -0.000440471 -0.000449834 -0.000452525 0.00040626 0.000407004 0.000396881 0.000397434 -0.000423719 -0.000423864 -0.000444044 -0.000444155 0.000400241 0.000400276 0.000362577 0.000362609 -0.00040459 -0.000404604 -0.000458806 -0.000458821 0.000402217 0.00040222 0.000336796 0.000336801 -0.000365264 -0.000365255 -0.000429663 -0.000429657 0.000335294 0.00033528 0.000275341 0.000275335
0.512 0.000514434 0.000703647 0.000337368 0.000501212 -0.00132925 -0.00136712 -0.0013871 -0.00142046 0.00221641 0.002224 0.00221956 0.00222634 -0.00289062 -0.00289213 -0.00286466 -0.00286604 0.00347329 0.00347359 0.00349492 0.0034952 -0.00397526 -0.00397532 -0.00398045 -0.0039805 0.00419884 0.00419886 0.0041646 0.00416461 -0.00431483 -0.00431483 -0.00435822 -0.00435823 0.00430774 0.00430773 0.00427309 0.00427309 -0.00429183 -0.00429184 -0.00431059 -0.00431059 0.00421072 0.00421072 0.00420099 0.00420099
0.513 5.29091e-05 -0.000142495 1.72731e-05 -1.35751e-05 -0.00151105 -0.00147428 -0.00144644 -0.00143807 0.00289689 0.00288994 0.00294385 0.0029418 -0.00413044 -0.00412911 -0.00407739 -0.00407691 0.00508927 0.00508901 0.00513182 0.00513171 -0.00588367 -0.00588362 -0.0058716 -0.00587158 0.00622787 0.00622786 0.00621255 0.00621253 -0.00641502 -0.00641501 -0.00642841 -0.0064284 0.00636959 0.00636959 0.00638081 0.00638081 -0.00639053 -0.00639054 -0.00635581 -0.00635581 0.00625745 0.00625747 0.00630136 0.00630137
0.514 -0.000424094 -0.000919607 -0.000305825 -0.000515873 -0.00106627 -0.000970814 -0.00090657 -0.000860521 0.0023951 0.00237663 0.00246599 0.00245608 -0.00365774 -0.00365415 -0.0036008 -0.00359869 0.00459698 0.00459629 0.00464136 0.00464092 -0.00536608 -0.00536595 -0.00534185 -0.00534176 0.00564319 0.00564316 0.0056545 0.00565448 -0.00581952 -0.00581951 -0.00579635 -0.00579633 0.00570926 0.00570926 0.00576142 0.00576141 -0.00576063 -0.00576064 -0.0056878 -0.00568781 0.00559825 0.00559826 0.00567636 0.00567636
0.515 -0.000720664 -0.00130958 -0.000499146 -0.000799636 -0.000182362 -6.80572e-05 6.63718e-06 7.09211e-05 0.000926521 0.000904258 0.000992244 0.000978652 -0.00168219 -0.00167784 -0.00164561 -0.00164277 0.00221207 0.00221122 0.00223876 0.00223817 -0.00264772 -0.00264756 -0.00262147 -0.00262135 0.00269455 0.00269452 0.00272859 0.00272858 -0.00277974 -0.00277974 -0.00272926 -0.00272925 0.00260564 0.00260564 0.00267596 0.00267596 -0.00266876 -0.00266875 -0.0025896 -0.0025896 0.00251606 0.00251604 0.00259465 0.00259464
0.516 -0.000716462 -0.00115558 -0.000484203 -0.000750087 0.000775015 0.000860938 0.000916207 0.000971971 -0.000898869 -0.000915728 -0.00086474 -0.000876352 0.000969973 0.000973281 0.000971237 0.000973638 -0.0010711 -0.00107175 -0.00107338 -0.00107388 0.00113565 0.00113579 0.00115296 0.00115307 -0.00138127 -0.0013813 -0.0013388 -0.00133881 0.00142248 0.00142247 0.00147883 0.00147883 -0.00162319 -0.00162319 -0.0015653 -0.00156531 0.00156433 0.00156434 0.0016155 0.0016155 -0.00166636 -0.00166637 -0.00162073 -0.00162073
0.517 -0.000415454 -0.000525032 -0.000268546 -0.000390051 0.00141344 0.00143579 0.00144987 0.00147409 -0.0023303 -0.00233484 -0.00234093 -0.00234577 0.0032008 0.00320173 0.00316724 0.00316821 -0.00389453 -0.00389472 -0.00392403 -0.00392423 0.00441301 0.00441305 0.00441416 0.0044142 -0.00488013 -0.00488014 -0.0048479 -0.00484792 0.00501576 0.00501576 0.00505344 0.00505344 -0.00517943 -0.00517943 -0.00515909 -0.00515909 0.00512706 0.00512706 0.00512832 0.00512833 -0.00515165 -0.00515165 -0.00515803 -0.00515802
0.518 5.67689e-05 0.000319832 5.80559e-05 0.000130561 0.00147487 0.0014248 0.0013927 0.0013755 -0.0027857 -0.00277613 -0.00283596 -0.00283206 0.00409493 0.0040931 0.0040418 0.00404094 -0.00509942 -0.00509907 -0.00514247 -0.00514228 0.00583192 0.00583185 0.00581642 0.00581639 -0.00634414 -0.00634413 -0.00633697 -0.00633698 0.00648606 0.00648606 0.00648808 0.00648808 -0.00654909 -0.0065491 -0.00657499 -0.00657499 0.00649092 0.00649091 0.00644214 0.00644214 -0.00643721 -0.00643719 -0.00649233 -0.00649232
0.519 0.000505566 0.00103128 0.000361162 0.000597364 0.000940105 0.000838527 0.000773883 0.000722457 -0.00208936 -0.00206965 -0.00215821 -0.00214719 0.00329501 0.00329118 0.00324543 0.0032431 -0.00420303 -0.00420228 -0.00424036 -0.00423987 0.0048184 0.00481825 0.00479273 0.00479262 -0.00517021 -0.00517017 -0.00519223 -0.00519221 0.00521442 0.00521442 0.00517903 0.00517903 -0.00514544 -0.00514545 -0.00520619 -0.00520619 0.00506465 0.00506464 0.00498737 0.00498737 -0.00495991 -0.0049599 -0.00503986 -0.00503986
0.52 0.000747728 0.0013195 0.000517231 0.000820041 3.42404e-05 -7.7008e-05 -0.000147532 -0.000212067 -0.000540344 -0.000518617 -0.000599626 -0.000586016 0.00114417 0.00113991 0.00111907 0.00111622 -0.00159294 -0.00159209 -0.0016084 -0.00160781 0.00181046 0.0018103 0.00178534 0.00178521 -0.00185902 -0.00185899 -0.00190141 -0.00190137 0.00173712 0.00173711 0.00167897 0.00167897 -0.00155943 -0.00155942 -0.00162859 -0.00162859 0.00144967 0.00144968 0.00137757 0.00137757 -0.00134062 -0.00134063 -0.00141114 -0.00141115
0.521 0.000686535 0.001071 0.000464214 0.000710212 -0.000868198 -0.000943733 -0.000991225 -0.0010426 0.00121484 0.00122972 0.00118892 0.00119958 -0.00146149 -0.00146444 -0.00145225 -0.00145445 0.00163967 0.00164026 0.00165212 0.00165256 -0.00193 -0.00193011 -0.00194406 -0.00194415 0.00219843 0.00219845 0.00215395 0.00215398 -0.00248112 -0.00248114 -0.00253698 -0.00253698 0.00268964 0.00268965 0.00264201 0.00264201 -0.00281323 -0.00281322 -0.00284906 -0.00284906 0.00287722 0.0028772 0.00284611 0.0028461
0.522 0.000350589 0.000393455 0.000226408 0.000316707 -0.00139853 -0.00140806 -0.00141301 -0.0014306 0.00245142 0.0024535 0.00246877 0.00247222 -0.00344711 -0.00344755 -0.00340857 -0.00340925 0.00415636 0.00415645 0.00419029 0.00419041 -0.00484652 -0.00484654 -0.0048436 -0.00484362 0.00530594 0.00530594 0.00527918 0.00527918 -0.00566486 -0.00566487 -0.00569376 -0.00569376 0.00579774 0.00579774 0.00579211 0.00579211 -0.00589922 -0.00589921 -0.00588369 -0.00588369 0.00588482 0.00588482 0.00590614 0.00590615
0.523 -0.000119212 -0.00043069 -9.64075e-05 -0.000195888 -0.00134515 -0.00128574 -0.00124588 -0.0012231 0.0026652 0.00265381 0.00271805 0.00271299 -0.0040036 -0.0040014 -0.00395313 -0.00395203 0.00492634 0.00492592 0.00496616 0.00496593 -0.00573638 -0.0057363 -0.00571766 -0.00571761 0.00617238 0.00617236 0.00617585 0.00617582 -0.00647588 -0.00647587 -0.00646445 -0.00646444 0.00644155 0.00644154 0.00648014 0.00648014 -0.00647827 -0.00647828 -0.00641866 -0.00641866 0.00638161 0.00638163 0.00644597 0.00644598
0.524 -0.00052872 -0.00106205 -0.000370766 -0.000616058 -0.000738587 -0.00063554 -0.000566801 -0.000513655 0.00177766 0.00175767 0.001844 0.00183265 -0.00291842 -0.00291452 -0.00287785 -0.00287545 0.00364969 0.00364893 0.00367781 0.00367732 -0.00424753 -0.00424739 -0.00422083 -0.00422074 0.00444948 0.00444946 0.00448255 0.00448251 -0.00457615 -0.00457613 -0.00452852 -0.00452851 0.00434119 0.00434118 0.00440716 0.00440716 -0.0042859 -0.00428591 -0.0042084 -0.0042084 0.00413509 0.0041351 0.00421477 0.00421477
0.525 -0.000710878 -0.00124435 -0.000484728 -0.000772776 0.000163823 0.000267651 0.00033756 0.000398768 0.000163845 0.000143571 0.000216557 0.000203681 -0.000656997 -0.000653028 -0.000643197 -0.000640513 0.000874543 0.000873766 0.000879212 0.000878659 -0.00101845 -0.00101829 -0.000994979 -0.000994871 0.000872712 0.00087269 0.000921486 0.000921467 -0.000768882 -0.000768875 -0.000705295 -0.000705292 0.00038126 0.00038126 0.000446061 0.000446063 -0.000241449 -0.000241448 -0.000179639 -0.000179636 8.70019e-05 8.69884e-05 0.000147803 0.000147791
0.526 -0.000594065 -0.000908811 -0.000393666 -0.000605364 0.000986299 0.00104831 0.00109103 0.001135 -0.00150674 -0.00151899 -0.00148881 -0.0014979 0.00183627 0.00183869 0.00181846 0.00182032 -0.0022375 -0.00223798 -0.00225731 -0.0022577 0.00259496 0.00259507 0.00260532 0.0026054 -0.00305198 -0.003052 -0.00300882 -0.00300882 0.00334129 0.00334128 0.00339306 0.00339306 -0.00376187 -0.00376186 -0.00372611 -0.00372611 0.00393804 0.00393805 0.00395778 0.00395777 -0.0040419 -0.00404192 -0.00402598 -0.00402599
0.527 -0.000230473 -0.000200383 -0.000137862 -0.000187199 0.00139038 0.00138573 0.00138373 0.00139259 -0.0025488 -0.00254812 -0.00257238 -0.00257398 0.00353266 0.00353257 0.00349204 0.00349233 -0.00439779 -0.00439778 -0.0044324 -0.00443246 0.00508882 0.00508883 0.0050817 0.00508171 -0.00568233 -0.00568234 -0.00566419 -0.00566419 0.00602527 0.00602526 0.00604208 0.00604208 -0.00632937 -0.00632936 -0.00633788 -0.00633788 0.00646622 0.00646622 0.00643594 0.00643593 -0.00648221 -0.00648221 -0.00651788 -0.00651787
0.528 0.000226768 0.000584277 0.000175026 0.000305992 0.00121353 0.00114512 0.00109886 0.00106949 -0.00254331 -0.00253017 -0.00259814 -0.00259172 0.00374419 0.00374166 0.00369894 0.00369757 -0.004725 -0.00472451 -0.00475872 -0.00475843 0.00543787 0.00543777 0.00541624 0.00541619 -0.00592759 -0.00592758 -0.00594325 -0.00594324 0.00615791 0.00615791 0.00613162 0.00613162 -0.00622584 -0.00622584 -0.00627474 -0.00627475 0.0062492 0.0062492 0.00618255 0.00618255 -0.00617184 -0.00617182 -0.00624361 -0.0062436
0.529 0.000587728 0.00112055 0.000415038 0.000669604 0.000533767 0.000430744 0.000358633 0.000303738 -0.0015067 -0.0014867 -0.00157003 -0.00155836 0.0024033 0.0023994 0.00237284 0.00237039 -0.00310556 -0.00310479 -0.00312385 -0.00312332 0.00351785 0.00351769 0.00349082 0.00349071 -0.00370176 -0.00370172 -0.00374513 -0.00374512 0.00369093 0.00369094 0.00363235 0.00363234 -0.00348563 -0.00348564 -0.00355375 -0.00355374 0.0033565 0.00335649 0.00328251 0.00328251 -0.00321524 -0.00321523 -0.0032921 -0.0032921
0.53 0.000704231 0.0011897 0.000483639 0.000754675 -0.000365311 -0.000459866 -0.000528806 -0.00058613 0.00012125 0.000139733 7.52635e-05 8.7274e-05 8.30666e-05 7.94415e-05 7.96898e-05 7.71889e-05 -0.000232468 -0.000231756 -0.000228186 -0.000227663 0.000149236 0.000149093 0.000128179 0.000128068 4.65348e-05 4.65763e-05 -5.91683e-06 -5.89637e-06 -0.000328633 -0.000328635 -0.000394188 -0.000394197 0.000738543 0.000738542 0.000680513 0.000680522 -0.00100087 -0.00100087 -0.00105041 -0.00105041 0.00115167 0.00115166 0.0011029 0.00110288
0.531 0.0005303 0.00076761 0.000353887 0.0005285 -0.00111358 -0.00116052 -0.00119843 -0.00123431 0.00166374 0.00167305 0.00165348 0.00166083 -0.00224733 -0.00224918 -0.00222343 -0.00222494 0.00269055 0.00269091 0.0027144 0.0027147 -0.00325284 -0.00325291 -0.00325909 -0.00325915 0.00373779 0.00373781 0.00369944 0.00369946 -0.00420167 -0.00420167 -0.00424528 -0.00424529 0.00466106 0.00466106 0.00463793 0.00463793 -0.00497831 -0.00497831 -0.00498255 -0.00498255 0.00507913 0.00507911 0.00507944 0.00507944
0.532 0.000139822 3.23275e-05 8.06372e-05 8.66619e-05 -0.00140743 -0.00138758 -0.00137921 -0.00137884 0.00248858 0.00248489 0.00251763 0.00251729 -0.00362781 -0.00362712 -0.0035881 -0.00358799 0.00445349 0.00445336 0.0044856 0.00448555 -0.00527343 -0.00527339 -0.00526227 -0.00526226 0.00582744 0.00582742 0.00582067 0.00582067 -0.00629433 -0.00629434 -0.00629632 -0.00629632 0.00661831 0.00661832 0.00663983 0.00663983 -0.00687839 -0.00687839 -0.0068361 -0.0068361 0.00688651 0.00688651 0.00693563 0.00693564
0.533 -0.000305326 -0.000711652 -0.000223054 -0.000387891 -0.00113345 -0.00105526 -0.0010044 -0.000967977 0.00226775 0.00225263 0.00232368 0.00231579 -0.00350368 -0.00350074 -0.0034658 -0.00346412 0.00434159 0.00434102 0.00436768 0.00436732 -0.00508715 -0.00508704 -0.00506332 -0.00506324 0.00545302 0.00545298 0.00548162 0.0054816 -0.00572693 -0.00572692 -0.00568572 -0.00568571 0.00577412 0.00577411 0.00583088 0.00583087 -0.00587385 -0.00587385 -0.00580367 -0.00580368 0.00577939 0.0057794 0.00585586 0.00585588
0.534 -0.000622953 -0.00116021 -0.000433166 -0.000701204 -0.000412294 -0.000308023 -0.000236171 -0.000178608 0.00110818 0.00108786 0.00116784 0.00115563 -0.00194909 -0.00194512 -0.00192902 -0.00192646 0.00242572 0.00242494 0.00243491 0.00243439 -0.00279642 -0.00279628 -0.00276993 -0.00276982 0.00279138 0.00279135 0.00284339 0.00284336 -0.0027437 -0.00274369 -0.00267688 -0.00267687 0.00247661 0.0024766 0.00254422 0.00254421 -0.00236558 -0.00236559 -0.0022978 -0.0022978 0.00219531 0.00219532 0.00226588 0.00226587
0.535 -0.000685695 -0.00113463 -0.000465839 -0.000728185 0.000454234 0.000542085 0.000604442 0.000659789 -0.000498648 -0.00051589 -0.000459526 -0.000471115 0.00037243 0.000375824 0.000367164 0.000369574 -0.000476552 -0.000477223 -0.000487234 -0.000487726 0.000620621 0.000620748 0.000638689 0.00063879 -0.00102242 -0.00102244 -0.000969724 -0.000969748 0.00139186 0.00139186 0.0014551 0.00145509 -0.00188529 -0.0018853 -0.00183575 -0.00183575 0.00217872 0.00217872 0.00221525 0.00221526 -0.00237116 -0.00237117 -0.0023371 -0.00233712
0.536 -0.000472558 -0.000653247 -0.000311244 -0.000463017 0.00110972 0.00114599 0.00117198 0.00120301 -0.00188482 -0.0018921 -0.00188179 -0.00188813 0.0024908 0.00249226 0.00246389 0.00246518 -0.00314955 -0.00314985 -0.00317435 -0.00317462 0.0037271 0.00372717 0.00372923 0.00372928 -0.00437795 -0.00437796 -0.00434811 -0.00434812 0.00493163 0.00493163 0.00496324 0.00496323 -0.00546659 -0.00546659 -0.00545621 -0.0054562 0.00583973 0.00583973 0.00582981 0.00582981 -0.0059936 -0.00599362 -0.00601062 -0.00601063
0.537 -7.59581e-05 7.89093e-05 -3.64855e-05 -1.97466e-05 0.00129025 0.00126144 0.00123909 0.00123399 -0.00248393 -0.00247855 -0.00251763 -0.00251632 0.00353494 0.00353392 0.0034991 0.00349878 -0.0044892 -0.00448901 -0.00451662 -0.00451656 0.00523191 0.00523189 0.00521727 0.00521725 -0.00586885 -0.00586886 -0.00587569 -0.00587569 0.00638135 0.00638134 0.00636691 0.00636691 -0.00674593 -0.00674592 -0.00677902 -0.00677902 0.00705733 0.00705733 0.00700569 0.00700569 -0.00712699 -0.00712699 -0.00718736 -0.00718735
0.538 0.000338025 0.000757309 0.000243208 0.00041649 0.000931166 0.000850618 0.000788137 0.000750097 -0.0020629 -0.00204737 -0.00211905 -0.00211085 0.00309154 0.00308853 0.00306248 0.00306074 -0.00396004 -0.00395945 -0.00397816 -0.0039778 0.00452738 0.00452727 0.00450209 0.00450201 -0.00488242 -0.00488241 -0.0049236 -0.00492358 0.00513118 0.00513117 0.0050765 0.0050765 -0.00517082 -0.00517082 -0.00523318 -0.00523319 0.00529451 0.00529451 0.00522358 0.00522357 -0.00526572 -0.0052657 -0.00534288 -0.00534286
0.539 0.000599113 0.0011047 0.000412674 0.000666758 0.000190229 9.22202e-05 1.48796e-05 -3.95128e-05 -0.000812641 -0.000793579 -0.000868047 -0.000856541 0.00136887 0.00136515 0.0013584 0.00135599 -0.00181007 -0.00180933 -0.00181171 -0.0018112 0.00193579 0.00193563 0.00191039 0.00191028 -0.00185193 -0.00185191 -0.00190968 -0.00190966 0.00171241 0.0017124 0.00164119 0.0016412 -0.00139519 -0.00139519 -0.0014602 -0.0014602 0.00127223 0.00127223 0.00121241 0.00121241 -0.0011665 -0.0011665 -0.00122681 -0.00122681
0.54 0.000602925 0.000984726 0.000404194 0.000631819 -0.000621044 -0.00069576 -0.000755998 -0.00080379 0.000737768 0.000752437 0.000705607 0.000715565 -0.000899355 -0.000902243 -0.000888139 -0.000890201 0.00104317 0.00104374 0.00105764 0.00105807 -0.00143545 -0.00143557 -0.00145041 -0.0014505 0.00193232 0.00193235 0.00188353 0.00188355 -0.00242782 -0.00242783 -0.00248428 -0.00248429 0.00299269 0.00299269 0.00295272 0.00295273 -0.00332674 -0.00332674 -0.00335009 -0.00335008 0.00346122 0.00346122 0.00344378 0.00344377
0.541 0.000352783 0.000455628 0.00022453 0.000331569 -0.00116816 -0.00118921 -0.00120708 -0.00122852 0.00194512 0.00194942 0.00194891 0.00195321 -0.00276639 -0.00276727 -0.0027398 -0.00274067 0.0034037 0.00340387 0.00342697 0.00342714 -0.00416578 -0.0041658 -0.00416408 -0.00416411 0.00487145 0.00487147 0.00485359 0.00485359 -0.00553837 -0.00553837 -0.00555496 -0.00555497 0.00613837 0.00613837 0.00614046 0.00614048 -0.00656293 -0.00656293 -0.00654018 -0.00654017 0.00667017 0.00667016 0.0067027 0.00670269
0.542 -4.35745e-05 -0.000257109 -4.92122e-05 -0.000105302 -0.00123161 -0.00119127 -0.00115901 -0.00114562 0.0023195 0.00231184 0.00235715 0.0023541 -0.0034681 -0.00346665 -0.0034385 -0.00343783 0.00429892 0.00429863 0.00432038 0.00432023 -0.00511974 -0.00511968 -0.00510207 -0.00510203 0.00573301 0.005733 0.00575454 0.00575453 -0.00630397 -0.00630397 -0.00627297 -0.00627297 0.00670438 0.00670438 0.00674767 0.00674767 -0.00705829 -0.00705829 -0.00699952 -0.00699952 0.0070958 0.0070958 0.0071636 0.00716361
0.543 -0.000420272 -0.000856663 -0.000302665 -0.000496351 -0.000794982 -0.000710925 -0.000641872 -0.000599694 0.00172376 0.00170749 0.00177949 0.00177047 -0.00273646 -0.00273329 -0.00271648 -0.00271457 0.00338156 0.00338095 0.00339211 0.00339172 -0.00391971 -0.00391959 -0.00389333 -0.00389326 0.0041679 0.00416786 0.00421977 0.00421975 -0.00440085 -0.00440085 -0.0043355 -0.00433549 0.00443776 0.00443776 0.00450387 0.00450385 -0.00458216 -0.00458216 -0.00451274 -0.00451274 0.00453666 0.00453667 0.00460991 0.00460993
0.544 -0.000622745 -0.00109852 -0.000432058 -0.0006816 -4.78357e-05 4.46e-05 0.00012138 0.000174573 0.000423531 0.000405496 0.000474487 0.000463277 -0.000901737 -0.000898204 -0.00089892 -0.000896575 0.00106517 0.00106449 0.0010611 0.00106062 -0.00109592 -0.00109579 -0.00107175 -0.00107166 0.000852228 0.000852195 0.000911683 0.000911668 -0.000633467 -0.000633465 -0.000562293 -0.000562281 0.000281424 0.000281426 0.000342238 0.000342227 -0.000156321 -0.000156318 -0.000105931 -0.000105931 4.7904e-05 4.79084e-05 9.48319e-05 9.48332e-05
0.545 -0.000571253 -0.000890324 -0.000386818 -0.000589077 0.00069635 0.000759073 0.000810923 0.000853174 -0.00103026 -0.00104262 -0.00100466 -0.00101343 0.00125532 0.00125777 0.00124135 0.00124317 -0.00165978 -0.00166026 -0.00167557 -0.00167594 0.00214594 0.00214603 0.00215783 0.00215791 -0.0028035 -0.00280351 -0.00276291 -0.00276292 0.00340525 0.00340525 0.00345092 0.00345092 -0.00401916 -0.00401915 -0.00398957 -0.00398957 0.00436821 0.00436821 0.00437821 0.00437822 -0.00449465 -0.00449466 -0.00449395 -0.00449397
0.546 -0.000292322 -0.000327079 -0.000189381 -0.000262771 0.00113178 0.00113969 0.00114424 0.00115854 -0.00203479 -0.00203653 -0.00204455 -0.00204736 0.00283605 0.00283642 0.00281269 0.00281324 -0.00364832 -0.00364841 -0.00366803 -0.00366815 0.00443838 0.00443841 0.00443293 0.00443297 -0.00525332 -0.00525331 -0.00524993 -0.00524993 0.00600672 0.00600672 0.00600655 0.00600654 -0.00664962 -0.00664963 -0.00666401 -0.00666399 0.00708661 0.00708661 0.00705227 0.00705228 -0.00717925 -0.00717926 -0.00722436 -0.00722438
0.547 9.43175e-05 0.000351768 7.5549e-05 0.000157874 0.00108619 0.00103729 0.000992126 0.000973305 -0.00218576 -0.00217641 -0.00222644 -0.00222228 0.00319934 0.00319754 0.00317721 0.00317631 -0.00408185 -0.00408152 -0.00409663 -0.00409644 0.00482864 0.00482858 0.00480794 0.00480791 -0.00546884 -0.00546882 -0.00550454 -0.00550454 0.00606852 0.00606852 0.00602225 0.00602224 -0.0064922 -0.0064922 -0.00654464 -0.00654464 0.00684289 0.00684289 0.00677921 0.00677921 -0.00686306 -0.00686306 -0.00693379 -0.00693378
0.548 0.000427069 0.000864105 0.000297283 0.00049752 0.000589083 0.000504794 0.000428721 0.000385355 -0.00144059 -0.00142427 -0.0014953 -0.00148605 0.00222315 0.00221998 0.00221127 0.00220932 -0.0028057 -0.00280508 -0.00280959 -0.00280918 0.0031751 0.00317498 0.00314763 0.00314754 -0.00337071 -0.00337069 -0.00342996 -0.00342995 0.00356053 0.00356053 0.00348821 0.00348821 -0.00360001 -0.00360001 -0.00366835 -0.00366836 0.00372129 0.00372129 0.0036557 0.00365569 -0.00365816 -0.00365815 -0.00372359 -0.00372356
0.549 0.000570093 0.0010026 0.000385431 0.000618138 -0.000144787 -0.000228927 -0.000303739 -0.000353172 -0.000128277 -0.000111864 -0.000174645 -0.000164243 0.000344891 0.000341683 0.000346991 0.000344822 -0.000383642 -0.000382997 -0.000376024 -0.00037557 0.000198611 0.000198476 0.000175804 0.000175698 0.000142298 0.000142317 8.56884e-05 8.57128e-05 -0.000461537 -0.000461545 -0.000528263 -0.000528259 0.000820747 0.000820752 0.000765609 0.000765597 -0.000982209 -0.000982205 -0.00102169 -0.00102169 0.0011079 0.0011079 0.00107583 0.00107584
0.55 0.00046889 0.000718801 0.000306814 0.00047523 -0.000808124 -0.000857467 -0.000899122 -0.000934083 0.00119525 0.00120501 0.00117595 0.00118318 -0.0016322 -0.00163413 -0.00161866 -0.00162014 0.00214945 0.00214984 0.00216407 0.00216437 -0.00282988 -0.00282996 -0.00283834 -0.00283841 0.00357724 0.00357726 0.00354849 0.00354851 -0.00430104 -0.00430105 -0.00433279 -0.00433279 0.00491489 0.0049149 0.00489665 0.00489665 -0.00529888 -0.00529888 -0.0052956 -0.0052956 0.00544312 0.00544311 0.00545759 0.00545758
0.551 0.000171024 0.00013973 9.78881e-05 0.000134119 -0.00113009 -0.00112516 -0.00111572 -0.00112214 0.00198301 0.00198227 0.00199832 0.00199947 -0.00288159 -0.00288148 -0.0028636 -0.00286381 0.00372917 0.00372914 0.00374364 0.00374367 -0.0046305 -0.00463049 -0.00462081 -0.0046208 0.00548018 0.00548018 0.00549225 0.00549225 -0.00633617 -0.00633617 -0.0063188 -0.0063188 0.00695756 0.00695756 0.00698436 0.00698437 -0.00741213 -0.00741214 -0.00736785 -0.00736785 0.00752468 0.00752468 0.00757861 0.0075786
0.552 -0.000195886 -0.00048865 -0.000151978 -0.000259635 -0.000987329 -0.00093149 -0.000874828 -0.000850759 0.00192401 0.00191333 0.00196737 0.00196211 -0.00289911 -0.00289706 -0.00288458 -0.00288346 0.00370925 0.00370884 0.00371727 0.00371703 -0.00445457 -0.00445448 -0.00443052 -0.00443046 0.00505038 0.00505037 0.00509813 0.00509812 -0.00570472 -0.00570471 -0.00564557 -0.00564558 0.00608119 0.00608119 0.00614198 0.00614198 -0.00642233 -0.00642233 -0.00635631 -0.00635631 0.00646585 0.00646585 0.00653535 0.00653535
0.553 -0.000478896 -0.000906037 -0.000338785 -0.000542429 -0.000451374 -0.000368883 -0.000289148 -0.000245257 0.001067 0.00105101 0.00112053 0.0011112 -0.00170695 -0.00170384 -0.00170123 -0.00169927 0.00212708 0.00212647 0.00212596 0.00212556 -0.00239585 -0.00239573 -0.00236743 -0.00236736 0.00247645 0.00247643 0.00253886 0.00253884 -0.00266875 -0.00266874 -0.00259358 -0.00259357 0.00264375 0.00264374 0.00271274 0.00271273 -0.00272943 -0.00272943 -0.00267004 -0.00267004 0.00269333 0.00269334 0.00274833 0.00274835
0.554 -0.000563718 -0.000946022 -0.000387378 -0.000600856 0.00024594 0.000320489 0.000389085 0.000434255 -0.000208568 -0.000223165 -0.000166731 -0.000176201 0.000166798 0.00016967 0.000162843 0.000164815 -0.00032232 -0.000322874 -0.000330835 -0.000331237 0.000656488 0.000656591 0.000677214 0.000677282 -0.00114665 -0.00114667 -0.0010972 -0.00109721 0.00149472 0.00149472 0.00155303 0.00155304 -0.00191804 -0.00191804 -0.00187045 -0.00187046 0.00212918 0.00212919 0.00215666 0.00215667 -0.00222524 -0.00222524 -0.00220798 -0.00220797
0.555 -0.000421148 -0.000602813 -0.000281879 -0.000417458 0.000812759 0.000849004 0.000876843 0.000904758 -0.00135909 -0.00136634 -0.00134587 -0.0013516 0.00192034 0.0019218 0.00190998 0.00191115 -0.00258911 -0.00258939 -0.00260015 -0.0026004 0.00340049 0.00340055 0.00340451 0.00340456 -0.00428314 -0.00428316 -0.00426858 -0.00426858 0.00503139 0.00503138 0.00504719 0.0050472 -0.00568984 -0.00568983 -0.00568442 -0.00568443 0.00611965 0.00611965 0.00610381 0.00610381 -0.00623384 -0.00623385 -0.00626094 -0.00626095
0.556 -0.000116979 -2.95538e-05 -7.07081e-05 -7.54416e-05 0.00101997 0.00100423 0.000979049 0.000978853 -0.00190805 -0.00190521 -0.00192865 -0.00192842 0.00282076 0.00282025 0.00280929 0.00280922 -0.00371702 -0.00371693 -0.00372527 -0.00372526 0.00467554 0.00467553 0.00466086 0.00466087 -0.00560681 -0.0056068 -0.00563366 -0.00563366 0.00644906 0.00644905 0.00641523 0.00641523 -0.00708366 -0.00708365 -0.00712326 -0.00712325 0.0075638 0.0075638 0.00751181 0.0075118 -0.00764852 -0.00764853 -0.00770748 -0.0077075
0.557 0.000217901 0.000529521 0.000155317 0.000278658 0.00079469 0.00073518 0.000667433 0.000640221 -0.00164389 -0.00163246 -0.00168969 -0.00168382 0.00251084 0.00250863 0.00250295 0.0025017 -0.0032463 -0.00324589 -0.00324855 -0.00324829 0.0039525 0.00395242 0.00392514 0.0039251 -0.00456096 -0.00456094 -0.00461743 -0.00461742 0.00514719 0.00514719 0.0050783 0.0050783 -0.00550655 -0.00550656 -0.00557456 -0.00557455 0.00584517 0.00584516 0.00577952 0.00577952 -0.00586533 -0.00586532 -0.00593034 -0.00593034
0.558 0.00044382 0.000843284 0.000302028 0.0004978 0.000246185 0.000168979 8.74448e-05 4.54485e-05 -0.000701881 -0.000686892 -0.000754033 -0.000745151 0.00115166 0.00114874 0.00114948 0.00114761 -0.00140151 -0.00140095 -0.00139788 -0.00139748 0.00155313 0.00155301 0.00152472 0.00152463 -0.00159182 -0.0015918 -0.00165302 -0.00165301 0.001671 0.00167101 0.00159704 0.00159704 -0.00161255 -0.00161256 -0.00167984 -0.00167984 0.00167171 0.00167171 0.00162047 0.00162047 -0.00161799 -0.00161798 -0.00166122 -0.0016612
0.559 0.00047087 0.000789833 0.000311335 0.000495837 -0.000385068 -0.000447423 -0.000507884 -0.000546741 0.000501691 0.000513913 0.00046454 0.000472655 -0.000656249 -0.000658645 -0.000653489 -0.000655173 0.00101278 0.00101326 0.00101938 0.00101974 -0.00149211 -0.00149221 -0.0015093 -0.00150939 0.00204237 0.0020424 0.00200344 0.00200346 -0.00251716 -0.00251717 -0.00256386 -0.00256386 0.0029691 0.00296909 0.00293172 0.00293171 -0.00321661 -0.00321661 -0.0032318 -0.00323179 0.00332445 0.00332445 0.00332093 0.00332094
0.56 0.000295096 0.000404441 0.000184507 0.000281811 -0.000831906 -0.000854174 -0.000867508 -0.00088727 0.00145221 0.00145673 0.00144522 0.00144925 -0.00213589 -0.0021368 -0.00213078 -0.0021316 0.00296076 0.00296095 0.00296652 0.00296668 -0.00388552 -0.00388555 -0.00388391 -0.00388395 0.00480493 0.00480493 0.00480542 0.00480543 -0.00565324 -0.00565325 -0.0056521 -0.0056521 0.00631622 0.00631623 0.00632535 0.00632535 -0.00677427 -0.00677427 -0.00674732 -0.00674731 0.00689526 0.00689524 0.00693206 0.00693206
0.561 -2.32502e-06 -0.000139649 -2.00954e-05 -4.66125e-05 -0.000913403 -0.000887995 -0.000848099 -0.000841394 0.00175667 0.00175194 0.00178259 0.00178103 -0.00266659 -0.00266571 -0.00266177 -0.00266143 0.00361816 0.00361799 0.00362044 0.00362035 -0.004614 -0.00461397 -0.00459412 -0.00459409 0.00553057 0.00553056 0.00557026 0.00557026 -0.0064144 -0.00641441 -0.00636568 -0.00636568 0.00702058 0.00702059 0.00707277 0.00707277 -0.00750709 -0.00750709 -0.00744984 -0.00744984 0.00759489 0.00759488 0.00765547 0.00765546
0.562 -0.000291686 -0.000607951 -0.000213251 -0.000346825 -0.000608432 -0.000548027 -0.000471399 -0.000442252 0.00130691 0.00129533 0.00135499 0.00134875 -0.0020443 -0.00204208 -0.00204113 -0.00203981 0.0027203 0.00271987 0.00271888 0.0027186 -0.00337715 -0.00337707 -0.00334747 -0.0033474 0.00391708 0.00391706 0.00397849 0.00397848 -0.00447671 -0.00447671 -0.00440146 -0.00440146 0.00478034 0.00478033 0.00485334 0.00485335 -0.00510024 -0.00510024 -0.00503728 -0.00503728 0.00512094 0.00512095 0.00517904 0.00517904
0.563 -0.000450848 -0.000805288 -0.000313447 -0.000492739 -5.97872e-05 8.65341e-06 8.98938e-05 0.000128135 0.000318358 0.000305105 0.00036876 0.000360691 -0.000560389 -0.000557817 -0.000558644 -0.000556961 0.000668561 0.000668055 0.00066533 0.000664994 -0.000710679 -0.000710586 -0.000684016 -0.000683949 0.000651285 0.000651269 0.000707412 0.000707396 -0.000652378 -0.000652366 -0.000583375 -0.000583373 0.000528938 0.000528923 0.000591179 0.000591179 -0.000553399 -0.000553399 -0.000511478 -0.000511478 0.000498344 0.000498358 0.000529403 0.000529409
0.564 -0.000416672 -0.000657167 -0.000281166 -0.000427659 0.000491203 0.000538269 0.000590004 0.000620616 -0.000769785 -0.000779022 -0.000737812 -0.00074418 0.00113168 0.0011335 0.00113297 0.00113429 -0.00164765 -0.00164801 -0.00165005 -0.00165031 0.00224534 0.00224541 0.00225739 0.00225743 -0.00288298 -0.00288299 -0.00285679 -0.0028568 0.00345136 0.00345137 0.0034839 0.0034839 -0.00395449 -0.0039545 -0.00393025 -0.00393026 0.00423491 0.00423491 0.0042382 0.0042382 -0.00434608 -0.00434608 -0.00435454 -0.00435453
0.565 -0.000210115 -0.000237975 -0.000134475 -0.00018635 0.00081014 0.0008165 0.000817072 0.000827163 -0.00148752 -0.00148894 -0.00148707 -0.00148905 0.00230171 0.00230203 0.00230306 0.00230345 -0.00323491 -0.00323497 -0.00323485 -0.00323493 0.00423345 0.00423347 0.00422561 0.00422562 -0.00519085 -0.00519085 -0.00520604 -0.00520605 0.00610835 0.00610834 0.00608996 0.00608997 -0.00679036 -0.00679035 -0.00681507 -0.00681507 0.00726064 0.00726064 0.00722424 0.00722424 -0.00738785 -0.00738786 -0.00743126 -0.00743126
0.566 7.50542e-05 0.000264748 6.02854e-05 0.000122344 0.000769317 0.000733613 0.000682977 0.000668855 -0.00153605 -0.00152931 -0.00156717 -0.00156405 0.00245628 0.002455 0.00245702 0.00245635 -0.00342067 -0.00342042 -0.00341846 -0.00341834 0.00441328 0.00441324 0.00438896 0.00438894 -0.00529818 -0.00529817 -0.00534803 -0.00534802 0.0062 0.00619999 0.00613845 0.00613845 -0.00678708 -0.00678707 -0.0068504 -0.0068504 0.00725348 0.00725348 0.00719312 0.00719312 -0.00735184 -0.00735185 -0.007411 -0.00741101
0.567 0.000314286 0.00063335 0.000218178 0.000364035 0.000399358 0.000338244 0.000257952 0.000226421 -0.000912371 -0.000900612 -0.000962102 -0.000955387 0.00154634 0.00154406 0.00154494 0.00154353 -0.00213764 -0.00213719 -0.00213528 -0.00213499 0.0027166 0.00271651 0.00268638 0.00268633 -0.00316226 -0.00316225 -0.00322487 -0.00322485 0.00368643 0.00368643 0.00360838 0.00360838 -0.00394177 -0.00394177 -0.00401639 -0.00401639 0.0042102 0.00421019 0.00415164 0.00415163 -0.00424743 -0.00424742 -0.00429705 -0.00429705
0.568 0.000406428 0.000714 0.000272604 0.00043709 -0.000128246 -0.00018776 -0.000263692 -0.000298565 9.56131e-05 0.000107179 4.78279e-05 5.51344e-05 -1.84022e-05 -2.06631e-05 -2.30977e-05 -2.46181e-05 5.24591e-05 5.2902e-05 5.26586e-05 5.2981e-05 -0.000126905 -0.000127 -0.000149909 -0.000149977 0.000311558 0.000311575 0.000263639 0.000263656 -0.000376307 -0.000376303 -0.000436777 -0.000436779 0.000557169 0.000557155 0.000503742 0.000503742 -0.000601783 -0.00060178 -0.000633726 -0.000633729 0.000632954 0.00063297 0.000613436 0.000613438
0.569 0.000316617 0.000481143 0.000203519 0.000315531 -0.000578744 -0.000611196 -0.000650631 -0.000673794 0.00103908 0.0010455 0.00101287 0.00101763 -0.00155184 -0.00155311 -0.00155932 -0.00156029 0.00220383 0.00220408 0.00220084 0.00220106 -0.00290282 -0.00290288 -0.00290871 -0.00290876 0.00365381 0.00365382 0.00364153 0.00364153 -0.00428013 -0.00428013 -0.00429643 -0.00429643 0.00482713 0.00482712 0.00481839 0.00481839 -0.00517296 -0.00517295 -0.00516493 -0.00516492 0.00525216 0.00525216 0.0052701 0.0052701
0.57 8.97242e-05 4.54617e-05 4.50041e-05 5.844e-05 -0.000757303 -0.000749725 -0.000735895 -0.000737854 0.00150559 0.0015043 0.00151159 0.00151186 -0.00239027 -0.00239004 -0.00239786 -0.0023979 0.00339405 0.00339401 0.00338897 0.00338898 -0.00442988 -0.00442987 -0.00441626 -0.00441626 0.00545248 0.00545248 0.00548114 0.00548113 -0.00638332 -0.00638332 -0.00634801 -0.00634801 0.00707993 0.00707994 0.00711999 0.00711999 -0.00759179 -0.00759179 -0.00754745 -0.00754744 0.00767916 0.00767915 0.00772605 0.00772605
0.571 -0.000170866 -0.000397017 -0.000130702 -0.000217535 -0.000592789 -0.000550015 -0.000488485 -0.00046929 0.00129767 0.00128954 0.00133318 0.00132906 -0.00217812 -0.00217657 -0.00218189 -0.00218102 0.00311882 0.00311853 0.00311448 0.00311429 -0.00406196 -0.00406189 -0.00403491 -0.00403486 0.00494945 0.00494944 0.00500643 0.00500642 -0.00580103 -0.00580104 -0.00572927 -0.00572927 0.00637125 0.00637127 0.00644294 0.00644294 -0.00684473 -0.00684473 -0.00678309 -0.0067831 0.00689675 0.00689673 0.00695226 0.00695226
0.572 -0.00034939 -0.000651709 -0.000245395 -0.000390083 -0.000166303 -0.000108443 -2.46786e-05 6.32477e-06 0.000515785 0.000504668 0.000566054 0.000559525 -0.00101815 -0.00101601 -0.00101492 -0.00101356 0.00150558 0.00150517 0.00150499 0.00150469 -0.00196111 -0.00196103 -0.00193243 -0.00193236 0.00235986 0.00235984 0.00242018 0.00242018 -0.00277759 -0.00277758 -0.00270059 -0.00270059 0.00299678 0.00299678 0.00306897 0.00306896 -0.0032411 -0.00324111 -0.00318844 -0.00318845 0.00322789 0.00322789 0.00326874 0.00326875
0.573 -0.000368404 -0.000610135 -0.000249168 -0.00038471 0.000327013 0.000373693 0.000445072 0.000473536 -0.00048897 -0.000498012 -0.00044464 -0.000450563 0.000577194 0.000578942 0.000587743 0.000588966 -0.000744494 -0.000744826 -0.000739961 -0.000740211 0.000973683 0.000973742 0.000991679 0.000991728 -0.00122002 -0.00122004 -0.00118272 -0.00118272 0.00141632 0.00141633 0.0014648 0.00146481 -0.00163139 -0.0016314 -0.00159021 -0.00159021 0.00171519 0.0017152 0.00173659 0.00173658 -0.00179783 -0.00179782 -0.00178817 -0.00178817
0.574 -0.00022204 -0.000295869 -0.000141843 -0.000206594 0.000665365 0.000680081 0.000709799 0.000722784 -0.00127076 -0.00127369 -0.00125046 -0.00125308 0.00191058 0.00191117 0.00192498 0.00192551 -0.00265986 -0.00265998 -0.00265155 -0.00265164 0.00349083 0.00349085 0.00349063 0.00349064 -0.00427693 -0.00427693 -0.00427889 -0.0042789 0.00501799 0.00501799 0.00501649 0.00501649 -0.00557609 -0.0055761 -0.00558405 -0.00558405 0.00595402 0.00595403 0.00593524 0.00593524 -0.00608258 -0.00608257 -0.00610728 -0.00610729
0.575 2.23903e-05 0.00014761 2.75655e-05 6.27208e-05 0.000698246 0.000674758 0.000651037 0.000642707 -0.00148481 -0.00148038 -0.00149665 -0.00149477 0.00240289 0.00240207 0.00241487 0.00241447 -0.00341669 -0.00341654 -0.00340832 -0.00340822 0.0045194 0.00451937 0.00450142 0.0045014 -0.00552031 -0.0055203 -0.00556061 -0.00556062 0.00651389 0.00651388 0.00646274 0.00646274 -0.00718655 -0.00718655 -0.00724041 -0.0072404 0.00770448 0.00770447 0.00765372 0.00765372 -0.00783659 -0.00783659 -0.00788459 -0.0078846
0.576 0.000254773 0.000521234 0.000182885 0.000301983 0.000412135 0.000361312 0.000294614 0.00026875 -0.00103783 -0.00102809 -0.00107677 -0.00107125 0.00184335 0.00184148 0.00184661 0.00184545 -0.00269201 -0.00269166 -0.00268801 -0.00268777 0.00362435 0.00362429 0.00359658 0.00359654 -0.00442716 -0.00442714 -0.00448811 -0.0044881 0.00527593 0.00527593 0.00519729 0.00519729 -0.00578968 -0.00578967 -0.00586613 -0.00586613 0.00623539 0.00623538 0.0061744 0.0061744 -0.00632616 -0.00632617 -0.00637714 -0.00637714
0.577 0.000371026 0.000658317 0.000254548 0.000403958 -6.44607e-05 -0.000119608 -0.00020116 -0.000232909 -0.000128028 -0.000117402 -0.000178055 -0.000171377 0.000479307 0.000477242 0.000470803 0.000469407 -0.000801173 -0.000800763 -0.000804378 -0.000804104 0.00119042 0.00119035 0.00116483 0.00116478 -0.00146197 -0.00146195 -0.0015169 -0.00151688 0.00182517 0.00182517 0.00175342 0.00175342 -0.00197159 -0.00197158 -0.00203737 -0.00203737 0.00216107 0.00216107 0.00211583 0.00211582 -0.00218047 -0.00218047 -0.00221343 -0.00221342
0.578 0.000318953 0.000497718 0.000210249 0.00032266 -0.000518383 -0.000552971 -0.000615485 -0.000638807 0.000842403 0.000849111 0.000801662 0.000806468 -0.00109238 -0.00109369 -0.00111037 -0.00111135 0.00143898 0.00143925 0.00142904 0.00142923 -0.00174292 -0.00174298 -0.0017556 -0.00175564 0.00212061 0.00212061 0.00209568 0.0020957 -0.00238778 -0.00238778 -0.00242105 -0.00242105 0.00266849 0.00266848 0.00264211 0.00264211 -0.0028157 -0.00281569 -0.00282609 -0.0028261 0.0028712 0.00287121 0.00286938 0.00286938
0.579 0.000121115 0.000110363 6.91433e-05 9.35127e-05 -0.000746228 -0.00074454 -0.000762498 -0.000766793 0.00144377 0.0014435 0.00142876 0.00142951 -0.00218495 -0.00218491 -0.00220517 -0.00220529 0.00306184 0.00306183 0.00304911 0.00304914 -0.00392492 -0.00392493 -0.00391965 -0.00391966 0.00480658 0.00480657 0.00482248 0.00482249 -0.00559299 -0.00559299 -0.00557293 -0.00557293 0.00618843 0.00618842 0.00621312 0.00621312 -0.0066158 -0.0066158 -0.00658716 -0.00658716 0.00672189 0.0067219 0.00675131 0.0067513
0.58 -0.000135167 -0.000332214 -0.000106582 -0.000182297 -0.000644312 -0.000606764 -0.000573493 -0.000556594 0.00140744 0.00140026 0.00142413 0.00142044 -0.00231993 -0.00231853 -0.00233306 -0.00233226 0.00336671 0.00336643 0.00335708 0.00335693 -0.00442616 -0.00442611 -0.00440559 -0.00440556 0.00546243 0.00546242 0.00551212 0.0055121 -0.00644532 -0.00644532 -0.00638044 -0.00638045 0.00711664 0.00711664 0.00718179 0.0071818 -0.00765288 -0.00765288 -0.00759762 -0.00759762 0.00776697 0.00776697 0.00781502 0.00781501
0.581 -0.000336244 -0.000633412 -0.000239037 -0.000382335 -0.00025479 -0.000197794 -0.000127946 -9.71206e-05 0.000744392 0.000733421 0.000785924 0.000779397 -0.00143498 -0.00143285 -0.00143403 -0.00143267 0.00222021 0.00221979 0.00221876 0.00221848 -0.00303408 -0.00303399 -0.00300717 -0.00300711 0.00381347 0.00381346 0.00387514 0.00387512 -0.00458941 -0.00458942 -0.00450802 -0.00450802 0.0050676 0.00506761 0.00514493 0.00514493 -0.00549587 -0.00549588 -0.00543762 -0.00543762 0.00557386 0.00557385 0.00562057 0.00562057
0.582 -0.000392175 -0.000658124 -0.000268903 -0.00041685 0.000252288 0.000303526 0.000380396 0.000411601 -0.000258198 -0.000268104 -0.00020863 -0.000215126 8.81361e-05 9.00501e-05 0.000104219 0.000105553 0.000114076 0.000113707 0.000122458 0.000122177 -0.000343032 -0.000342954 -0.000321129 -0.000321067 0.000558911 0.000558901 0.000605586 0.000605573 -0.000808166 -0.000808162 -0.000745991 -0.000745984 0.000902053 0.000902058 0.000957843 0.000957839 -0.00104807 -0.00104807 -0.00101152 -0.00101152 0.00106158 0.00106157 0.00108791 0.00108792
0.583 -0.000276492 -0.000392514 -0.00018169 -0.000268527 0.00065326 0.000675839 0.000727779 0.000745484 -0.00116102 -0.00116543 -0.00112342 -0.001127 0.00158797 0.00158882 0.00161316 0.00161389 -0.00204547 -0.00204562 -0.00203019 -0.00203034 0.00249902 0.00249905 0.00250699 0.00250702 -0.00292451 -0.00292451 -0.00291318 -0.00291318 0.0033075 0.00330751 0.00332299 0.00332299 -0.00363489 -0.00363489 -0.00362503 -0.00362504 0.00383179 0.00383179 0.00383132 0.00383132 -0.00388429 -0.00388429 -0.00388884 -0.00388883
0.584 -3.82857e-05 4.91849e-05 -1.44521e-05 -6.44858e-07 0.000769118 0.000752588 0.000758526 0.000754652 -0.001564 -0.00156087 -0.00155358 -0.00155262 0.00240935 0.00240876 0.00243279 0.00243258 -0.00332667 -0.00332654 -0.00331102 -0.00331098 0.00427947 0.00427944 0.00427058 0.00427056 -0.00516489 -0.00516489 -0.00519374 -0.00519373 0.00602813 0.00602813 0.00598988 0.00598987 -0.0066453 -0.00664531 -0.00668579 -0.0066858 0.00710721 0.00710721 0.0070702 0.0070702 -0.00720005 -0.00720004 -0.00723328 -0.00723328
0.585 0.000218779 0.000473963 0.000160056 0.000270068 0.00054483 0.000495926 0.000454186 0.000430089 -0.00128195 -0.00127253 -0.00130305 -0.00129788 0.00218778 0.00218597 0.0021985 0.00219741 -0.00317297 -0.00317263 -0.00316429 -0.00316405 0.00423755 0.00423749 0.00421587 0.00421582 -0.00521714 -0.00521714 -0.00527342 -0.00527341 0.00621281 0.0062128 0.0061374 0.00613739 -0.00687296 -0.00687296 -0.00694623 -0.00694622 0.00741482 0.00741482 0.00735718 0.00735718 -0.00750549 -0.00750548 -0.00755352 -0.00755353
0.586 0.00038153 0.000694162 0.000264984 0.000424213 7.48669e-05 1.47173e-05 -5.66527e-05 -9.06679e-05 -0.000427881 -0.000416248 -0.00047219 -0.00046502 0.00100938 0.00100713 0.00100146 0.00099996 -0.00164368 -0.00164326 -0.00164664 -0.00164632 0.00238871 0.00238863 0.00236342 0.00236337 -0.00306189 -0.00306187 -0.0031209 -0.0031209 0.00378791 0.0037879 0.00370841 0.00370841 -0.00422782 -0.00422781 -0.00430196 -0.00430195 0.00463261 0.0046326 0.00457883 0.00457883 -0.00467875 -0.00467875 -0.00472181 -0.00472182
0.587 0.000376881 0.000609905 0.000253074 0.000392123 -0.000436635 -0.000481651 -0.000552708 -0.000581804 0.000632909 0.000641645 0.000583116 0.000589159 -0.000623176 -0.000624882 -0.000647457 -0.000648713 0.000609119 0.000609447 0.000594904 0.000595163 -0.000481285 -0.000481346 -0.000499785 -0.000499832 0.000387105 0.000387127 0.000351157 0.000351161 -0.000223334 -0.000223337 -0.000271899 -0.000271895 0.000178532 0.000178535 0.000135861 0.000135859 -7.15611e-05 -7.15664e-05 -9.88238e-05 -9.8825e-05 9.5198e-05 9.51881e-05 7.47412e-05 7.47462e-05
0.588 0.000204364 0.000253846 0.000127745 0.000185015 -0.000764204 -0.000773998 -0.000815459 -0.000826733 0.00143919 0.00144112 0.00140406 0.00140629 -0.00200513 -0.00200552 -0.0020358 -0.00203624 0.00261824 0.00261833 0.00259844 0.00259852 -0.00315012 -0.00315014 -0.00315446 -0.00315448 0.00366983 0.00366984 0.00367253 0.00367254 -0.00413256 -0.00413255 -0.00412863 -0.00412863 0.00450049 0.00450048 0.00450793 0.00450792 -0.00473039 -0.00473039 -0.00471983 -0.00471983 0.0048219 0.00482189 0.00483236 0.00483237
0.589 -6.27589e-05 -0.000221558 -5.77366e-05 -0.000108861 -0.000759715 -0.000729395 -0.000724644 -0.000712828 0.00163373 0.0016279 0.00162775 0.00162511 -0.00253299 -0.00253186 -0.00255652 -0.00255593 0.00351549 0.00351528 0.0034988 0.00349866 -0.00447898 -0.00447895 -0.0044677 -0.00446768 0.00539749 0.00539748 0.00543746 0.00543747 -0.00629698 -0.00629698 -0.00624209 -0.00624209 0.00693229 0.00693229 0.00698665 0.00698664 -0.00740048 -0.00740048 -0.00735679 -0.00735679 0.0075315 0.0075315 0.00756848 0.00756849
0.59 -0.00030857 -0.000609216 -0.000222851 -0.000361766 -0.000418423 -0.000360663 -0.00031229 -0.000282182 0.00112038 0.00110923 0.00114645 0.00114003 -0.00196661 -0.00196444 -0.00197192 -0.00197055 0.00290528 0.00290485 0.00289958 0.0028993 -0.00389788 -0.0038978 -0.00387583 -0.00387577 0.00483961 0.00483958 0.0048992 0.00489919 -0.00580999 -0.00580999 -0.00572817 -0.00572818 0.00646343 0.00646344 0.00654102 0.00654102 -0.00697364 -0.00697364 -0.0069154 -0.0069154 0.00710057 0.00710058 0.00714879 0.00714878
0.591 -0.000424555 -0.000737162 -0.00029459 -0.000461702 0.000116786 0.00017703 0.000248699 0.000284165 0.000109738 9.80955e-05 0.000157756 0.000150318 -0.000536681 -0.000534419 -0.000520362 -0.000518822 0.00103745 0.00103699 0.00104612 0.00104582 -0.00164967 -0.00164957 -0.00162591 -0.00162584 0.00223266 0.00223264 0.00228576 0.00228574 -0.00288115 -0.00288116 -0.00280844 -0.00280844 0.00329931 0.00329931 0.0033663 0.00336631 -0.00363724 -0.00363724 -0.00358901 -0.00358902 0.00371841 0.00371841 0.00375794 0.00375793
0.592 -0.000357082 -0.000544109 -0.000239425 -0.000361531 0.000615531 0.000651729 0.000717282 0.000742554 -0.000967732 -0.000974747 -0.000917039 -0.000922226 0.00114988 0.00115124 0.00118162 0.00118267 -0.00129574 -0.00129602 -0.00127569 -0.00127589 0.00131138 0.00131143 0.00132724 0.00132729 -0.00132011 -0.00132011 -0.00129661 -0.00129663 0.00125374 0.00125374 0.0012852 0.00128521 -0.00122812 -0.00122812 -0.00120092 -0.00120092 0.00120794 0.00120793 0.00122591 0.00122591 -0.0011959 -0.0011959 -0.00118139 -0.00118139
0.593 -0.00013164 -0.000107824 -7.85515e-05 -0.000100564 0.00085903 0.000854643 0.000887709 0.00089136 -0.00164511 -0.0016443 -0.00161253 -0.00161312 0.00236767 0.00236751 0.00240136 0.00240145 -0.00309578 -0.00309574 -0.00307274 -0.00307275 0.00372397 0.00372396 0.00372564 0.00372564 -0.0043152 -0.00431519 -0.00433136 -0.00433136 0.00485408 0.00485408 0.00483027 0.00483027 -0.00522098 -0.00522099 -0.00524539 -0.0052454 0.00553631 0.00553631 0.0055166 0.0055166 -0.00558942 -0.00558943 -0.00560596 -0.00560594
0.594 0.000156971 0.00038654 0.00012041 0.000211095 0.000735602 0.000691475 0.000679319 0.000659105 -0.00162079 -0.00161228 -0.00162013 -0.00161573 0.00258407 0.00258242 0.00260475 0.00260381 -0.00358461 -0.00358428 -0.00356887 -0.00356869 0.00455602 0.00455596 0.00454296 0.00454291 -0.00548467 -0.00548466 -0.00553318 -0.00553316 0.00640732 0.00640732 0.00633863 0.00633862 -0.00701139 -0.0070114 -0.00707673 -0.00707674 0.00754526 0.00754526 0.00749624 0.00749625 -0.00763387 -0.00763387 -0.00767463 -0.00767461
0.595 0.000384683 0.000725175 0.000271969 0.000439161 0.00029105 0.000225376 0.00017374 0.000137764 -0.000891649 -0.000878936 -0.00092389 -0.000916259 0.00169097 0.0016885 0.00168882 0.00168723 -0.00253988 -0.00253939 -0.00253901 -0.00253869 0.00344495 0.00344485 0.00342248 0.00342241 -0.00433243 -0.00433243 -0.00439192 -0.0043919 0.00526481 0.0052648 0.00518153 0.00518151 -0.00585869 -0.00585869 -0.00593648 -0.00593647 0.00640675 0.00640675 0.00634909 0.00634909 -0.00648728 -0.00648728 -0.00653539 -0.0065354
0.596 0.000451481 0.000757902 0.000309514 0.000482979 -0.000288517 -0.000347784 -0.000417346 -0.000453954 0.000240743 0.00025226 0.000188205 0.000195857 5.63091e-05 5.40648e-05 3.13132e-05 2.9722e-05 -0.000394634 -0.000394203 -0.00040986 -0.000409528 0.000854504 0.000854426 0.000831709 0.000831646 -0.00134437 -0.00134436 -0.00138884 -0.00138883 0.00191311 0.0019131 0.00185206 0.00185206 -0.0022563 -0.00225629 -0.00231267 -0.00231266 0.00260926 0.00260925 0.00256721 0.00256721 -0.00264121 -0.0026412 -0.00267674 -0.00267676
0.597 0.000325136 0.000464287 0.000214472 0.0003197 -0.000754915 -0.000782011 -0.00084106 -0.00086256 0.00129528 0.00130059 0.00124378 0.00124816 -0.00162816 -0.0016292 -0.00166585 -0.00166675 0.00194264 0.00194283 0.00191732 0.00191751 -0.00211916 -0.0021192 -0.0021331 -0.00213313 0.00221655 0.00221657 0.00220631 0.00220632 -0.00223268 -0.00223268 -0.00224446 -0.00224445 0.00227911 0.00227911 0.00226864 0.00226864 -0.00225151 -0.00225151 -0.00226026 -0.00226026 0.00228994 0.00228995 0.00228176 0.00228175
0.598 5.63118e-05 -3.53361e-05 2.5184e-05 1.5537e-05 -0.000904191 -0.000886747 -0.000911444 -0.000908287 0.00181572 0.00181238 0.0017867 0.00178584 -0.00263987 -0.00263922 -0.00267406 -0.00267386 0.00347264 0.00347251 0.00344811 0.00344807 -0.00421121 -0.00421119 -0.00421063 -0.00421062 0.00484379 0.0048438 0.00487196 0.00487196 -0.00542604 -0.00542603 -0.00538331 -0.0053833 0.0058462 0.00584619 0.0058861 0.0058861 -0.0061435 -0.00614349 -0.00611524 -0.00611524 0.00624732 0.00624731 0.00626996 0.00626996
0.599 -0.000241868 -0.000529441 -0.000178616 -0.000301214 -0.000665485 -0.00061012 -0.000590684 -0.000563752 0.00156746 0.00155674 0.00157353 0.00156772 -0.00253499 -0.0025329 -0.00255043 -0.00254918 0.00353178 0.00353138 0.00351909 0.00351882 -0.00452528 -0.00452521 -0.00451032 -0.00451027 0.00542417 0.00542416 0.00547819 0.00547818 -0.00632458 -0.00632457 -0.00624628 -0.00624628 0.00695641 0.00695641 0.00702926 0.00702925 -0.00744864 -0.00744864 -0.00739523 -0.00739522 0.00758838 0.00758837 0.00763254 0.00763255
0.6 -0.000441499 -0.000804958 -0.000309417 -0.000494358 -0.000133869 -6.36833e-05 -8.13016e-06 3.14389e-05 0.000642082 0.000628464 0.000681514 0.000673157 -0.0013422 -0.00133955 -0.00133137 -0.00132961 0.00207873 0.00207822 0.00208414 0.00208376 -0.0029164 -0.0029163 -0.00289301 -0.00289293 0.00370901 0.00370898 0.00376519 0.00376518 -0.00455439 -0.00455439 -0.00447522 -0.00447523 0.00515569 0.0051557 0.00522978 0.00522978 -0.00563647 -0.00563647 -0.00558036 -0.00558035 0.00576988 0.00576988 0.00581731 0.00581731
