0.001 -9.95074e-18 -1.4484e-17 -8.44386e-18 -1.18957e-17 3.04429e-17 3.15743e-17 3.00772e-17 3.09402e-17 -1.23541e-16 -1.23823e-16 -1.23452e-16 -1.23668e-16 5.11049e-16 5.1112e-16 5.11028e-16 5.11082e-16 -2.11638e-15 -2.1164e-15 -2.11638e-15 -2.11639e-15 8.765e-15 8.76501e-15 8.765e-15 8.765e-15 -3.63004e-14 -3.63004e-14 -3.63004e-14 -3.63004e-14 1.50339e-13 1.50339e-13 1.50339e-13 1.50339e-13 -6.22632e-13 -6.22632e-13 -6.22632e-13 -6.22632e-13 2.57865e-12 2.57865e-12 2.57865e-12 2.57865e-12 -1.06795e-11 -1.06795e-11 -1.06795e-11 -1.06795e-11
0.002 1.6985e-17 2.11547e-17 1.6204e-17 2.07202e-17 -2.20504e-17 -2.33121e-17 -2.17229e-17 -2.30101e-17 2.97021e-17 3.00722e-17 2.9589e-17 2.99503e-17 9.32851e-17 9.3179e-17 9.33207e-17 9.32205e-17 -1.27144e-15 -1.27141e-15 -1.27145e-15 -1.27143e-15 8.92849e-15 8.92848e-15 8.92849e-15 8.92849e-15 -5.21462e-14 -5.21462e-14 -5.21462e-14 -5.21462e-14 2.78786e-13 2.78786e-13 2.78786e-13 2.78786e-13 -1.41477e-12 -1.41477e-12 -1.41477e-12 -1.41477e-12 6.93684e-12 6.93684e-12 6.93684e-12 6.93684e-12 -3.31917e-11 -3.31917e-11 -3.31917e-11 -3.31917e-11
0.003 6.77696e-17 1.09518e-16 5.35056e-17 8.30705e-17 -2.08639e-16 -2.19002e-16 -2.05029e-16 -2.12297e-16 7.70421e-16 7.72982e-16 7.6952e-16 7.713e-16 -2.76237e-15 -2.763e-15 -2.76215e-15 -2.76258e-15 9.30659e-15 9.30674e-15 9.30653e-15 9.30664e-15 -2.81774e-14 -2.81774e-14 -2.81774e-14 -2.81774e-14 6.7428e-14 6.7428e-14 6.7428e-14 6.7428e-14 -4.89538e-14 -4.89538e-14 -4.89538e-14 -4.89538e-14 -8.5977e-13 -8.5977e-13 -8.5977e-13 -8.5977e-13 8.41144e-12 8.41144e-12 8.41144e-12 8.41144e-12 -5.67901e-11 -5.67901e-11 -5.67901e-11 -5.67901e-11
0.004 -1.13653e-17 1.09827e-18 -2.09161e-17 -2.39556e-17 -1.70389e-16 -1.7121e-16 -1.693e-16 -1.66956e-16 9.79048e-16 9.78677e-16 9.79114e-16 9.78134e-16 -4.66338e-15 -4.66315e-15 -4.66349e-15 -4.66314e-15 2.02161e-14 2.0216e-14 2.02162e-14 2.02161e-14 -8.03429e-14 -8.03428e-14 -8.03429e-14 -8.03429e-14 2.86657e-13 2.86657e-13 2.86657e-13 2.86657e-13 -8.52542e-13 -8.52542e-13 -8.52542e-13 -8.52542e-13 1.50391e-12 1.50391e-12 1.50391e-12 1.50391e-12 5.00862e-12 5.00862e-12 5.00862e-12 5.00862e-12 -7.9834e-11 -7.9834e-11 -7.9834e-11 -7.9834e-11
0.005 -2.52906e-16 -4.0814e-16 -2.04467e-16 -3.15633e-16 4.61599e-16 5.02415e-16 4.46819e-16 4.75188e-16 -9.15343e-16 -9.25927e-16 -9.11092e-16 -9.18249e-16 3.2469e-16 3.274e-16 3.23519e-16 3.25304e-16 1.08269e-14 1.08263e-14 1.08273e-14 1.08268e-14 -8.24553e-14 -8.24551e-14 -8.24554e-14 -8.24553e-14 4.2618e-13 4.26179e-13 4.2618e-13 4.2618e-13 -1.7414e-12 -1.7414e-12 -1.7414e-12 -1.7414e-12 5.21352e-12 5.21352e-12 5.21352e-12 5.21352e-12 -3.91491e-12 -3.91491e-12 -3.91491e-12 -3.91491e-12 -1.02583e-10 -1.02583e-10 -1.02583e-10 -1.02583e-10
0.006 -3.74169e-16 -6.37214e-16 -2.69826e-16 -4.12104e-16 1.38304e-15 1.44025e-15 1.35874e-15 1.38787e-15 -4.74342e-15 -4.7554e-15 -4.73818e-15 -4.74378e-15 1.41696e-14 1.4172e-14 1.41686e-14 1.41696e-14 -3.30838e-14 -3.30842e-14 -3.30836e-14 -3.30838e-14 3.13847e-14 3.13848e-14 3.13847e-14 3.13847e-14 2.45688e-13 2.45688e-13 2.45688e-13 2.45688e-13 -2.02687e-12 -2.02687e-12 -2.02687e-12 -2.02687e-12 8.9277e-12 8.9277e-12 8.9277e-12 8.9277e-12 -1.75683e-11 -1.75683e-11 -1.75683e-11 -1.75683e-11 -1.27468e-10 -1.27468e-10 -1.27468e-10 -1.27468e-10
0.007 6.48902e-17 8.56366e-17 9.49402e-17 1.51549e-16 1.35678e-15 1.33113e-15 1.3644e-15 1.33969e-15 -7.02445e-15 -7.01335e-15 -7.03038e-15 -7.0219e-15 2.85823e-14 2.85785e-14 2.85848e-14 2.85822e-14 -9.79256e-14 -9.79244e-14 -9.79265e-14 -9.79257e-14 2.64922e-13 2.64922e-13 2.64923e-13 2.64922e-13 -4.0025e-13 -4.0025e-13 -4.0025e-13 -4.0025e-13 -1.02695e-12 -1.02695e-12 -1.02695e-12 -1.02695e-12 1.08506e-11 1.08506e-11 1.08506e-11 1.08506e-11 -3.42177e-11 -3.42177e-11 -3.42177e-11 -3.42177e-11 -1.58724e-10 -1.58724e-10 -1.58724e-10 -1.58724e-10
0.008 1.12076e-15 1.86348e-15 8.91546e-16 1.3565e-15 -1.00224e-15 -1.19197e-15 -9.20903e-16 -1.03333e-15 -2.18901e-15 -2.14203e-15 -2.21391e-15 -2.18748e-15 2.53706e-14 2.53594e-14 2.53776e-14 2.53716e-14 -1.34028e-13 -1.34025e-13 -1.3403e-13 -1.34028e-13 5.15062e-13 5.15061e-13 5.15062e-13 5.15062e-13 -1.41016e-12 -1.41016e-12 -1.41016e-12 -1.41016e-12 1.56149e-12 1.56149e-12 1.56149e-12 1.56149e-12 9.36757e-12 9.36757e-12 9.36757e-12 9.36757e-12 -5.20669e-11 -5.20669e-11 -5.20669e-11 -5.20669e-11 -2.01597e-10 -2.01597e-10 -2.01597e-10 -2.01597e-10
0.009 2.02224e-15 3.35601e-15 1.50817e-15 2.27248e-15 -5.58758e-15 -5.86711e-15 -5.46089e-15 -5.6174e-15 1.28724e-14 1.2928e-14 1.28455e-14 1.28762e-14 -1.31148e-14 -1.3125e-14 -1.31103e-14 -1.31159e-14 -7.3481e-14 -7.34793e-14 -7.34813e-14 -7.34804e-14 5.83285e-13 5.83284e-13 5.83284e-13 5.83284e-13 -2.37666e-12 -2.37666e-12 -2.37666e-12 -2.37666e-12 5.39184e-12 5.39184e-12 5.39184e-12 5.39184e-12 3.63223e-12 3.63223e-12 3.63223e-12 3.63223e-12 -7.01987e-11 -7.01987e-11 -7.01987e-11 -7.01987e-11 -2.61472e-10 -2.61472e-10 -2.61472e-10 -2.61472e-10
0.01 1.36265e-15 2.16039e-15 9.06921e-16 1.31681e-15 -9.4463e-15 -9.5404e-15 -9.41233e-15 -9.46565e-15 3.31745e-14 3.31753e-14 3.31903e-14 3.31939e-14 -8.66905e-14 -8.6686e-14 -8.67011e-14 -8.67001e-14 1.26857e-13 1.26855e-13 1.26862e-13 1.26861e-13 2.56991e-13 2.56992e-13 2.56989e-13 2.5699e-13 -2.67721e-12 -2.67721e-12 -2.67721e-12 -2.67721e-12 9.43703e-12 9.43703e-12 9.43703e-12 9.43703e-12 -6.14344e-12 -6.14344e-12 -6.14344e-12 -6.14344e-12 -8.92378e-11 -8.92378e-11 -8.92378e-11 -8.92378e-11 -3.43316e-10 -3.43316e-10 -3.43316e-10 -3.43316e-10
0.011 -1.90101e-15 -3.37301e-15 -1.61886e-15 -2.54117e-15 -7.23282e-15 -6.80846e-15 -7.46921e-15 -7.23114e-15 4.33007e-14 4.31888e-14 4.33952e-14 4.33372e-14 -1.63255e-13 -1.63227e-13 -1.63285e-13 -1.63271e-13 4.35601e-13 4.35594e-13 4.35609e-13 4.35606e-13 -5.62749e-13 -5.62748e-13 -5.62751e-13 -5.62751e-13 -1.70579e-12 -1.70579e-12 -1.70579e-12 -1.70579e-12 1.22428e-11 1.22428e-11 1.22428e-11 1.22428e-11 -1.88296e-11 -1.88296e-11 -1.88296e-11 -1.88296e-11 -1.11518e-10 -1.11518e-10 -1.11518e-10 -1.11518e-10 -4.51697e-10 -4.51697e-10 -4.51697e-10 -4.51697e-10
0.012 -7.03316e-15 -1.17968e-14 -5.41943e-15 -8.24323e-15 5.69451e-15 6.74678e-15 5.15646e-15 5.77145e-15 2.24357e-14 2.22122e-14 2.25759e-14 2.2444e-14 -1.80288e-13 -1.80242e-13 -1.80317e-13 -1.80289e-13 7.20035e-13 7.20027e-13 7.20039e-13 7.20034e-13 -1.74327e-12 -1.74327e-12 -1.74327e-12 -1.74327e-12 8.34303e-13 8.34303e-13 8.34303e-13 8.34303e-13 1.23871e-11 1.23871e-11 1.23871e-11 1.23871e-11 -3.29141e-11 -3.29141e-11 -3.29141e-11 -3.29141e-11 -1.4074e-10 -1.4074e-10 -1.4074e-10 -1.4074e-10 -5.91444e-10 -5.91444e-10 -5.91444e-10 -5.91444e-10
0.013 -1.07368e-14 -1.74156e-14 -7.97414e-15 -1.19141e-14 2.84357e-14 2.97219e-14 2.78913e-14 2.86927e-14 -4.26311e-14 -4.28684e-14 -4.25762e-14 -4.27392e-14 -6.9267e-14 -6.92254e-14 -6.92525e-14 -6.92191e-14 7.6901e-13 7.69003e-13 7.68998e-13 7.68991e-13 -2.87862e-12 -2.87862e-12 -2.87862e-12 -2.87862e-12 4.6989e-12 4.6989e-12 4.6989e-12 4.6989e-12 8.97244e-12 8.97244e-12 8.97244e-12 8.97244e-12 -4.72402e-11 -4.72402e-11 -4.72402e-11 -4.72402e-11 -1.81308e-10 -1.81308e-10 -1.81308e-10 -1.81308e-10 -7.68764e-10 -7.68764e-10 -7.68764e-10 -7.68764e-10
0.014 -8.04387e-15 -1.20337e-14 -5.62597e-15 -8.04367e-15 5.07096e-14 5.12565e-14 5.07589e-14 5.11879e-14 -1.4136e-13 -1.41416e-13 -1.41555e-13 -1.4163e-13 2.01312e-13 2.01313e-13 2.01402e-13 2.01415e-13 3.73101e-13 3.73103e-13 3.73071e-13 3.73069e-13 -3.36895e-12 -3.36895e-12 -3.36894e-12 -3.36894e-12 9.04726e-12 9.04726e-12 9.04726e-12 9.04726e-12 1.9489e-12 1.9489e-12 1.9489e-12 1.9489e-12 -6.16757e-11 -6.16757e-11 -6.16757e-11 -6.16757e-11 -2.37666e-10 -2.37666e-10 -2.37666e-10 -2.37666e-10 -9.92526e-10 -9.92526e-10 -9.92526e-10 -9.92526e-10
0.015 4.83452e-15 1.00376e-14 4.27532e-15 7.17954e-15 5.35077e-14 5.20861e-14 5.47124e-14 5.39835e-14 -2.29584e-13 -2.29231e-13 -2.3007e-13 -2.29891e-13 5.81917e-13 5.81835e-13 5.82054e-13 5.8201e-13 -5.59186e-13 -5.59168e-13 -5.59216e-13 -5.59205e-13 -2.61764e-12 -2.61765e-12 -2.61764e-12 -2.61764e-12 1.26155e-11 1.26155e-11 1.26155e-11 1.26155e-11 -7.87929e-12 -7.87929e-12 -7.87929e-12 -7.87929e-12 -7.74705e-11 -7.74705e-11 -7.74705e-11 -7.74705e-11 -3.13951e-10 -3.13951e-10 -3.13951e-10 -3.13951e-10 -1.27539e-09 -1.27539e-09 -1.27539e-09 -1.27539e-09
0.016 2.66327e-14 4.5628e-14 2.05428e-14 3.16237e-14 1.65091e-14 1.23847e-14 1.88347e-14 1.63777e-14 -2.35872e-13 -2.34995e-13 -2.36425e-13 -2.35876e-13 9.22411e-13 9.22228e-13 9.22488e-13 9.22365e-13 -1.8961e-12 -1.89606e-12 -1.8961e-12 -1.89607e-12 -2.86973e-13 -2.86981e-13 -2.86983e-13 -2.86989e-13 1.40808e-11 1.40808e-11 1.40808e-11 1.40808e-11 -1.91922e-11 -1.91922e-11 -1.91922e-11 -1.91922e-11 -9.71903e-11 -9.71903e-11 -9.71903e-11 -9.71903e-11 -4.14157e-10 -4.14157e-10 -4.14157e-10 -4.14157e-10 -1.63457e-09 -1.63457e-09 -1.63457e-09 -1.63457e-09
0.017 4.83126e-14 7.87619e-14 3.6263e-14 5.45114e-14 -6.87513e-14 -7.48773e-14 -6.63545e-14 -7.02647e-14 -8.88485e-14 -8.76244e-14 -8.89902e-14 -8.81493e-14 9.98767e-13 9.98522e-13 9.98645e-13 9.98465e-13 -3.24387e-12 -3.24383e-12 -3.2438e-12 -3.24377e-12 3.48587e-12 3.48586e-12 3.48584e-12 3.48584e-12 1.24936e-11 1.24936e-11 1.24936e-11 1.24936e-11 -3.07313e-11 -3.07313e-11 -3.07313e-11 -3.07313e-11 -1.24285e-10 -1.24285e-10 -1.24285e-10 -1.24285e-10 -5.42827e-10 -5.42827e-10 -5.42827e-10 -5.42827e-10 -2.09229e-09 -2.09229e-09 -2.09229e-09 -2.09229e-09
0.018 5.39863e-14 8.31231e-14 3.9631e-14 5.79509e-14 -1.85063e-13 -1.90451e-13 -1.84516e-13 -1.88287e-13 2.39987e-13 2.40977e-13 2.40736e-13 2.41503e-13 5.91349e-13 5.91168e-13 5.90977e-13 5.90825e-13 -4.01389e-12 -4.01386e-12 -4.01377e-12 -4.01375e-12 8.01163e-12 8.01163e-12 8.01161e-12 8.0116e-12 7.61016e-12 7.61016e-12 7.61016e-12 7.61016e-12 -4.19123e-11 -4.19123e-11 -4.19123e-11 -4.19123e-11 -1.62503e-10 -1.62503e-10 -1.62503e-10 -1.62503e-10 -7.06075e-10 -7.06075e-10 -7.06075e-10 -7.06075e-10 -2.67608e-09 -2.67608e-09 -2.67608e-09 -2.67608e-09
0.019 2.68495e-14 3.27651e-14 1.84391e-14 2.40139e-14 -2.83045e-13 -2.83282e-13 -2.86243e-13 -2.87086e-13 6.94445e-13 6.94307e-13 6.96155e-13 6.96241e-13 -4.04323e-13 -4.04258e-13 -4.04804e-13 -4.04798e-13 -3.59663e-12 -3.59665e-12 -3.59655e-12 -3.59655e-12 1.2168e-11 1.2168e-11 1.2168e-11 1.2168e-11 -1.41551e-14 -1.41567e-14 -1.41619e-14 -1.41627e-14 -5.32521e-11 -5.32521e-11 -5.32521e-11 -5.32521e-11 -2.1543e-10 -2.1543e-10 -2.1543e-10 -2.1543e-10 -9.12695e-10 -9.12695e-10 -9.12695e-10 -9.12695e-10 -3.41925e-09 -3.41925e-09 -3.41925e-09 -3.41925e-09
0.02 -4.08651e-14 -8.12961e-14 -3.25833e-14 -5.40954e-14 -2.8955e-13 -2.8022e-13 -2.96976e-13 -2.91878e-13 1.11567e-12 1.11356e-12 1.11768e-12 1.11647e-12 -1.87568e-12 -1.87521e-12 -1.87594e-12 -1.87565e-12 -1.59567e-12 -1.59578e-12 -1.59572e-12 -1.59579e-12 1.46987e-11 1.46987e-11 1.46987e-11 1.46987e-11 -9.23247e-12 -9.23248e-12 -9.23249e-12 -9.23249e-12 -6.64622e-11 -6.64622e-11 -6.64622e-11 -6.64622e-11 -2.86379e-10 -2.86379e-10 -2.86379e-10 -2.86379e-10 -1.17507e-09 -1.17507e-09 -1.17507e-09 -1.17507e-09 -4.36199e-09 -4.36199e-09 -4.36199e-09 -4.36199e-09
0.021 -1.37722e-13 -2.35432e-13 -1.0443e-13 -1.61225e-13 -1.33785e-13 -1.13166e-13 -1.43363e-13 -1.30764e-13 1.26754e-12 1.2632e-12 1.26856e-12 1.26577e-12 -3.45002e-12 -3.44911e-12 -3.44969e-12 -3.44908e-12 1.96116e-12 1.96097e-12 1.96092e-12 1.96079e-12 1.46018e-11 1.46018e-11 1.46019e-11 1.46019e-11 -1.87602e-11 -1.87602e-11 -1.87602e-11 -1.87602e-11 -8.41905e-11 -8.41905e-11 -8.41905e-11 -8.41905e-11 -3.78754e-10 -3.78754e-10 -3.78754e-10 -3.78754e-10 -1.50977e-09 -1.50977e-09 -1.50977e-09 -1.50977e-09 -5.55308e-09 -5.55308e-09 -5.55308e-09 -5.55308e-09
0.022 -2.28274e-13 -3.67952e-13 -1.70538e-13 -2.56012e-13 2.1408e-13 2.42313e-13 2.07055e-13 2.25452e-13 9.10936e-13 9.05236e-13 9.09582e-13 9.05658e-13 -4.5478e-12 -4.54665e-12 -4.54676e-12 -4.54593e-12 6.52348e-12 6.52325e-12 6.52314e-12 6.52297e-12 1.14671e-11 1.14671e-11 1.14672e-11 1.14672e-11 -2.77242e-11 -2.77242e-11 -2.77242e-11 -2.77242e-11 -1.09539e-10 -1.09539e-10 -1.09539e-10 -1.09539e-10 -4.96794e-10 -4.96794e-10 -4.96794e-10 -4.96794e-10 -1.93791e-09 -1.93791e-09 -1.93791e-09 -1.93791e-09 -7.05249e-09 -7.05249e-09 -7.05249e-09 -7.05249e-09
0.023 -2.58671e-13 -3.91447e-13 -1.91172e-13 -2.7848e-13 7.05524e-13 7.3106e-13 7.06871e-13 7.2506e-13 -8.91618e-14 -9.40561e-14 -9.3423e-14 -9.71673e-14 -4.5376e-12 -4.53667e-12 -4.53617e-12 -4.5354e-12 1.10929e-11 1.10927e-11 1.10926e-11 1.10925e-11 5.62912e-12 5.62916e-12 5.62911e-12 5.62915e-12 -3.61154e-11 -3.61154e-11 -3.61154e-11 -3.61154e-11 -1.45578e-10 -1.45578e-10 -1.45578e-10 -1.45578e-10 -6.46538e-10 -6.46538e-10 -6.46538e-10 -6.46538e-10 -2.48549e-09 -2.48549e-09 -2.48549e-09 -2.48549e-09 -8.93465e-09 -8.93465e-09 -8.93465e-09 -8.93465e-09
0.024 -1.7441e-13 -2.24318e-13 -1.26615e-13 -1.70785e-13 1.19598e-12 1.20343e-12 1.2098e-12 1.21806e-12 -1.65991e-12 -1.66088e-12 -1.66603e-12 -1.66751e-12 -2.95581e-12 -2.95572e-12 -2.95476e-12 -2.9545e-12 1.44704e-11 1.44704e-11 1.44704e-11 1.44704e-11 -1.94171e-12 -1.94172e-12 -1.94184e-12 -1.94183e-12 -4.49829e-11 -4.49829e-11 -4.49828e-11 -4.49828e-11 -1.95085e-10 -1.95085e-10 -1.95085e-10 -1.95085e-10 -8.36727e-10 -8.36727e-10 -8.36727e-10 -8.36727e-10 -3.18393e-09 -3.18393e-09 -3.18393e-09 -3.18393e-09 -1.12922e-08 -1.12922e-08 -1.12922e-08 -1.12922e-08
0.025 5.33589e-14 1.66141e-13 4.35976e-14 9.35228e-14 1.46297e-12 1.4367e-12 1.4886e-12 1.4762e-12 -3.46625e-12 -3.46025e-12 -3.47152e-12 -3.4685e-12 2.81048e-13 2.79695e-13 2.80847e-13 2.80123e-13 1.56085e-11 1.56088e-11 1.5609e-11 1.56092e-11 -9.99172e-12 -9.99178e-12 -9.99191e-12 -9.99195e-12 -5.63098e-11 -5.63098e-11 -5.63098e-11 -5.63098e-11 -2.60669e-10 -2.60669e-10 -2.60669e-10 -2.60669e-10 -1.0795e-09 -1.0795e-09 -1.0795e-09 -1.0795e-09 -4.07131e-09 -4.07131e-09 -4.07131e-09 -4.07131e-09 -1.42399e-08 -1.42399e-08 -1.42399e-08 -1.42399e-08
0.026 4.02018e-13 7.25069e-13 3.02018e-13 4.82186e-13 1.2658e-12 1.19718e-12 1.29614e-12 1.25579e-12 -4.94413e-12 -4.92959e-12 -4.94509e-12 -4.9361e-12 4.75554e-12 4.75247e-12 4.75361e-12 4.75161e-12 1.39498e-11 1.39504e-11 1.39506e-11 1.3951e-11 -1.74704e-11 -1.74705e-11 -1.74706e-11 -1.74707e-11 -7.26337e-11 -7.26336e-11 -7.26337e-11 -7.26336e-11 -3.45274e-10 -3.45274e-10 -3.45274e-10 -3.45274e-10 -1.39079e-09 -1.39079e-09 -1.39079e-09 -1.39079e-09 -5.19415e-09 -5.19415e-09 -5.19415e-09 -5.19415e-09 -1.79195e-08 -1.79195e-08 -1.79195e-08 -1.79195e-08
0.027 7.84033e-13 1.29516e-12 5.83826e-13 8.9196e-13 4.36287e-13 3.31053e-13 4.58871e-13 3.91713e-13 -5.43293e-12 -5.41126e-12 -5.42705e-12 -5.41247e-12 9.58351e-12 9.57905e-12 9.58022e-12 9.57707e-12 9.62444e-12 9.62536e-12 9.62512e-12 9.6258e-12 -2.39848e-11 -2.3985e-11 -2.39848e-11 -2.39849e-11 -9.65793e-11 -9.65793e-11 -9.65794e-11 -9.65793e-11 -4.52962e-10 -4.52962e-10 -4.52962e-10 -4.52962e-10 -1.79061e-09 -1.79061e-09 -1.79061e-09 -1.79061e-09 -6.61001e-09 -6.61001e-09 -6.61001e-09 -6.61001e-09 -2.25042e-08 -2.25042e-08 -2.25042e-08 -2.25042e-08
0.028 1.05623e-12 1.64058e-12 7.8392e-13 1.16209e-12 -1.02605e-12 -1.14356e-12 -1.02497e-12 -1.1058e-12 -4.38163e-12 -4.35798e-12 -4.36904e-12 -4.35185e-12 1.3617e-11 1.36123e-11 1.36137e-11 1.36101e-11 3.42024e-12 3.4212e-12 3.42036e-12 3.42112e-12 -3.00622e-11 -3.00624e-11 -3.0062e-11 -3.00622e-11 -1.30514e-10 -1.30514e-10 -1.30515e-10 -1.30515e-10 -5.89761e-10 -5.89761e-10 -5.89761e-10 -5.89761e-10 -2.30338e-09 -2.30338e-09 -2.30338e-09 -2.30338e-09 -8.39064e-09 -8.39064e-09 -8.39064e-09 -8.39064e-09 -2.82048e-08 -2.82048e-08 -2.82048e-08 -2.82048e-08
0.029 1.05547e-12 1.51241e-12 7.83096e-13 1.11645e-12 -2.89079e-12 -2.9794e-12 -2.92022e-12 -2.98957e-12 -1.56762e-12 -1.55044e-12 -1.55198e-12 -1.53767e-12 1.57669e-11 1.57635e-11 1.57652e-11 1.57623e-11 -3.4846e-12 -3.48396e-12 -3.48531e-12 -3.48472e-12 -3.71319e-11 -3.71321e-11 -3.71316e-11 -3.71317e-11 -1.76498e-10 -1.76498e-10 -1.76498e-10 -1.76498e-10 -7.64365e-10 -7.64365e-10 -7.64365e-10 -7.64365e-10 -2.95867e-09 -2.95867e-09 -2.95867e-09 -2.95867e-09 -1.06255e-08 -1.06255e-08 -1.06255e-08 -1.06255e-08 -3.52768e-08 -3.52768e-08 -3.52768e-08 -3.52768e-08
0.03 6.54602e-13 7.41659e-13 4.88628e-13 6.26094e-13 -4.69862e-12 -4.70949e-12 -4.75727e-12 -4.78268e-12 2.75051e-12 2.75135e-12 2.76275e-12 2.76725e-12 1.53428e-11 1.53429e-11 1.53443e-11 1.53436e-11 -9.94748e-12 -9.94756e-12 -9.94883e-12 -9.94872e-12 -4.72421e-11 -4.72421e-11 -4.72418e-11 -4.72418e-11 -2.3659e-10 -2.3659e-10 -2.3659e-10 -2.3659e-10 -9.88607e-10 -9.88607e-10 -9.88608e-10 -9.88608e-10 -3.79245e-09 -3.79245e-09 -3.79245e-09 -3.79245e-09 -1.34256e-08 -1.34256e-08 -1.34256e-08 -1.34256e-08 -4.40291e-08 -4.40291e-08 -4.40291e-08 -4.40291e-08
0.031 -1.77635e-13 -6.69332e-13 -1.22439e-13 -3.2644e-13 -5.84543e-12 -5.73737e-12 -5.91938e-12 -5.87022e-12 7.81516e-12 7.79153e-12 7.81719e-12 7.8055e-12 1.22906e-11 1.22957e-11 1.22953e-11 1.22981e-11 -1.53049e-11 -1.5306e-11 -1.53063e-11 -1.53069e-11 -6.2635e-11 -6.26347e-11 -6.2635e-11 -6.26348e-11 -3.13454e-10 -3.13454e-10 -3.13454e-10 -3.13454e-10 -1.27771e-09 -1.27771e-09 -1.27771e-09 -1.27771e-09 -4.84905e-09 -4.84905e-09 -4.84905e-09 -4.84905e-09 -1.6928e-08 -1.6928e-08 -1.6928e-08 -1.6928e-08 -5.4835e-08 -5.4835e-08 -5.4835e-08 -5.4835e-08
0.032 -1.3343e-12 -2.49273e-12 -9.72957e-13 -1.60513e-12 -5.73804e-12 -5.49493e-12 -5.80352e-12 -5.66241e-12 1.25175e-11 1.24664e-11 1.25053e-11 1.24739e-11 7.2288e-12 7.23952e-12 7.23534e-12 7.24224e-12 -1.968e-11 -1.96823e-11 -1.96806e-11 -1.96822e-11 -8.53619e-11 -8.53614e-11 -8.53623e-11 -8.5362e-11 -4.11111e-10 -4.11112e-10 -4.11111e-10 -4.11111e-10 -1.6505e-09 -1.6505e-09 -1.6505e-09 -1.6505e-09 -6.18369e-09 -6.18369e-09 -6.18369e-09 -6.18369e-09 -2.13001e-08 -2.13001e-08 -2.13001e-08 -2.13001e-08 -6.81449e-08 -6.81449e-08 -6.81449e-08 -6.81449e-08
0.033 -2.56585e-12 -4.288e-12 -1.88261e-12 -2.92189e-12 -3.98297e-12 -3.62752e-12 -4.01408e-12 -3.78716e-12 1.56845e-11 1.56111e-11 1.56595e-11 1.56102e-11 1.25435e-12 1.26956e-12 1.26002e-12 1.27068e-12 -2.40459e-11 -2.4049e-11 -2.40453e-11 -2.40476e-11 -1.17113e-10 -1.17113e-10 -1.17114e-10 -1.17113e-10 -5.35626e-10 -5.35626e-10 -5.35626e-10 -5.35626e-10 -2.12982e-09 -2.12982e-09 -2.12982e-09 -2.12982e-09 -7.86553e-09 -7.86553e-09 -7.86553e-09 -7.86553e-09 -2.67461e-08 -2.67461e-08 -2.67461e-08 -2.67461e-08 -8.45018e-08 -8.45018e-08 -8.45018e-08 -8.45018e-08
0.034 -3.52371e-12 -5.49222e-12 -2.59926e-12 -3.89064e-12 -5.50147e-13 -1.48177e-13 -5.2912e-13 -2.51206e-13 1.64258e-11 1.63435e-11 1.63952e-11 1.63356e-11 -4.43428e-12 -4.41742e-12 -4.43215e-12 -4.41943e-12 -3.00284e-11 -3.00318e-11 -3.00267e-11 -3.00294e-11 -1.59362e-10 -1.59362e-10 -1.59363e-10 -1.59362e-10 -6.95604e-10 -6.95604e-10 -6.95604e-10 -6.95604e-10 -2.74338e-09 -2.74337e-09 -2.74337e-09 -2.74337e-09 -9.98095e-09 -9.98095e-09 -9.98095e-09 -9.98095e-09 -3.35136e-08 -3.35136e-08 -3.35136e-08 -3.35136e-08 -1.04559e-07 -1.04559e-07 -1.04559e-07 -1.04559e-07
0.035 -3.84661e-12 -5.57172e-12 -2.86067e-12 -4.12582e-12 4.14785e-12 4.49625e-12 4.22188e-12 4.49002e-12 1.44248e-11 1.43543e-11 1.44e-11 1.43434e-11 -8.97475e-12 -8.96046e-12 -8.97749e-12 -8.96558e-12 -3.95305e-11 -3.95334e-11 -3.95287e-11 -3.95312e-11 -2.13815e-10 -2.13814e-10 -2.13815e-10 -2.13814e-10 -9.02469e-10 -9.02469e-10 -9.02469e-10 -9.0247e-10 -3.52515e-09 -3.52515e-09 -3.52515e-09 -3.52515e-09 -1.26373e-08 -1.26373e-08 -1.26373e-08 -1.26373e-08 -4.19026e-08 -4.19026e-08 -4.19026e-08 -4.19026e-08 -1.29098e-07 -1.29098e-07 -1.29098e-07 -1.29098e-07
0.036 -3.26772e-12 -4.19389e-12 -2.47115e-12 -3.35971e-12 9.30032e-12 9.48245e-12 9.40817e-12 9.59122e-12 1.00708e-11 1.0035e-11 1.00627e-11 1.00251e-11 -1.21903e-11 -1.21833e-11 -1.21971e-11 -1.21895e-11 -5.43358e-11 -5.43372e-11 -5.43349e-11 -5.43364e-11 -2.83041e-10 -2.83041e-10 -2.83041e-10 -2.8304e-10 -1.1706e-09 -1.1706e-09 -1.17061e-09 -1.17061e-09 -4.51739e-09 -4.51739e-09 -4.51739e-09 -4.51739e-09 -1.59667e-08 -1.59667e-08 -1.59667e-08 -1.59667e-08 -5.22765e-08 -5.22765e-08 -5.22765e-08 -5.22765e-08 -1.59056e-07 -1.59056e-07 -1.59056e-07 -1.59056e-07
0.037 -1.71028e-12 -1.36353e-12 -1.36967e-12 -1.54207e-12 1.38694e-11 1.37897e-11 1.39767e-11 1.40027e-11 4.36634e-12 4.38448e-12 4.38079e-12 4.37753e-12 -1.47266e-11 -1.47307e-11 -1.47347e-11 -1.47345e-11 -7.58604e-11 -7.58595e-11 -7.58611e-11 -7.5861e-11 -3.71128e-10 -3.71128e-10 -3.71127e-10 -3.71127e-10 -1.51758e-09 -1.51758e-09 -1.51758e-09 -1.51758e-09 -5.77313e-09 -5.77313e-09 -5.77313e-09 -5.77313e-09 -2.01311e-08 -2.01311e-08 -2.01311e-08 -2.01311e-08 -6.50744e-08 -6.50744e-08 -6.50744e-08 -6.50744e-08 -1.95546e-07 -1.95546e-07 -1.95546e-07 -1.95546e-07
0.038 6.61813e-13 2.52696e-12 3.33772e-13 1.11324e-12 1.68476e-11 1.6457e-11 1.69169e-11 1.6737e-11 -1.37586e-12 -1.29392e-12 -1.34111e-12 -1.30005e-12 -1.79261e-11 -1.79433e-11 -1.7932e-11 -1.79413e-11 -1.05177e-10 -1.05173e-10 -1.05179e-10 -1.05177e-10 -4.84182e-10 -4.84183e-10 -4.84182e-10 -4.84182e-10 -1.96464e-09 -1.96464e-09 -1.96464e-09 -1.96464e-09 -7.35899e-09 -7.35899e-09 -7.35899e-09 -7.35899e-09 -2.53278e-08 -2.53278e-08 -2.53278e-08 -2.53278e-08 -8.08266e-08 -8.08266e-08 -8.08266e-08 -8.08266e-08 -2.39893e-07 -2.39893e-07 -2.39893e-07 -2.39893e-07
0.039 3.46049e-12 6.76146e-12 2.36934e-12 4.15653e-12 1.75291e-11 1.68449e-11 1.75351e-11 1.71397e-11 -5.96229e-12 -5.82019e-12 -5.91785e-12 -5.83089e-12 -2.3487e-11 -2.35165e-11 -2.34883e-11 -2.35073e-11 -1.43333e-10 -1.43327e-10 -1.43335e-10 -1.43331e-10 -6.30626e-10 -6.30628e-10 -6.30626e-10 -6.30627e-10 -2.53775e-09 -2.53775e-09 -2.53775e-09 -2.53775e-09 -9.35834e-09 -9.35834e-09 -9.35834e-09 -9.35834e-09 -3.17967e-08 -3.17967e-08 -3.17967e-08 -3.17967e-08 -1.00172e-07 -1.00172e-07 -1.00172e-07 -1.00172e-07 -2.93663e-07 -2.93663e-07 -2.93663e-07 -2.93663e-07
0.04 6.15895e-12 1.04698e-11 4.36707e-12 7.00418e-12 1.57094e-11 1.48183e-11 1.56516e-11 1.50769e-11 -8.73813e-12 -8.55352e-12 -8.69951e-12 -8.57481e-12 -3.30407e-11 -3.3079e-11 -3.30371e-11 -3.30641e-11 -1.9189e-10 -1.91882e-10 -1.91891e-10 -1.91885e-10 -8.21317e-10 -8.21319e-10 -8.21319e-10 -8.2132e-10 -3.26903e-09 -3.26903e-09 -3.26903e-09 -3.26903e-09 -1.18747e-08 -1.18747e-08 -1.18747e-08 -1.18747e-08 -3.9829e-08 -3.9829e-08 -3.9829e-08 -3.9829e-08 -1.23876e-07 -1.23876e-07 -1.23876e-07 -1.23876e-07 -3.58709e-07 -3.58709e-07 -3.58709e-07 -3.58709e-07
0.041 8.2249e-12 1.28581e-11 5.95024e-12 9.088e-12 1.17465e-11 1.07878e-11 1.16534e-11 1.0976e-11 -9.8573e-12 -9.65853e-12 -9.83913e-12 -9.69335e-12 -4.78174e-11 -4.78587e-11 -4.78114e-11 -4.78426e-11 -2.53517e-10 -2.53508e-10 -2.53515e-10 -2.53508e-10 -1.06965e-09 -1.06966e-09 -1.06966e-09 -1.06966e-09 -4.19882e-09 -4.19882e-09 -4.19882e-09 -4.19882e-09 -1.50355e-08 -1.50355e-08 -1.50355e-08 -1.50355e-08 -4.9778e-08 -4.9778e-08 -4.9778e-08 -4.9778e-08 -1.52856e-07 -1.52856e-07 -1.52856e-07 -1.52856e-07 -4.37212e-07 -4.37212e-07 -4.37212e-07 -4.37212e-07
0.042 9.26278e-12 1.34304e-11 6.83492e-12 1.00081e-11 6.45545e-12 5.58917e-12 6.37759e-12 5.69789e-12 -1.03096e-11 -1.01292e-11 -1.03197e-11 -1.01744e-11 -6.85484e-11 -6.85861e-11 -6.85437e-11 -6.85748e-11 -3.32492e-10 -3.32485e-10 -3.32488e-10 -3.32482e-10 -1.39186e-09 -1.39186e-09 -1.39186e-09 -1.39186e-09 -5.37807e-09 -5.37807e-09 -5.37807e-09 -5.37807e-09 -1.8997e-08 -1.8997e-08 -1.8997e-08 -1.8997e-08 -6.20719e-08 -6.20719e-08 -6.20719e-08 -6.20719e-08 -1.88205e-07 -1.88205e-07 -1.88205e-07 -1.88205e-07 -5.31737e-07 -5.31737e-07 -5.31737e-07 -5.31737e-07
0.043 9.12045e-12 1.21301e-11 6.90474e-12 9.64105e-12 8.6268e-13 2.29894e-13 8.55315e-13 2.74001e-13 -1.16937e-11 -1.15605e-11 -1.17298e-11 -1.16064e-11 -9.56733e-11 -9.57013e-11 -9.56732e-11 -9.56994e-11 -4.34996e-10 -4.3499e-10 -4.34991e-10 -4.34986e-10 -1.80763e-09 -1.80764e-09 -1.80763e-09 -1.80764e-09 -6.87093e-09 -6.87093e-09 -6.87093e-09 -6.87093e-09 -2.39498e-08 -2.39498e-08 -2.39498e-08 -2.39498e-08 -7.72282e-08 -7.72282e-08 -7.72282e-08 -7.72282e-08 -2.31224e-07 -2.31224e-07 -2.31224e-07 -2.31224e-07 -6.45291e-07 -6.45291e-07 -6.45291e-07 -6.45291e-07
0.044 7.92498e-12 9.35126e-12 6.23613e-12 8.1667e-12 -4.10855e-12 -4.41994e-12 -4.00699e-12 -4.41235e-12 -1.58155e-11 -1.57478e-11 -1.58657e-11 -1.57804e-11 -1.29812e-10 -1.29826e-10 -1.29817e-10 -1.29835e-10 -5.69197e-10 -5.69194e-10 -5.69194e-10 -5.6919e-10 -2.3413e-09 -2.3413e-09 -2.34129e-09 -2.34129e-09 -8.75771e-09 -8.75771e-09 -8.75771e-09 -8.75771e-09 -3.01259e-08 -3.01259e-08 -3.01259e-08 -3.01259e-08 -9.58708e-08 -9.58708e-08 -9.58708e-08 -9.58708e-08 -2.83453e-07 -2.83453e-07 -2.83453e-07 -2.83453e-07 -7.8139e-07 -7.8139e-07 -7.8139e-07 -7.8139e-07
0.045 6.0342e-12 5.81302e-12 5.06502e-12 6.00395e-12 -7.92524e-12 -7.8996e-12 -7.71112e-12 -7.90262e-12 -2.42576e-11 -2.4259e-11 -2.43046e-11 -2.42653e-11 -1.7237e-10 -1.7237e-10 -1.72378e-10 -1.72387e-10 -7.45256e-10 -7.45256e-10 -7.45256e-10 -7.45254e-10 -3.02334e-09 -3.02334e-09 -3.02334e-09 -3.02334e-09 -1.1138e-08 -1.1138e-08 -1.1138e-08 -1.1138e-08 -3.7808e-08 -3.7808e-08 -3.7808e-08 -3.7808e-08 -1.1875e-07 -1.1875e-07 -1.1875e-07 -1.1875e-07 -3.46717e-07 -3.46717e-07 -3.46717e-07 -3.46717e-07 -9.44129e-07 -9.44129e-07 -9.44129e-07 -9.44129e-07
0.046 3.91775e-12 2.33226e-12 3.70472e-12 3.67305e-12 -1.06169e-11 -1.03084e-11 -1.03282e-11 -1.03122e-11 -3.80813e-11 -3.81415e-11 -3.81098e-11 -3.81148e-11 -2.26104e-10 -2.26092e-10 -2.26111e-10 -2.26109e-10 -9.75421e-10 -9.75423e-10 -9.75425e-10 -9.75426e-10 -3.89244e-09 -3.89244e-09 -3.89244e-09 -3.89244e-09 -1.41346e-08 -1.41346e-08 -1.41346e-08 -1.41346e-08 -4.73395e-08 -4.73395e-08 -4.73395e-08 -4.73395e-08 -1.46763e-07 -1.46763e-07 -1.46763e-07 -1.46763e-07 -4.23166e-07 -4.23166e-07 -4.23166e-07 -4.23166e-07 -1.13827e-06 -1.13827e-06 -1.13827e-06 -1.13827e-06
0.047 2.00493e-12 -4.32572e-13 2.44107e-12 1.62854e-12 -1.27834e-11 -1.22927e-11 -1.24921e-11 -1.23102e-11 -5.77842e-11 -5.78832e-11 -5.77867e-11 -5.78269e-11 -2.95492e-10 -2.95472e-10 -2.95493e-10 -2.95484e-10 -1.27443e-09 -1.27443e-09 -1.27443e-09 -1.27444e-09 -4.99762e-09 -4.99762e-09 -4.99762e-09 -4.99762e-09 -1.78979e-08 -1.78979e-08 -1.78979e-08 -1.78979e-08 -5.91374e-08 -5.91374e-08 -5.91374e-08 -5.91374e-08 -1.80983e-07 -1.80983e-07 -1.80983e-07 -1.80983e-07 -5.15331e-07 -5.15331e-07 -5.15331e-07 -5.15331e-07 -1.36933e-06 -1.36933e-06 -1.36933e-06 -1.36933e-06
0.048 5.47827e-13 -2.18526e-12 1.43827e-12 1.15634e-13 -1.54461e-11 -1.48836e-11 -1.52365e-11 -1.49469e-11 -8.355e-11 -8.3666e-11 -8.35299e-11 -8.3593e-11 -3.86858e-10 -3.86834e-10 -3.8685e-10 -3.86836e-10 -1.66031e-09 -1.66032e-09 -1.66032e-09 -1.66032e-09 -6.40068e-09 -6.40068e-09 -6.40068e-09 -6.40068e-09 -2.26117e-08 -2.26117e-08 -2.26117e-08 -2.26117e-08 -7.37067e-08 -7.37067e-08 -7.37067e-08 -7.37067e-08 -2.22686e-07 -2.22686e-07 -2.22686e-07 -2.22686e-07 -6.26184e-07 -6.26184e-07 -6.26184e-07 -6.26184e-07 -1.64367e-06 -1.64367e-06 -1.64367e-06 -1.64367e-06
0.049 -4.57536e-13 -3.07885e-12 6.84987e-13 -9.04986e-13 -1.98017e-11 -1.92487e-11 -1.97436e-11 -1.93974e-11 -1.15732e-10 -1.15849e-10 -1.15702e-10 -1.15778e-10 -5.08289e-10 -5.08264e-10 -5.08273e-10 -5.08256e-10 -2.15572e-09 -2.15572e-09 -2.15572e-09 -2.15573e-09 -8.17883e-09 -8.17883e-09 -8.17884e-09 -8.17884e-09 -2.85007e-08 -2.85007e-08 -2.85007e-08 -2.85007e-08 -9.16568e-08 -9.16568e-08 -9.16568e-08 -9.16568e-08 -2.73387e-07 -2.73387e-07 -2.73387e-07 -2.73387e-07 -7.592e-07 -7.592e-07 -7.592e-07 -7.592e-07 -1.96864e-06 -1.96864e-06 -1.96864e-06 -1.96864e-06
0.05 -1.26924e-12 -3.66222e-12 -4.18856e-15 -1.74324e-12 -2.69753e-11 -2.64558e-11 -2.71011e-11 -2.67219e-11 -1.55437e-10 -1.5555e-10 -1.55413e-10 -1.55496e-10 -6.69523e-10 -6.69498e-10 -6.69505e-10 -6.69487e-10 -2.78954e-09 -2.78954e-09 -2.78953e-09 -2.78954e-09 -1.04277e-08 -1.04277e-08 -1.04277e-08 -1.04277e-08 -3.58388e-08 -3.58388e-08 -3.58388e-08 -3.58388e-08 -1.13721e-07 -1.13721e-07 -1.13721e-07 -1.13721e-07 -3.34881e-07 -3.34881e-07 -3.34881e-07 -3.34881e-07 -9.18433e-07 -9.18433e-07 -9.18433e-07 -9.18433e-07 -2.35266e-06 -2.35266e-06 -2.35266e-06 -2.35266e-06
0.051 -2.32279e-12 -4.71133e-12 -9.36512e-13 -2.88698e-12 -3.78687e-11 -3.73383e-11 -3.81629e-11 -3.77354e-11 -2.05044e-10 -2.05161e-10 -2.05038e-10 -2.05132e-10 -8.82007e-10 -8.81981e-10 -8.81994e-10 -8.81973e-10 -3.59884e-09 -3.59885e-09 -3.59884e-09 -3.59884e-09 -1.32651e-08 -1.32651e-08 -1.32651e-08 -1.32651e-08 -4.496e-08 -4.496e-08 -4.496e-08 -4.496e-08 -1.40778e-07 -1.40778e-07 -1.40778e-07 -1.40778e-07 -4.09288e-07 -4.09288e-07 -4.09288e-07 -4.09288e-07 -1.1086e-06 -1.1086e-06 -1.1086e-06 -1.1086e-06 -2.80537e-06 -2.80537e-06 -2.80537e-06 -2.80537e-06
0.052 -4.11187e-12 -7.01089e-12 -2.46057e-12 -4.86883e-12 -5.31665e-11 -5.25216e-11 -5.35736e-11 -5.30432e-11 -2.68546e-10 -2.68689e-10 -2.6856e-10 -2.68677e-10 -1.15932e-09 -1.15929e-09 -1.15931e-09 -1.15929e-09 -4.63095e-09 -4.63096e-09 -4.63095e-09 -4.63095e-09 -1.68353e-08 -1.68353e-08 -1.68353e-08 -1.68353e-08 -5.62702e-08 -5.62702e-08 -5.62702e-08 -5.62702e-08 -1.7388e-07 -1.7388e-07 -1.7388e-07 -1.7388e-07 -4.99106e-07 -4.99106e-07 -4.99106e-07 -4.99106e-07 -1.33518e-06 -1.33518e-06 -1.33518e-06 -1.33518e-06 -3.33778e-06 -3.33778e-06 -3.33778e-06 -3.33778e-06
0.053 -7.07369e-12 -1.11693e-11 -4.89023e-12 -8.14483e-12 -7.35135e-11 -7.26146e-11 -7.3962e-11 -7.32441e-11 -3.51664e-10 -3.51861e-10 -3.51687e-10 -3.51846e-10 -1.51804e-09 -1.518e-09 -1.51805e-09 -1.51802e-09 -5.94557e-09 -5.94558e-09 -5.94556e-09 -5.94557e-09 -2.13156e-08 -2.13156e-08 -2.13156e-08 -2.13156e-08 -7.02619e-08 -7.02619e-08 -7.02619e-08 -7.02619e-08 -2.14279e-07 -2.14279e-07 -2.14279e-07 -2.14279e-07 -6.07268e-07 -6.07268e-07 -6.07268e-07 -6.07268e-07 -1.60448e-06 -1.60448e-06 -1.60448e-06 -1.60448e-06 -3.9624e-06 -3.9624e-06 -3.9624e-06 -3.9624e-06
0.054 -1.15243e-11 -1.75373e-11 -8.46399e-12 -1.30328e-11 -9.98204e-11 -9.8518e-11 -1.00255e-10 -9.92478e-11 -4.618e-10 -4.62082e-10 -4.61815e-10 -4.62037e-10 -1.97915e-09 -1.97908e-09 -1.97917e-09 -1.97912e-09 -7.61713e-09 -7.61714e-09 -7.61713e-09 -7.61714e-09 -2.69228e-08 -2.69228e-08 -2.69228e-08 -2.69228e-08 -8.753e-08 -8.753e-08 -8.753e-08 -8.753e-08 -2.63464e-07 -2.63464e-07 -2.63464e-07 -2.63464e-07 -7.37211e-07 -7.37211e-07 -7.37211e-07 -7.37211e-07 -1.9238e-06 -1.9238e-06 -1.9238e-06 -1.9238e-06 -4.69343e-06 -4.69343e-06 -4.69343e-06 -4.69343e-06
0.055 -1.76721e-11 -2.62653e-11 -1.33587e-11 -1.97372e-11 -1.33617e-10 -1.3177e-10 -1.34026e-10 -1.32623e-10 -6.07984e-10 -6.08381e-10 -6.0797e-10 -6.08278e-10 -2.56965e-09 -2.56956e-09 -2.56967e-09 -2.5696e-09 -9.73764e-09 -9.73766e-09 -9.73765e-09 -9.73766e-09 -3.39226e-08 -3.39226e-08 -3.39226e-08 -3.39226e-08 -1.08791e-07 -1.08791e-07 -1.08791e-07 -1.08791e-07 -3.23201e-07 -3.23201e-07 -3.23201e-07 -3.23201e-07 -8.92948e-07 -8.92948e-07 -8.92948e-07 -8.92948e-07 -2.30151e-06 -2.30151e-06 -2.30151e-06 -2.30151e-06 -5.54692e-06 -5.54692e-06 -5.54692e-06 -5.54692e-06
0.056 -2.57098e-11 -3.74846e-11 -1.97577e-11 -2.84585e-11 -1.77371e-10 -1.74847e-10 -1.77803e-10 -1.75892e-10 -8.00974e-10 -8.01515e-10 -8.00918e-10 -8.01337e-10 -3.32454e-09 -3.32442e-09 -3.32455e-09 -3.32446e-09 -1.24202e-08 -1.24202e-08 -1.24202e-08 -1.24202e-08 -4.26393e-08 -4.26393e-08 -4.26393e-08 -4.26393e-08 -1.34905e-07 -1.34905e-07 -1.34905e-07 -1.34905e-07 -3.95579e-07 -3.95579e-07 -3.95579e-07 -3.95579e-07 -1.07915e-06 -1.07915e-06 -1.07915e-06 -1.07915e-06 -2.74721e-06 -2.74721e-06 -2.74721e-06 -2.74721e-06 -6.54092e-06 -6.54092e-06 -6.54092e-06 -6.54092e-06
0.057 -3.59612e-11 -5.15592e-11 -2.79563e-11 -3.95552e-11 -2.34715e-10 -2.3137e-10 -2.35278e-10 -2.32732e-10 -1.05369e-09 -1.05441e-09 -1.05359e-09 -1.05415e-09 -4.28879e-09 -4.28863e-09 -4.28879e-09 -4.28866e-09 -1.58035e-08 -1.58035e-08 -1.58035e-08 -1.58035e-08 -5.34684e-08 -5.34684e-08 -5.34684e-08 -5.34684e-08 -1.669e-07 -1.669e-07 -1.669e-07 -1.669e-07 -4.83062e-07 -4.83062e-07 -4.83062e-07 -4.83062e-07 -1.30125e-06 -1.30125e-06 -1.30125e-06 -1.30125e-06 -3.27186e-06 -3.27186e-06 -3.27186e-06 -3.27186e-06 -7.69572e-06 -7.69572e-06 -7.69572e-06 -7.69572e-06
0.058 -4.90417e-11 -6.93341e-11 -3.84768e-11 -5.37162e-11 -3.10585e-10 -3.06222e-10 -3.1142e-10 -3.08077e-10 -1.38203e-09 -1.38297e-09 -1.38189e-09 -1.38263e-09 -5.51937e-09 -5.51917e-09 -5.51936e-09 -5.5192e-09 -2.00578e-08 -2.00579e-08 -2.00578e-08 -2.00579e-08 -6.689e-08 -6.689e-08 -6.689e-08 -6.689e-08 -2.06007e-07 -2.06007e-07 -2.06007e-07 -2.06007e-07 -5.88546e-07 -5.88546e-07 -5.88546e-07 -5.88546e-07 -1.56551e-06 -1.56551e-06 -1.56551e-06 -1.56551e-06 -3.88794e-06 -3.88794e-06 -3.88794e-06 -3.88794e-06 -9.03399e-06 -9.03399e-06 -9.03399e-06 -9.03399e-06
0.059 -6.59934e-11 -9.23168e-11 -5.21672e-11 -7.20991e-11 -4.11301e-10 -4.05629e-10 -4.12566e-10 -4.08192e-10 -1.8061e-09 -1.80733e-09 -1.80595e-09 -1.80691e-09 -7.08759e-09 -7.08733e-09 -7.08757e-09 -7.08736e-09 -2.53924e-08 -2.53924e-08 -2.53924e-08 -2.53924e-08 -8.34849e-08 -8.34849e-08 -8.34849e-08 -8.34849e-08 -2.53688e-07 -2.53688e-07 -2.53688e-07 -2.53688e-07 -7.15428e-07 -7.15428e-07 -7.15428e-07 -7.15428e-07 -1.87917e-06 -1.87917e-06 -1.87917e-06 -1.87917e-06 -4.60961e-06 -4.60961e-06 -4.60961e-06 -4.60961e-06 -1.0581e-05 -1.0581e-05 -1.0581e-05 -1.0581e-05
0.06 -8.83727e-11 -1.22763e-10 -7.02686e-11 -9.64153e-11 -5.44716e-10 -5.37294e-10 -5.46556e-10 -5.40815e-10 -2.35176e-09 -2.35337e-09 -2.3516e-09 -2.35286e-09 -9.08173e-09 -9.08139e-09 -9.08171e-09 -9.08144e-09 -3.20637e-08 -3.20638e-08 -3.20637e-08 -3.20638e-08 -1.03953e-07 -1.03953e-07 -1.03953e-07 -1.03953e-07 -3.11679e-07 -3.11679e-07 -3.11679e-07 -3.11679e-07 -8.67678e-07 -8.67678e-07 -8.67678e-07 -8.67678e-07 -2.25057e-06 -2.25057e-06 -2.25057e-06 -2.25057e-06 -5.45286e-06 -5.45286e-06 -5.45286e-06 -5.45286e-06 -1.23648e-05 -1.23648e-05 -1.23648e-05 -1.23648e-05
0.061 -1.18292e-10 -1.63684e-10 -9.4455e-11 -1.28968e-10 -7.20494e-10 -7.10692e-10 -7.23038e-10 -7.15458e-10 -3.05231e-09 -3.05443e-09 -3.05214e-09 -3.0538e-09 -1.16105e-08 -1.16101e-08 -1.16105e-08 -1.16102e-08 -4.03865e-08 -4.03866e-08 -4.03865e-08 -4.03866e-08 -1.29135e-07 -1.29135e-07 -1.29135e-07 -1.29135e-07 -3.82039e-07 -3.82039e-07 -3.82039e-07 -3.82039e-07 -1.04993e-06 -1.04993e-06 -1.04993e-06 -1.04993e-06 -2.68925e-06 -2.68925e-06 -2.68925e-06 -2.68925e-06 -6.43576e-06 -6.43576e-06 -6.43576e-06 -6.43576e-06 -1.44165e-05 -1.44165e-05 -1.44165e-05 -1.44165e-05
0.062 -1.58449e-10 -2.18836e-10 -1.26868e-10 -1.72676e-10 -9.50626e-10 -9.37591e-10 -9.54006e-10 -9.43943e-10 -3.9504e-09 -3.95321e-09 -3.9502e-09 -3.9524e-09 -1.48076e-08 -1.4807e-08 -1.48076e-08 -1.48072e-08 -5.07449e-08 -5.0745e-08 -5.07449e-08 -5.0745e-08 -1.60039e-07 -1.60039e-07 -1.60039e-07 -1.60039e-07 -4.67197e-07 -4.67197e-07 -4.67197e-07 -4.67197e-07 -1.26754e-06 -1.26754e-06 -1.26754e-06 -1.26754e-06 -3.20612e-06 -3.20612e-06 -3.20612e-06 -3.20612e-06 -7.57856e-06 -7.57856e-06 -7.57856e-06 -7.57856e-06 -1.67702e-05 -1.67702e-05 -1.67702e-05 -1.67702e-05
0.063 -2.12182e-10 -2.9277e-10 -1.70176e-10 -2.31145e-10 -1.25022e-09 -1.23283e-09 -1.2546e-09 -1.24121e-09 -5.10001e-09 -5.10376e-09 -5.09974e-09 -5.10268e-09 -1.88374e-08 -1.88366e-08 -1.88374e-08 -1.88367e-08 -6.36062e-08 -6.36064e-08 -6.36063e-08 -6.36064e-08 -1.97869e-07 -1.97869e-07 -1.97869e-07 -1.97869e-07 -5.70014e-07 -5.70014e-07 -5.70014e-07 -5.70014e-07 -1.52676e-06 -1.52676e-06 -1.52676e-06 -1.52676e-06 -3.81363e-06 -3.81363e-06 -3.81363e-06 -3.81363e-06 -8.90394e-06 -8.90394e-06 -8.90394e-06 -8.90394e-06 -1.94634e-05 -1.94634e-05 -1.94634e-05 -1.94634e-05
0.064 -2.83611e-10 -3.91017e-10 -2.27699e-10 -3.08813e-10 -1.63852e-09 -1.61537e-09 -1.64417e-09 -1.62635e-09 -6.56876e-09 -6.57376e-09 -6.56838e-09 -6.57229e-09 -2.39018e-08 -2.39007e-08 -2.39018e-08 -2.3901e-08 -7.95369e-08 -7.95371e-08 -7.95369e-08 -7.95371e-08 -2.44062e-07 -2.44062e-07 -2.44062e-07 -2.44062e-07 -6.93845e-07 -6.93845e-07 -6.93845e-07 -6.93845e-07 -1.83477e-06 -1.83477e-06 -1.83477e-06 -1.83477e-06 -4.52588e-06 -4.52588e-06 -4.52588e-06 -4.52588e-06 -1.04372e-05 -1.04372e-05 -1.04372e-05 -1.04372e-05 -2.25371e-05 -2.25371e-05 -2.25371e-05 -2.25371e-05
0.065 -3.77886e-10 -5.20457e-10 -3.03613e-10 -4.1124e-10 -2.14025e-09 -2.10953e-09 -2.14754e-09 -2.12391e-09 -8.44068e-09 -8.4473e-09 -8.44012e-09 -8.44531e-09 -3.02494e-08 -3.0248e-08 -3.02495e-08 -3.02483e-08 -9.92202e-08 -9.92205e-08 -9.92203e-08 -9.92205e-08 -3.00324e-07 -3.00324e-07 -3.00324e-07 -3.00324e-07 -8.42619e-07 -8.42619e-07 -8.42619e-07 -8.42619e-07 -2.19984e-06 -2.19984e-06 -2.19984e-06 -2.19984e-06 -5.35886e-06 -5.35886e-06 -5.35886e-06 -5.35886e-06 -1.22064e-05 -1.22064e-05 -1.22064e-05 -1.22064e-05 -2.6036e-05 -2.6036e-05 -2.6036e-05 -2.6036e-05
0.066 -5.01567e-10 -6.89871e-10 -4.03252e-10 -5.45518e-10 -2.78699e-09 -2.74644e-09 -2.7965e-09 -2.76527e-09 -1.08196e-08 -1.08284e-08 -1.08189e-08 -1.08257e-08 -3.81851e-08 -3.81832e-08 -3.81851e-08 -3.81836e-08 -1.23479e-07 -1.23479e-07 -1.23479e-07 -1.23479e-07 -3.68682e-07 -3.68681e-07 -3.68682e-07 -3.68682e-07 -1.02092e-06 -1.02092e-06 -1.02092e-06 -1.02092e-06 -2.63148e-06 -2.63148e-06 -2.63148e-06 -2.63148e-06 -6.33059e-06 -6.33059e-06 -6.33059e-06 -6.33059e-06 -1.42427e-05 -1.42427e-05 -1.42427e-05 -1.42427e-05 -3.00083e-05 -3.00083e-05 -3.00083e-05 -3.00083e-05
0.067 -6.63123e-10 -9.10654e-10 -5.33509e-10 -7.20814e-10 -3.61896e-09 -3.56565e-09 -3.63144e-09 -3.59034e-09 -1.38339e-08 -1.38454e-08 -1.38328e-08 -1.38419e-08 -4.80817e-08 -4.80792e-08 -4.80817e-08 -4.80797e-08 -1.53299e-07 -1.53299e-07 -1.53299e-07 -1.53299e-07 -4.51529e-07 -4.51529e-07 -4.51529e-07 -4.51529e-07 -1.23407e-06 -1.23407e-06 -1.23407e-06 -1.23407e-06 -3.14056e-06 -3.14056e-06 -3.14056e-06 -3.14056e-06 -7.46132e-06 -7.46132e-06 -7.46132e-06 -7.46132e-06 -1.65803e-05 -1.65803e-05 -1.65803e-05 -1.65803e-05 -3.4506e-05 -3.4506e-05 -3.4506e-05 -3.4506e-05
0.068 -8.73533e-10 -1.19765e-09 -7.03305e-10 -9.49017e-10 -4.68687e-09 -4.61707e-09 -4.70332e-09 -4.64941e-09 -1.76415e-08 -1.76566e-08 -1.76402e-08 -1.7652e-08 -6.03935e-08 -6.03902e-08 -6.03934e-08 -6.03908e-08 -1.89861e-07 -1.89862e-07 -1.89861e-07 -1.89862e-07 -5.5169e-07 -5.5169e-07 -5.5169e-07 -5.5169e-07 -1.48825e-06 -1.48825e-06 -1.48825e-06 -1.48825e-06 -3.73946e-06 -3.73946e-06 -3.73946e-06 -3.73946e-06 -8.77373e-06 -8.77373e-06 -8.77373e-06 -8.77373e-06 -1.92568e-05 -1.92568e-05 -1.92568e-05 -1.92568e-05 -3.9585e-05 -3.9585e-05 -3.9585e-05 -3.9585e-05
0.069 -1.14698e-09 -1.57006e-09 -9.24154e-10 -1.24548e-09 -6.05426e-09 -5.96316e-09 -6.0759e-09 -6.00542e-09 -2.24376e-08 -2.24572e-08 -2.24359e-08 -2.24514e-08 -7.56718e-08 -7.56675e-08 -7.56717e-08 -7.56684e-08 -2.34576e-07 -2.34576e-07 -2.34576e-07 -2.34576e-07 -6.7248e-07 -6.7248e-07 -6.7248e-07 -6.7248e-07 -1.79059e-06 -1.79059e-06 -1.79059e-06 -1.79059e-06 -4.44226e-06 -4.44226e-06 -4.44226e-06 -4.44226e-06 -1.02931e-05 -1.02931e-05 -1.02931e-05 -1.02931e-05 -2.23134e-05 -2.23134e-05 -2.23134e-05 -2.23134e-05 -4.53047e-05 -4.53047e-05 -4.53047e-05 -4.53047e-05
0.07 -1.50165e-09 -2.05249e-09 -1.2108e-09 -1.62986e-09 -7.80033e-09 -7.68173e-09 -7.82867e-09 -7.73677e-09 -2.84622e-08 -2.84878e-08 -2.84601e-08 -2.84802e-08 -9.45831e-08 -9.45776e-08 -9.45831e-08 -9.45787e-08 -2.8912e-07 -2.89122e-07 -2.8912e-07 -2.89121e-07 -8.17784e-07 -8.17784e-07 -8.17784e-07 -8.17784e-07 -2.14934e-06 -2.14934e-06 -2.14934e-06 -2.14934e-06 -5.26492e-06 -5.26492e-06 -5.26492e-06 -5.26492e-06 -1.20476e-05 -1.20476e-05 -1.20476e-05 -1.20476e-05 -2.57949e-05 -2.57949e-05 -2.57949e-05 -2.57949e-05 -5.17284e-05 -5.17284e-05 -5.17284e-05 -5.17284e-05
0.071 -1.96064e-09 -2.67612e-09 -1.582e-09 -2.12711e-09 -1.00234e-08 -9.86939e-09 -1.00603e-08 -9.94081e-09 -3.60103e-08 -3.60435e-08 -3.60075e-08 -3.60337e-08 -1.17931e-07 -1.17924e-07 -1.17931e-07 -1.17925e-07 -3.55489e-07 -3.5549e-07 -3.55489e-07 -3.5549e-07 -9.92138e-07 -9.92138e-07 -9.92138e-07 -9.92138e-07 -2.57392e-06 -2.57392e-06 -2.57392e-06 -2.57392e-06 -6.22542e-06 -6.22542e-06 -6.22542e-06 -6.22542e-06 -1.40684e-05 -1.40684e-05 -1.40684e-05 -1.40684e-05 -2.97497e-05 -2.97497e-05 -2.97497e-05 -2.97497e-05 -5.89226e-05 -5.89226e-05 -5.89226e-05 -5.89226e-05
0.072 -2.5531e-09 -3.48016e-09 -2.0614e-09 -2.76868e-09 -1.28454e-08 -1.26459e-08 -1.28933e-08 -1.27382e-08 -4.54428e-08 -4.54858e-08 -4.54393e-08 -4.54733e-08 -1.4668e-07 -1.46671e-07 -1.4668e-07 -1.46673e-07 -4.3604e-07 -4.36042e-07 -4.3604e-07 -4.36042e-07 -1.20082e-06 -1.20082e-06 -1.20082e-06 -1.20082e-06 -3.07518e-06 -3.07518e-06 -3.07518e-06 -3.07518e-06 -7.34401e-06 -7.34401e-06 -7.34401e-06 -7.34401e-06 -1.63898e-05 -1.63898e-05 -1.63898e-05 -1.63898e-05 -3.42301e-05 -3.42301e-05 -3.42301e-05 -3.42301e-05 -6.6957e-05 -6.6957e-05 -6.6957e-05 -6.6957e-05
0.073 -3.3156e-09 -4.51362e-09 -2.67874e-09 -3.59399e-09 -1.64172e-08 -1.61594e-08 -1.64789e-08 -1.62783e-08 -5.72002e-08 -5.72558e-08 -5.71957e-08 -5.72396e-08 -1.81988e-07 -1.81976e-07 -1.81988e-07 -1.81978e-07 -5.33559e-07 -5.33561e-07 -5.33559e-07 -5.33561e-07 -1.44996e-06 -1.44996e-06 -1.44996e-06 -1.44996e-06 -3.66544e-06 -3.66544e-06 -3.66544e-06 -3.66544e-06 -8.64337e-06 -8.64337e-06 -8.64337e-06 -8.64337e-06 -1.90495e-05 -1.90495e-05 -1.90495e-05 -1.90495e-05 -3.92922e-05 -3.92922e-05 -3.92922e-05 -3.92922e-05 -7.59042e-05 -7.59042e-05 -7.59042e-05 -7.59042e-05
0.074 -4.29391e-09 -5.83773e-09 -3.47131e-09 -4.65237e-09 -2.09251e-08 -2.05929e-08 -2.10044e-08 -2.07456e-08 -7.18177e-08 -7.18892e-08 -7.18118e-08 -7.18685e-08 -2.25237e-07 -2.25222e-07 -2.25237e-07 -2.25225e-07 -6.5132e-07 -6.51323e-07 -6.5132e-07 -6.51323e-07 -1.74664e-06 -1.74664e-06 -1.74664e-06 -1.74664e-06 -4.35876e-06 -4.35876e-06 -4.35876e-06 -4.35876e-06 -1.01488e-05 -1.01488e-05 -1.01488e-05 -1.01488e-05 -2.20888e-05 -2.20888e-05 -2.20888e-05 -2.20888e-05 -4.49959e-05 -4.49959e-05 -4.49959e-05 -4.49959e-05 -8.58393e-05 -8.58393e-05 -8.58393e-05 -8.58393e-05
0.075 -5.54522e-09 -7.5288e-09 -4.48572e-09 -6.00544e-09 -2.65986e-08 -2.61718e-08 -2.67004e-08 -2.63675e-08 -8.99431e-08 -9.0035e-08 -8.99355e-08 -9.00084e-08 -2.78077e-07 -2.78058e-07 -2.78078e-07 -2.78062e-07 -7.93165e-07 -7.93169e-07 -7.93165e-07 -7.93168e-07 -2.09905e-06 -2.09904e-06 -2.09905e-06 -2.09904e-06 -5.17105e-06 -5.17105e-06 -5.17105e-06 -5.17105e-06 -1.18885e-05 -1.18885e-05 -1.18885e-05 -1.18885e-05 -2.55527e-05 -2.55527e-05 -2.55527e-05 -2.55527e-05 -5.14047e-05 -5.14047e-05 -5.14047e-05 -5.14047e-05 -9.68387e-05 -9.68387e-05 -9.68387e-05 -9.68387e-05
0.076 -7.14088e-09 -9.68191e-09 -5.78019e-09 -7.72999e-09 -3.37201e-08 -3.31734e-08 -3.38504e-08 -3.34233e-08 -1.12359e-07 -1.12477e-07 -1.12349e-07 -1.12443e-07 -3.42469e-07 -3.42444e-07 -3.42469e-07 -3.42449e-07 -9.63581e-07 -9.63587e-07 -9.63581e-07 -9.63586e-07 -2.51657e-06 -2.51657e-06 -2.51657e-06 -2.51657e-06 -6.12026e-06 -6.12026e-06 -6.12026e-06 -6.12026e-06 -1.38936e-05 -1.38936e-05 -1.38936e-05 -1.38936e-05 -2.94898e-05 -2.94898e-05 -2.94898e-05 -2.94898e-05 -5.85857e-05 -5.85857e-05 -5.85857e-05 -5.85857e-05 -0.000108981 -0.000108981 -0.000108981 -0.000108981
0.077 -9.16971e-09 -1.24153e-08 -7.42729e-09 -9.92167e-09 -4.26349e-08 -4.19367e-08 -4.28015e-08 -4.22552e-08 -1.40006e-07 -1.40157e-07 -1.39994e-07 -1.40113e-07 -4.20736e-07 -4.20704e-07 -4.20736e-07 -4.2071e-07 -1.1678e-06 -1.16781e-06 -1.1678e-06 -1.16781e-06 -3.00998e-06 -3.00998e-06 -3.00998e-06 -3.00998e-06 -7.22664e-06 -7.22664e-06 -7.22664e-06 -7.22664e-06 -1.61986e-05 -1.61986e-05 -1.61986e-05 -1.61986e-05 -3.39527e-05 -3.39527e-05 -3.39527e-05 -3.39527e-05 -6.66089e-05 -6.66089e-05 -6.66089e-05 -6.66089e-05 -0.000122343 -0.000122343 -0.000122343 -0.000122343
0.078 -1.1742e-08 -1.58756e-08 -9.5172e-09 -1.26991e-08 -5.37648e-08 -5.28757e-08 -5.39771e-08 -5.32804e-08 -1.74016e-07 -1.74207e-07 -1.74e-07 -1.74153e-07 -5.15623e-07 -5.15582e-07 -5.15623e-07 -5.1559e-07 -1.4119e-06 -1.41191e-06 -1.4119e-06 -1.41191e-06 -3.59159e-06 -3.59158e-06 -3.59159e-06 -3.59158e-06 -8.51285e-06 -8.51285e-06 -8.51285e-06 -8.51285e-06 -1.88414e-05 -1.88414e-05 -1.88414e-05 -1.88414e-05 -3.89978e-05 -3.89978e-05 -3.89978e-05 -3.89978e-05 -7.55475e-05 -7.55475e-05 -7.55475e-05 -7.55475e-05 -0.000137003 -0.000137003 -0.000137003 -0.000137003
0.079 -1.49945e-08 -2.02442e-08 -1.21617e-08 -1.62093e-08 -6.76226e-08 -6.64936e-08 -6.78926e-08 -6.70065e-08 -2.1574e-07 -2.15983e-07 -2.1572e-07 -2.15914e-07 -6.30364e-07 -6.30312e-07 -6.30364e-07 -6.30322e-07 -1.70291e-06 -1.70292e-06 -1.70291e-06 -1.70292e-06 -4.27538e-06 -4.27538e-06 -4.27538e-06 -4.27538e-06 -1.00042e-05 -1.00042e-05 -1.00042e-05 -1.00042e-05 -2.18632e-05 -2.18632e-05 -2.18632e-05 -2.18632e-05 -4.46853e-05 -4.46853e-05 -4.46853e-05 -4.46853e-05 -8.5477e-05 -8.5477e-05 -8.5477e-05 -8.5477e-05 -0.000153036 -0.000153036 -0.000153036 -0.000153036
0.08 -1.90956e-08 -2.57445e-08 -1.54987e-08 -2.06334e-08 -8.48301e-08 -8.34003e-08 -8.51723e-08 -8.40485e-08 -2.66795e-07 -2.67102e-07 -2.6677e-07 -2.67015e-07 -7.68753e-07 -7.68687e-07 -7.68753e-07 -7.687e-07 -2.04896e-06 -2.04898e-06 -2.04896e-06 -2.04898e-06 -5.07724e-06 -5.07723e-06 -5.07724e-06 -5.07724e-06 -1.1729e-05 -1.1729e-05 -1.1729e-05 -1.1729e-05 -2.53093e-05 -2.53093e-05 -2.53093e-05 -2.53093e-05 -5.1079e-05 -5.1079e-05 -5.1079e-05 -5.1079e-05 -9.64747e-05 -9.64747e-05 -9.64747e-05 -9.64747e-05 -0.000170516 -0.000170516 -0.000170516 -0.000170516
0.081 -2.42527e-08 -3.26505e-08 -1.96981e-08 -2.61938e-08 -1.06138e-07 -1.04333e-07 -1.06571e-07 -1.0515e-07 -3.29101e-07 -3.2949e-07 -3.29069e-07 -3.2938e-07 -9.35232e-07 -9.35148e-07 -9.35232e-07 -9.35164e-07 -2.4594e-06 -2.45942e-06 -2.4594e-06 -2.45942e-06 -6.01511e-06 -6.0151e-06 -6.01511e-06 -6.0151e-06 -1.37183e-05 -1.37183e-05 -1.37183e-05 -1.37183e-05 -2.92286e-05 -2.92286e-05 -2.92286e-05 -2.92286e-05 -5.82464e-05 -5.82464e-05 -5.82464e-05 -5.82464e-05 -0.000108619 -0.000108619 -0.000108619 -0.000108619 -0.00018951 -0.00018951 -0.00018951 -0.00018951
0.082 -3.07197e-08 -4.12973e-08 -2.49682e-08 -3.31632e-08 -1.32453e-07 -1.30179e-07 -1.32998e-07 -1.31205e-07 -4.04939e-07 -4.05428e-07 -4.04899e-07 -4.05291e-07 -1.13498e-06 -1.13487e-06 -1.13498e-06 -1.13489e-06 -2.94495e-06 -2.94497e-06 -2.94495e-06 -2.94497e-06 -7.1092e-06 -7.10919e-06 -7.1092e-06 -7.10919e-06 -1.60068e-05 -1.60068e-05 -1.60068e-05 -1.60068e-05 -3.36738e-05 -3.36738e-05 -3.36738e-05 -3.36738e-05 -6.62583e-05 -6.62583e-05 -6.62583e-05 -6.62583e-05 -0.000121989 -0.000121989 -0.000121989 -0.000121989 -0.000210081 -0.000210081 -0.000210081 -0.000210081
0.083 -3.88067e-08 -5.20933e-08 -3.15636e-08 -4.18743e-08 -1.64861e-07 -1.62005e-07 -1.65547e-07 -1.63291e-07 -4.97005e-07 -4.9762e-07 -4.96955e-07 -4.97448e-07 -1.37402e-06 -1.37389e-06 -1.37402e-06 -1.37391e-06 -3.51785e-06 -3.51788e-06 -3.51785e-06 -3.51787e-06 -8.38218e-06 -8.38217e-06 -8.38218e-06 -8.38217e-06 -1.86324e-05 -1.86324e-05 -1.86324e-05 -1.86324e-05 -3.87016e-05 -3.87016e-05 -3.87016e-05 -3.87016e-05 -7.51881e-05 -7.51881e-05 -7.51881e-05 -7.51881e-05 -0.000136662 -0.000136662 -0.000136662 -0.000136662 -0.000232283 -0.000232283 -0.000232283 -0.000232283
0.084 -4.88914e-08 -6.55351e-08 -3.97948e-08 -5.27319e-08 -2.04666e-07 -2.01088e-07 -2.05525e-07 -2.02695e-07 -6.08478e-07 -6.09247e-07 -6.08415e-07 -6.09033e-07 -1.65933e-06 -1.65917e-06 -1.65933e-06 -1.6592e-06 -4.19207e-06 -4.1921e-06 -4.19207e-06 -4.1921e-06 -9.8594e-06 -9.8594e-06 -9.8594e-06 -9.8594e-06 -2.16367e-05 -2.16367e-05 -2.16367e-05 -2.16367e-05 -4.43726e-05 -4.43726e-05 -4.43726e-05 -4.43726e-05 -8.51119e-05 -8.51119e-05 -8.51119e-05 -8.51119e-05 -0.000152715 -0.000152715 -0.000152715 -0.000152715 -0.000256162 -0.000256162 -0.000256162 -0.000256162
0.085 -6.14323e-08 -8.22239e-08 -5.00392e-08 -6.62273e-08 -2.53422e-07 -2.48954e-07 -2.54496e-07 -2.50956e-07 -7.4309e-07 -7.44051e-07 -7.43011e-07 -7.43785e-07 -1.99899e-06 -1.99878e-06 -1.99899e-06 -1.99882e-06 -4.98344e-06 -4.98348e-06 -4.98344e-06 -4.98348e-06 -1.15691e-05 -1.15691e-05 -1.15691e-05 -1.15691e-05 -2.50648e-05 -2.50648e-05 -2.50648e-05 -2.50648e-05 -5.07511e-05 -5.07511e-05 -5.07511e-05 -5.07511e-05 -9.61077e-05 -9.61077e-05 -9.61077e-05 -9.61077e-05 -0.000170221 -0.000170221 -0.000170221 -0.000170221 -0.000281752 -0.000281752 -0.000281752 -0.000281752
0.086 -7.69845e-08 -1.02886e-07 -6.2754e-08 -8.29548e-08 -3.12983e-07 -3.07416e-07 -3.14322e-07 -3.09905e-07 -9.05216e-07 -9.06413e-07 -9.05118e-07 -9.06082e-07 -2.40228e-06 -2.40202e-06 -2.40228e-06 -2.40207e-06 -5.90988e-06 -5.90993e-06 -5.90988e-06 -5.90992e-06 -1.35426e-05 -1.35426e-05 -1.35426e-05 -1.35426e-05 -2.8966e-05 -2.8966e-05 -2.8966e-05 -2.8966e-05 -5.79049e-05 -5.79049e-05 -5.79049e-05 -5.79049e-05 -0.000108254 -0.000108254 -0.000108254 -0.000108254 -0.000189249 -0.000189249 -0.000189249 -0.000189249 -0.000309073 -0.000309073 -0.000309073 -0.000309073
0.087 -9.62181e-08 -1.28398e-07 -7.84918e-08 -1.03631e-07 -3.85544e-07 -3.78629e-07 -3.87209e-07 -3.81714e-07 -1.09996e-06 -1.10145e-06 -1.09984e-06 -1.10104e-06 -2.87987e-06 -2.87955e-06 -2.87987e-06 -2.8796e-06 -6.99158e-06 -6.99164e-06 -6.99158e-06 -6.99164e-06 -1.58144e-05 -1.58144e-05 -1.58144e-05 -1.58144e-05 -3.33933e-05 -3.33933e-05 -3.33933e-05 -3.33933e-05 -6.59051e-05 -6.59051e-05 -6.59051e-05 -6.59051e-05 -0.000121632 -0.000121632 -0.000121632 -0.000121632 -0.000209862 -0.000209862 -0.000209862 -0.000209862 -0.000338132 -0.000338132 -0.000338132 -0.000338132
0.088 -1.19939e-07 -1.5981e-07 -9.79181e-08 -1.29119e-07 -4.73706e-07 -4.65139e-07 -4.75771e-07 -4.68952e-07 -1.33326e-06 -1.3351e-06 -1.33311e-06 -1.3346e-06 -3.44395e-06 -3.44355e-06 -3.44395e-06 -3.44362e-06 -8.2512e-06 -8.25129e-06 -8.25121e-06 -8.25128e-06 -1.84227e-05 -1.84227e-05 -1.84227e-05 -1.84227e-05 -3.84037e-05 -3.84037e-05 -3.84037e-05 -3.84037e-05 -7.48259e-05 -7.48259e-05 -7.48259e-05 -7.48259e-05 -0.000136318 -0.000136318 -0.000136318 -0.000136318 -0.000232115 -0.000232115 -0.000232115 -0.000232115 -0.000368915 -0.000368915 -0.000368915 -0.000368915
0.089 -1.49114e-07 -1.9838e-07 -1.21832e-07 -1.60452e-07 -5.80531e-07 -5.69946e-07 -5.83086e-07 -5.74648e-07 -1.61202e-06 -1.61429e-06 -1.61183e-06 -1.61367e-06 -4.10843e-06 -4.10794e-06 -4.10843e-06 -4.10803e-06 -9.71412e-06 -9.71422e-06 -9.71412e-06 -9.71421e-06 -2.14091e-05 -2.14091e-05 -2.14091e-05 -2.14091e-05 -4.40581e-05 -4.40581e-05 -4.40581e-05 -4.40581e-05 -8.4744e-05 -8.4744e-05 -8.4744e-05 -8.4744e-05 -0.00015239 -0.00015239 -0.00015239 -0.00015239 -0.000256054 -0.000256054 -0.000256054 -0.000256054 -0.000401391 -0.000401391 -0.000401391 -0.000401391
0.09 -1.849e-07 -2.45609e-07 -1.51191e-07 -1.98865e-07 -7.0962e-07 -6.96578e-07 -7.12773e-07 -7.02358e-07 -1.94419e-06 -1.94699e-06 -1.94396e-06 -1.94623e-06 -4.8891e-06 -4.88849e-06 -4.8891e-06 -4.8886e-06 -1.14086e-05 -1.14087e-05 -1.14086e-05 -1.14087e-05 -2.48191e-05 -2.48191e-05 -2.48191e-05 -2.48191e-05 -5.0421e-05 -5.0421e-05 -5.0421e-05 -5.0421e-05 -9.57377e-05 -9.57377e-05 -9.57377e-05 -9.57377e-05 -0.000169923 -0.000169923 -0.000169923 -0.000169923 -0.000281714 -0.000281714 -0.000281714 -0.000281714 -0.000435505 -0.000435505 -0.000435505 -0.000435505
0.091 -2.28675e-07 -3.03283e-07 -1.87137e-07 -2.45828e-07 -8.6519e-07 -8.49164e-07 -8.69069e-07 -8.5625e-07 -2.33896e-06 -2.3424e-06 -2.33867e-06 -2.34147e-06 -5.80383e-06 -5.80309e-06 -5.80383e-06 -5.80322e-06 -1.33659e-05 -1.33661e-05 -1.3366e-05 -1.33661e-05 -2.87021e-05 -2.87021e-05 -2.87021e-05 -2.87021e-05 -5.75609e-05 -5.75609e-05 -5.75609e-05 -5.75609e-05 -0.000107887 -0.000107887 -0.000107887 -0.000107887 -0.000188985 -0.000188985 -0.000188985 -0.000188985 -0.000309116 -0.000309116 -0.000309116 -0.000309116 -0.000471179 -0.000471179 -0.000471179 -0.000471179
0.092 -2.82076e-07 -3.73518e-07 -2.31027e-07 -3.03089e-07 -1.05216e-06 -1.03252e-06 -1.05692e-06 -1.04119e-06 -2.80687e-06 -2.81109e-06 -2.80652e-06 -2.80995e-06 -6.87279e-06 -6.87188e-06 -6.87279e-06 -6.87204e-06 -1.56209e-05 -1.56211e-05 -1.56209e-05 -1.56211e-05 -3.31113e-05 -3.31112e-05 -3.31113e-05 -3.31112e-05 -6.55493e-05 -6.55494e-05 -6.55493e-05 -6.55494e-05 -0.000121271 -0.000121271 -0.000121271 -0.000121271 -0.000209641 -0.000209641 -0.000209641 -0.000209641 -0.000338265 -0.000338265 -0.000338265 -0.000338265 -0.000508309 -0.000508309 -0.000508309 -0.000508309
0.093 -3.47042e-07 -4.58813e-07 -2.84473e-07 -3.72715e-07 -1.27627e-06 -1.25226e-06 -1.28209e-06 -1.26283e-06 -3.35997e-06 -3.36513e-06 -3.35955e-06 -3.36375e-06 -8.1186e-06 -8.1175e-06 -8.11861e-06 -8.11769e-06 -1.82116e-05 -1.82118e-05 -1.82116e-05 -1.82118e-05 -3.8104e-05 -3.81039e-05 -3.8104e-05 -3.81039e-05 -7.4461e-05 -7.4461e-05 -7.4461e-05 -7.4461e-05 -0.000135971 -0.000135971 -0.000135971 -0.000135971 -0.000231945 -0.000231945 -0.000231945 -0.000231945 -0.000369148 -0.000369148 -0.000369148 -0.000369148 -0.000546761 -0.000546761 -0.000546761 -0.000546761
0.094 -4.25862e-07 -5.62114e-07 -3.49379e-07 -4.57144e-07 -1.54414e-06 -1.51488e-06 -1.55125e-06 -1.52773e-06 -4.01203e-06 -4.01832e-06 -4.01152e-06 -4.01665e-06 -9.56663e-06 -9.56528e-06 -9.56663e-06 -9.56552e-06 -2.11798e-05 -2.11801e-05 -2.11798e-05 -2.11801e-05 -4.37414e-05 -4.37413e-05 -4.37414e-05 -4.37413e-05 -8.43731e-05 -8.43731e-05 -8.43731e-05 -8.43731e-05 -0.000152063 -0.000152063 -0.000152063 -0.000152063 -0.000255945 -0.000255945 -0.000255945 -0.000255945 -0.000401734 -0.000401734 -0.000401734 -0.000401734 -0.000586372 -0.000586372 -0.000586372 -0.000586372
0.095 -5.21229e-07 -6.86876e-07 -4.27988e-07 -5.59243e-07 -1.86346e-06 -1.82789e-06 -1.87212e-06 -1.84347e-06 -4.77867e-06 -4.78632e-06 -4.77804e-06 -4.78429e-06 -1.12451e-05 -1.12435e-05 -1.12451e-05 -1.12438e-05 -2.45713e-05 -2.45716e-05 -2.45713e-05 -2.45716e-05 -5.00886e-05 -5.00885e-05 -5.00886e-05 -5.00885e-05 -9.53646e-05 -9.53647e-05 -9.53646e-05 -9.53647e-05 -0.000169622 -0.000169622 -0.000169622 -0.000169622 -0.000281676 -0.000281676 -0.000281676 -0.000281676 -0.000435968 -0.000435968 -0.000435968 -0.000435968 -0.000626949 -0.000626949 -0.000626949 -0.000626949
0.096 -6.36304e-07 -8.37145e-07 -5.22936e-07 -6.82373e-07 -2.24307e-06 -2.19994e-06 -2.25359e-06 -2.21879e-06 -5.67758e-06 -5.68685e-06 -5.67682e-06 -5.6844e-06 -1.31855e-05 -1.31835e-05 -1.31855e-05 -1.31838e-05 -2.84354e-05 -2.84359e-05 -2.84355e-05 -2.84358e-05 -5.72143e-05 -5.72142e-05 -5.72143e-05 -5.72142e-05 -0.000107516 -0.000107516 -0.000107516 -0.000107516 -0.000188719 -0.000188719 -0.000188719 -0.000188719 -0.000309158 -0.000309158 -0.000309158 -0.000309158 -0.000471772 -0.000471772 -0.000471772 -0.000471772 -0.000668263 -0.000668263 -0.000668263 -0.000668263
0.097 -7.74778e-07 -1.01764e-06 -6.37307e-07 -8.30461e-07 -2.69311e-06 -2.64096e-06 -2.70585e-06 -2.6637e-06 -6.72871e-06 -6.73991e-06 -6.72778e-06 -6.73697e-06 -1.54223e-05 -1.54199e-05 -1.54223e-05 -1.54203e-05 -3.28259e-05 -3.28264e-05 -3.28259e-05 -3.28263e-05 -6.51907e-05 -6.51906e-05 -6.51907e-05 -6.51906e-05 -0.000120908 -0.000120908 -0.000120908 -0.000120908 -0.000209417 -0.000209417 -0.000209417 -0.000209417 -0.000338398 -0.000338398 -0.000338398 -0.000338398 -0.000509039 -0.000509039 -0.000509039 -0.000509039 -0.000710054 -0.000710054 -0.000710054 -0.000710054
0.098 -9.40957e-07 -1.23383e-06 -7.74704e-07 -1.00808e-06 -3.22518e-06 -3.1623e-06 -3.24057e-06 -3.18966e-06 -7.95446e-06 -7.96797e-06 -7.95334e-06 -7.96444e-06 -1.79939e-05 -1.7991e-05 -1.79939e-05 -1.79915e-05 -3.78002e-05 -3.78008e-05 -3.78002e-05 -3.78007e-05 -7.4093e-05 -7.40928e-05 -7.4093e-05 -7.40929e-05 -0.000135621 -0.000135621 -0.000135621 -0.000135621 -0.000231774 -0.000231774 -0.000231774 -0.000231774 -0.000369382 -0.000369382 -0.000369382 -0.000369382 -0.000547636 -0.000547636 -0.000547636 -0.000547636 -0.000752025 -0.000752025 -0.000752025 -0.000752025
0.099 -1.13984e-06 -1.49208e-06 -9.39313e-07 -1.22053e-06 -3.8525e-06 -3.77688e-06 -3.87104e-06 -3.80971e-06 -9.37993e-06 -9.39617e-06 -9.37858e-06 -9.39195e-06 -2.09422e-05 -2.09387e-05 -2.09422e-05 -2.09393e-05 -4.34198e-05 -4.34205e-05 -4.34198e-05 -4.34205e-05 -8.39988e-05 -8.39986e-05 -8.39988e-05 -8.39986e-05 -0.000151732 -0.000151732 -0.000151732 -0.000151732 -0.000255835 -0.000255835 -0.000255835 -0.000255835 -0.000402079 -0.000402079 -0.000402079 -0.000402079 -0.000587399 -0.000587399 -0.000587399 -0.000587399 -0.000793846 -0.000793846 -0.000793846 -0.000793846
0.1 -1.37721e-06 -1.7997e-06 -1.13599e-06 -1.47396e-06 -4.59008e-06 -4.49938e-06 -4.61236e-06 -4.53866e-06 -1.10331e-05 -1.10526e-05 -1.10315e-05 -1.10475e-05 -2.43127e-05 -2.43085e-05 -2.43127e-05 -2.43092e-05 -4.97502e-05 -4.97511e-05 -4.97503e-05 -4.9751e-05 -9.49879e-05 -9.49877e-05 -9.49879e-05 -9.49877e-05 -0.000169318 -0.000169318 -0.000169318 -0.000169318 -0.000281636 -0.000281636 -0.000281636 -0.000281636 -0.000436435 -0.000436435 -0.000436435 -0.000436435 -0.000628132 -0.000628132 -0.000628132 -0.000628132 -0.000835152 -0.000835152 -0.000835152 -0.000835152
0.101 -1.65974e-06 -2.16514e-06 -1.37035e-06 -1.77543e-06 -5.45488e-06 -5.34639e-06 -5.48159e-06 -5.39327e-06 -1.29449e-05 -1.29682e-05 -1.2943e-05 -1.29622e-05 -2.81553e-05 -2.81502e-05 -2.81553e-05 -2.81511e-05 -5.68606e-05 -5.68617e-05 -5.68606e-05 -5.68615e-05 -0.000107141 -0.000107141 -0.000107141 -0.000107141 -0.00018845 -0.00018845 -0.00018845 -0.00018845 -0.0003092 -0.0003092 -0.0003092 -0.0003092 -0.000472368 -0.000472368 -0.000472368 -0.000472368 -0.000669606 -0.000669606 -0.000669606 -0.000669606 -0.000875545 -0.000875545 -0.000875545 -0.000875545
0.102 -1.9951e-06 -2.59804e-06 -1.64884e-06 -2.13307e-06 -6.46603e-06 -6.33661e-06 -6.49796e-06 -6.3924e-06 -1.51498e-05 -1.51776e-05 -1.51475e-05 -1.51705e-05 -3.25234e-05 -3.25174e-05 -3.25234e-05 -3.25184e-05 -6.48235e-05 -6.48247e-05 -6.48235e-05 -6.48246e-05 -0.00012054 -0.00012054 -0.00012054 -0.00012054 -0.000209191 -0.000209191 -0.000209191 -0.000209191 -0.000338531 -0.000338531 -0.000338531 -0.000338531 -0.000509775 -0.000509775 -0.000509775 -0.000509775 -0.000711558 -0.000711558 -0.000711558 -0.000711558 -0.000914594 -0.000914594 -0.000914594 -0.000914594
0.103 -2.39208e-06 -3.10945e-06 -1.97888e-06 -2.55617e-06 -7.64498e-06 -7.49101e-06 -7.68305e-06 -7.55723e-06 -1.76856e-05 -1.77186e-05 -1.76828e-05 -1.77102e-05 -3.74748e-05 -3.74677e-05 -3.74749e-05 -3.74689e-05 -7.37144e-05 -7.3716e-05 -7.37145e-05 -7.37158e-05 -0.000135266 -0.000135265 -0.000135266 -0.000135265 -0.000231599 -0.0002316 -0.000231599 -0.0002316 -0.000369618 -0.000369618 -0.000369618 -0.000369618 -0.000548518 -0.000548518 -0.000548518 -0.000548518 -0.000753688 -0.000753688 -0.000753688 -0.000753688 -0.00095184 -0.00095184 -0.00095184 -0.00095184
0.104 -2.8607e-06 -3.71191e-06 -2.36894e-06 -3.05534e-06 -9.01571e-06 -8.83302e-06 -9.06098e-06 -8.91141e-06 -2.05935e-05 -2.06327e-05 -2.05901e-05 -2.06227e-05 -4.30713e-05 -4.30628e-05 -4.30713e-05 -4.30642e-05 -8.36118e-05 -8.36136e-05 -8.36119e-05 -8.36134e-05 -0.000151397 -0.000151396 -0.000151397 -0.000151396 -0.000255722 -0.000255722 -0.000255722 -0.000255722 -0.000402427 -0.000402427 -0.000402427 -0.000402427 -0.000588434 -0.000588434 -0.000588434 -0.000588434 -0.000795665 -0.000795665 -0.000795665 -0.000795665 -0.000986795 -0.000986795 -0.000986795 -0.000986795
0.105 -3.41238e-06 -4.41966e-06 -2.82869e-06 -3.64262e-06 -1.06049e-05 -1.03887e-05 -1.06586e-05 -1.04813e-05 -2.39187e-05 -2.39651e-05 -2.39147e-05 -2.39533e-05 -4.93782e-05 -4.93682e-05 -4.93782e-05 -4.93698e-05 -9.45957e-05 -9.45979e-05 -9.45958e-05 -9.45976e-05 -0.000169009 -0.000169008 -0.000169009 -0.000169008 -0.000281595 -0.000281595 -0.000281595 -0.000281595 -0.000436904 -0.000436904 -0.000436904 -0.000436904 -0.000629325 -0.000629325 -0.000629325 -0.000629325 -0.000837121 -0.000837121 -0.000837121 -0.000837121 -0.00101895 -0.00101895 -0.00101895 -0.00101895
0.106 -4.06003e-06 -5.24877e-06 -3.36909e-06 -4.33166e-06 -1.24422e-05 -1.21871e-05 -1.25057e-05 -1.2296e-05 -2.77102e-05 -2.77649e-05 -2.77055e-05 -2.77511e-05 -5.64649e-05 -5.64531e-05 -5.6465e-05 -5.6455e-05 -0.000106748 -0.00010675 -0.000106748 -0.00010675 -0.000188174 -0.000188174 -0.000188174 -0.000188174 -0.000309241 -0.000309241 -0.000309241 -0.000309241 -0.000472969 -0.000472969 -0.000472969 -0.000472969 -0.000670959 -0.000670959 -0.000670959 -0.000670959 -0.000877655 -0.000877655 -0.000877655 -0.000877655 -0.00104777 -0.00104777 -0.00104777 -0.00104777
0.107 -4.81825e-06 -6.21731e-06 -4.00253e-06 -5.13782e-06 -1.45602e-05 -1.426e-05 -1.46351e-05 -1.43879e-05 -3.20208e-05 -3.20853e-05 -3.20153e-05 -3.20691e-05 -6.4404e-05 -6.43902e-05 -6.44041e-05 -6.43924e-05 -0.00012015 -0.000120153 -0.00012015 -0.000120152 -0.000208958 -0.000208957 -0.000208958 -0.000208957 -0.000338664 -0.000338664 -0.000338664 -0.000338664 -0.000510515 -0.000510515 -0.000510515 -0.000510515 -0.000713072 -0.000713072 -0.000713072 -0.000713072 -0.000916834 -0.000916834 -0.000916834 -0.000916834 -0.00107271 -0.00107271 -0.00107271 -0.00107271
0.108 -5.70343e-06 -7.34555e-06 -4.743e-06 -6.0784e-06 -1.69948e-05 -1.66424e-05 -1.70829e-05 -1.67922e-05 -3.69074e-05 -3.6983e-05 -3.69009e-05 -3.69642e-05 -7.32714e-05 -7.32551e-05 -7.32715e-05 -7.32577e-05 -0.000134883 -0.000134887 -0.000134883 -0.000134886 -0.000231417 -0.000231417 -0.000231417 -0.000231417 -0.000369853 -0.000369853 -0.000369853 -0.000369853 -0.000549407 -0.000549407 -0.000549407 -0.000549407 -0.000755363 -0.000755363 -0.000755363 -0.000755363 -0.000954194 -0.000954194 -0.000954194 -0.000954194 -0.00109322 -0.00109322 -0.00109322 -0.00109322
0.109 -6.73395e-06 -8.65609e-06 -5.6062e-06 -7.17274e-06 -1.97851e-05 -1.93727e-05 -1.98886e-05 -1.95476e-05 -4.24305e-05 -4.25191e-05 -4.24229e-05 -4.24971e-05 -8.31451e-05 -8.31261e-05 -8.31452e-05 -8.31291e-05 -0.000151027 -0.000151031 -0.000151027 -0.000151031 -0.000255601 -0.0002556 -0.000255601 -0.0002556 -0.000402775 -0.000402775 -0.000402775 -0.000402775 -0.000589476 -0.000589476 -0.000589476 -0.000589476 -0.000797497 -0.000797497 -0.000797497 -0.000797497 -0.000989245 -0.000989245 -0.000989245 -0.000989245 -0.00110873 -0.00110873 -0.00110873 -0.00110873
0.11 -7.93033e-06 -1.01741e-05 -6.60966e-06 -8.44237e-06 -2.2974e-05 -2.24926e-05 -2.30951e-05 -2.26962e-05 -4.86546e-05 -4.87579e-05 -4.86456e-05 -4.87324e-05 -9.41055e-05 -9.40833e-05 -9.41057e-05 -9.40868e-05 -0.000168659 -0.000168663 -0.000168659 -0.000168663 -0.000281544 -0.000281543 -0.000281544 -0.000281543 -0.000437374 -0.000437375 -0.000437374 -0.000437375 -0.000630525 -0.000630525 -0.000630525 -0.000630525 -0.000839103 -0.000839103 -0.000839103 -0.000839103 -0.00102147 -0.00102147 -0.00102147 -0.00102147 -0.0011187 -0.0011187 -0.0011187 -0.0011187
0.111 -9.31533e-06 -1.19273e-05 -7.77295e-06 -9.91123e-06 -2.66076e-05 -2.60472e-05 -2.6749e-05 -2.62836e-05 -5.56473e-05 -5.57676e-05 -5.56368e-05 -5.57381e-05 -0.000106234 -0.000106208 -0.000106234 -0.000106212 -0.000187849 -0.000187854 -0.000187849 -0.000187854 -0.000309268 -0.000309267 -0.000309268 -0.000309267 -0.000473571 -0.000473571 -0.000473571 -0.000473571 -0.000672321 -0.000672321 -0.000672321 -0.000672321 -0.000879779 -0.000879779 -0.000879779 -0.000879779 -0.00105035 -0.00105035 -0.00105035 -0.00105035 -0.00112257 -0.00112257 -0.00112257 -0.00112257
0.112 -1.09142e-05 -1.39464e-05 -9.11775e-06 -1.16057e-05 -3.07355e-05 -3.0085e-05 -3.09002e-05 -3.03588e-05 -6.34799e-05 -6.36195e-05 -6.34676e-05 -6.35854e-05 -0.000119612 -0.000119582 -0.000119612 -0.000119587 -0.000208664 -0.00020867 -0.000208664 -0.00020867 -0.000338781 -0.00033878 -0.000338781 -0.00033878 -0.000511257 -0.000511257 -0.000511257 -0.000511257 -0.000714596 -0.000714596 -0.000714596 -0.000714596 -0.000919087 -0.000919087 -0.000919087 -0.000919087 -0.00107531 -0.00107531 -0.00107531 -0.00107531 -0.00111982 -0.00111982 -0.00111982 -0.00111982
0.113 -1.27546e-05 -1.62649e-05 -1.0668e-05 -1.3555e-05 -3.54112e-05 -3.46581e-05 -3.56024e-05 -3.49743e-05 -7.2226e-05 -7.23877e-05 -7.22118e-05 -7.23483e-05 -0.00013432 -0.000134286 -0.000134321 -0.000134291 -0.000231161 -0.000231169 -0.000231161 -0.000231168 -0.000370069 -0.000370067 -0.000370069 -0.000370067 -0.000550295 -0.000550296 -0.000550295 -0.000550296 -0.000757048 -0.000757048 -0.000757048 -0.000757048 -0.000956562 -0.000956562 -0.000956562 -0.000956562 -0.00109581 -0.00109581 -0.00109581 -0.00109581 -0.00110994 -0.00110994 -0.00110994 -0.00110994
0.114 -1.48671e-05 -1.89196e-05 -1.24501e-05 -1.57909e-05 -4.06913e-05 -3.98219e-05 -4.09127e-05 -4.0186e-05 -8.19618e-05 -8.21484e-05 -8.19453e-05 -8.21032e-05 -0.000150439 -0.000150399 -0.000150439 -0.000150405 -0.000255388 -0.000255397 -0.000255389 -0.000255396 -0.000403099 -0.000403097 -0.000403099 -0.000403097 -0.000590518 -0.000590519 -0.000590518 -0.000590519 -0.000799339 -0.000799339 -0.000799339 -0.000799339 -0.000991709 -0.000991709 -0.000991709 -0.000991709 -0.00111129 -0.00111129 -0.00111129 -0.00111129 -0.00109247 -0.00109247 -0.00109247 -0.00109247
0.115 -1.72849e-05 -2.19502e-05 -1.44929e-05 -1.83481e-05 -4.66357e-05 -4.56348e-05 -4.68914e-05 -4.6053e-05 -9.27649e-05 -9.29797e-05 -9.27458e-05 -9.2928e-05 -0.000168042 -0.000167996 -0.000168042 -0.000168003 -0.000281382 -0.000281391 -0.000281382 -0.00028139 -0.000437816 -0.000437813 -0.000437816 -0.000437814 -0.000631725 -0.000631725 -0.000631725 -0.000631725 -0.000841097 -0.000841097 -0.000841097 -0.000841097 -0.00102401 -0.00102401 -0.00102401 -0.00102401 -0.00112118 -0.00112118 -0.00112118 -0.00112118 -0.00106697 -0.00106697 -0.00106697 -0.00106697
0.116 -2.00441e-05 -2.53998e-05 -1.68278e-05 -2.12644e-05 -5.33074e-05 -5.21584e-05 -5.36019e-05 -5.26373e-05 -0.000104714 -0.00010496 -0.000104692 -0.000104901 -0.000187201 -0.000187148 -0.000187202 -0.000187156 -0.000309162 -0.000309173 -0.000309162 -0.000309172 -0.000474137 -0.000474134 -0.000474137 -0.000474134 -0.00067368 -0.000673681 -0.00067368 -0.000673681 -0.000881913 -0.000881913 -0.000881913 -0.000881913 -0.00105293 -0.00105293 -0.00105293 -0.00105293 -0.00112495 -0.00112495 -0.00112495 -0.00112495 -0.00103308 -0.00103308 -0.00103308 -0.00103308
0.117 -2.31837e-05 -2.93147e-05 -1.94889e-05 -2.45803e-05 -6.0772e-05 -5.94568e-05 -6.11103e-05 -6.00035e-05 -0.000117887 -0.000118169 -0.000117861 -0.000118102 -0.000207981 -0.00020792 -0.000207981 -0.000207929 -0.000338735 -0.000338748 -0.000338735 -0.000338747 -0.000511954 -0.000511951 -0.000511953 -0.000511951 -0.000716116 -0.000716116 -0.000716116 -0.000716116 -0.00092135 -0.00092135 -0.00092135 -0.00092135 -0.00107792 -0.00107792 -0.00107792 -0.00107792 -0.00112205 -0.00112205 -0.00112205 -0.00112205 -0.000990481 -0.000990481 -0.000990481 -0.000990481
0.118 -2.67458e-05 -3.37443e-05 -2.25131e-05 -2.83397e-05 -6.90975e-05 -6.75962e-05 -6.9485e-05 -6.82187e-05 -0.000132361 -0.000132683 -0.000132332 -0.000132607 -0.000230437 -0.000230367 -0.000230437 -0.000230378 -0.000370087 -0.000370102 -0.000370088 -0.000370101 -0.000551128 -0.000551125 -0.000551128 -0.000551125 -0.000758725 -0.000758726 -0.000758725 -0.000758726 -0.000958938 -0.000958938 -0.000958938 -0.000958938 -0.00109842 -0.00109842 -0.00109842 -0.00109842 -0.00111198 -0.00111198 -0.00111198 -0.00111198 -0.000938918 -0.000938918 -0.000938918 -0.000938918
0.119 -3.07751e-05 -3.8741e-05 -2.59399e-05 -3.2589e-05 -7.83533e-05 -7.66445e-05 -7.87961e-05 -7.73512e-05 -0.000148212 -0.000148578 -0.000148178 -0.000148492 -0.000254614 -0.000254536 -0.000254615 -0.000254547 -0.000403184 -0.000403201 -0.000403184 -0.000403199 -0.000591489 -0.000591486 -0.000591489 -0.000591486 -0.000801169 -0.00080117 -0.000801169 -0.00080117 -0.00099418 -0.00099418 -0.00099418 -0.00099418 -0.00111386 -0.00111386 -0.00111386 -0.00111386 -0.00109429 -0.00109429 -0.00109429 -0.00109429 -0.00087822 -0.00087822 -0.00087822 -0.00087822
0.12 -3.53194e-05 -4.43603e-05 -2.98114e-05 -3.73776e-05 -8.86101e-05 -8.66707e-05 -8.91145e-05 -8.74707e-05 -0.000165509 -0.000165925 -0.00016547 -0.000165827 -0.000280547 -0.000280458 -0.000280548 -0.000280471 -0.000437967 -0.000437986 -0.000437968 -0.000437984 -0.000632836 -0.000632832 -0.000632836 -0.000632832 -0.000843071 -0.000843072 -0.000843071 -0.000843072 -0.00102656 -0.00102656 -0.00102656 -0.00102656 -0.00112367 -0.00112367 -0.00112367 -0.00112367 -0.00106853 -0.00106853 -0.00106853 -0.00106853 -0.000808293 -0.000808293 -0.000808293 -0.000808293
0.121 -4.04291e-05 -5.06603e-05 -3.41725e-05 -4.27578e-05 -9.99386e-05 -9.77439e-05 -0.000100512 -9.86468e-05 -0.000184318 -0.000184789 -0.000184274 -0.000184679 -0.000308253 -0.000308152 -0.000308255 -0.000308167 -0.000474353 -0.000474375 -0.000474353 -0.000474372 -0.00067493 -0.000674925 -0.000674929 -0.000674925 -0.000884021 -0.000884022 -0.000884021 -0.000884022 -0.00105552 -0.00105552 -0.00105552 -0.00105552 -0.00112732 -0.00112732 -0.00112732 -0.00112732 -0.00103434 -0.00103434 -0.00103434 -0.00103434 -0.000729134 -0.000729134 -0.000729134 -0.000729134
0.122 -4.61569e-05 -5.77012e-05 -3.90704e-05 -4.87841e-05 -0.000112409 -0.000109933 -0.000113058 -0.000110949 -0.000204698 -0.000205229 -0.000204648 -0.000205106 -0.000337735 -0.000337621 -0.000337737 -0.000337637 -0.00051223 -0.000512254 -0.00051223 -0.000512252 -0.000717498 -0.000717493 -0.000717498 -0.000717493 -0.000923577 -0.000923578 -0.000923577 -0.000923578 -0.00108053 -0.00108053 -0.00108053 -0.00108053 -0.00112427 -0.00112427 -0.00112427 -0.00112427 -0.000991403 -0.000991403 -0.000991403 -0.000991403 -0.000640832 -0.000640832 -0.000640832 -0.000640832
0.123 -5.25579e-05 -6.55455e-05 -4.45546e-05 -5.55131e-05 -0.000126089 -0.000123303 -0.000126823 -0.000124443 -0.000226697 -0.000227294 -0.00022664 -0.000227157 -0.000368974 -0.000368846 -0.000368976 -0.000368864 -0.000551456 -0.000551483 -0.000551456 -0.000551481 -0.000760233 -0.000760227 -0.000760233 -0.000760228 -0.000961266 -0.000961267 -0.000961266 -0.000961267 -0.00110101 -0.00110101 -0.00110101 -0.00110101 -0.00111402 -0.00111402 -0.00111402 -0.00111402 -0.000939471 -0.000939471 -0.000939471 -0.000939471 -0.000543576 -0.000543576 -0.000543576 -0.000543576
0.124 -5.96891e-05 -7.42568e-05 -5.06765e-05 -6.30033e-05 -0.000141045 -0.00013792 -0.000141871 -0.000139195 -0.000250354 -0.000251024 -0.00025029 -0.00025087 -0.000401931 -0.000401787 -0.000401933 -0.000401807 -0.000591857 -0.000591888 -0.000591858 -0.000591885 -0.00080279 -0.000802784 -0.00080279 -0.000802784 -0.000996587 -0.000996588 -0.000996587 -0.000996588 -0.0011164 -0.0011164 -0.0011164 -0.0011164 -0.0010961 -0.0010961 -0.0010961 -0.0010961 -0.000878371 -0.000878371 -0.000878371 -0.000878371 -0.000437656 -0.000437656 -0.000437656 -0.000437656
0.125 -6.76085e-05 -8.38994e-05 -5.74892e-05 -7.13143e-05 -0.000157336 -0.000153842 -0.000158264 -0.000155264 -0.000275693 -0.000276443 -0.000275621 -0.000276272 -0.000436542 -0.000436381 -0.000436545 -0.000436403 -0.000633226 -0.000633261 -0.000633227 -0.000633257 -0.00084479 -0.000844782 -0.000844789 -0.000844783 -0.00102902 -0.00102902 -0.00102902 -0.00102902 -0.00112614 -0.00112614 -0.00112614 -0.00112614 -0.00107007 -0.00107007 -0.00107007 -0.00107007 -0.000808017 -0.000808017 -0.000808017 -0.000808017 -0.000323465 -0.000323465 -0.000323465 -0.000323465
0.126 -7.63754e-05 -9.45378e-05 -6.5047e-05 -8.05064e-05 -0.000175018 -0.000171123 -0.000176058 -0.000172703 -0.000302725 -0.000303561 -0.000302644 -0.000303372 -0.000472717 -0.000472537 -0.00047272 -0.000472562 -0.000675321 -0.000675359 -0.000675321 -0.000675356 -0.000885816 -0.000885808 -0.000885816 -0.000885808 -0.00105801 -0.00105801 -0.00105801 -0.00105801 -0.00112967 -0.00112967 -0.00112967 -0.00112967 -0.00103558 -0.00103558 -0.00103558 -0.00103558 -0.000728408 -0.000728408 -0.000728408 -0.000728408 -0.000201504 -0.000201504 -0.000201504 -0.000201504
0.127 -8.60488e-05 -0.000106236 -7.34049e-05 -9.06398e-05 -0.000194139 -0.000189809 -0.0001953 -0.000191561 -0.000331441 -0.00033237 -0.00033135 -0.000332161 -0.000510336 -0.000510137 -0.00051034 -0.000510164 -0.000717862 -0.000717905 -0.000717863 -0.000717901 -0.000925422 -0.000925413 -0.000925422 -0.000925414 -0.00108301 -0.00108301 -0.00108301 -0.00108301 -0.00112646 -0.00112646 -0.00112646 -0.00112646 -0.000992298 -0.000992298 -0.000992298 -0.000992298 -0.000639638 -0.000639638 -0.000639638 -0.000639638 -7.23737e-05 -7.23737e-05 -7.23737e-05 -7.23737e-05
0.128 -9.66875e-05 -0.000119054 -8.26179e-05 -0.000101774 -0.000214736 -0.000209938 -0.000216029 -0.000211873 -0.000361813 -0.000362843 -0.000361711 -0.000362612 -0.00054925 -0.000549029 -0.000549254 -0.000549059 -0.000760535 -0.000760583 -0.000760536 -0.000760578 -0.00096313 -0.00096312 -0.00096313 -0.000963121 -0.00110344 -0.00110344 -0.00110344 -0.00110344 -0.001116 -0.001116 -0.001116 -0.001116 -0.000939989 -0.000939989 -0.000939989 -0.000939989 -0.000541902 -0.000541902 -0.000541902 -0.000541902 6.32193e-05 6.32193e-05 6.32193e-05 6.32193e-05
0.129 -0.000108349 -0.000133053 -9.27403e-05 -0.000113966 -0.000236835 -0.000231536 -0.000238271 -0.000233667 -0.00039379 -0.000394928 -0.000393677 -0.000394675 -0.000589276 -0.000589031 -0.00058928 -0.000589064 -0.000802989 -0.000803041 -0.000802989 -0.000803036 -0.000998433 -0.000998422 -0.000998433 -0.000998423 -0.00111874 -0.00111874 -0.00111874 -0.00111874 -0.00109783 -0.00109783 -0.00109783 -0.00109783 -0.000878481 -0.000878481 -0.000878481 -0.000878481 -0.000435496 -0.000435496 -0.000435496 -0.000435496 0.000204472 0.000204472 0.000204472 0.000204472
0.13 -0.000121087 -0.000148285 -0.000103825 -0.000127271 -0.000260451 -0.000254617 -0.00026204 -0.000256956 -0.000427297 -0.000428549 -0.000427171 -0.000428273 -0.000630195 -0.000629926 -0.000630201 -0.000629962 -0.000844834 -0.000844891 -0.000844834 -0.000844886 -0.0010308 -0.00103079 -0.0010308 -0.00103079 -0.00112834 -0.00112835 -0.00112834 -0.00112835 -0.00107152 -0.00107152 -0.00107152 -0.00107152 -0.00080769 -0.00080769 -0.00080769 -0.00080769 -0.000320819 -0.000320819 -0.000320819 -0.000320819 0.000350488 0.000350488 0.000350488 0.000350488
0.131 -0.000134953 -0.0001648 -0.000115923 -0.000141739 -0.000285582 -0.000279179 -0.000287335 -0.000281739 -0.000462231 -0.000463605 -0.000462091 -0.000463304 -0.000671755 -0.00067146 -0.000671761 -0.000671499 -0.000885647 -0.00088571 -0.000885648 -0.000885705 -0.00105968 -0.00105967 -0.00105968 -0.00105967 -0.00113169 -0.00113169 -0.00113169 -0.00113169 -0.00103669 -0.00103669 -0.00103669 -0.00103669 -0.000727621 -0.000727621 -0.000727621 -0.000727621 -0.000198379 -0.000198379 -0.000198379 -0.000198379 0.000500284 0.000500284 0.000500284 0.000500284
0.132 -0.000149994 -0.000182639 -0.000129082 -0.000157416 -0.000312208 -0.000305205 -0.000314137 -0.000307996 -0.00049846 -0.000499962 -0.000498304 -0.000499635 -0.000713665 -0.000713342 -0.000713672 -0.000713384 -0.000924971 -0.00092504 -0.000924972 -0.000925034 -0.00108451 -0.0010845 -0.00108451 -0.0010845 -0.00112825 -0.00112825 -0.00112825 -0.00112825 -0.000993039 -0.000993038 -0.000993039 -0.000993038 -0.000638371 -0.000638372 -0.000638371 -0.000638372 -6.87837e-05 -6.87836e-05 -6.87837e-05 -6.87836e-05 0.000652801 0.000652801 0.000652801 0.000652801
0.133 -0.000166251 -0.000201835 -0.000143343 -0.000174341 -0.000340291 -0.000332657 -0.000342406 -0.000335689 -0.00053582 -0.000537458 -0.000535649 -0.000537103 -0.000755597 -0.000755245 -0.000755605 -0.00075529 -0.000962317 -0.000962393 -0.000962318 -0.000962386 -0.00110472 -0.0011047 -0.00110471 -0.0011047 -0.0011175 -0.00111751 -0.0011175 -0.0011175 -0.000940317 -0.000940316 -0.000940317 -0.000940317 -0.000540142 -0.000540142 -0.000540142 -0.000540142 6.72535e-05 6.72535e-05 6.72535e-05 6.72535e-05 0.000806908 0.000806908 0.000806908 0.000806908
0.134 -0.000183755 -0.000222411 -0.000158745 -0.000192543 -0.00036977 -0.000361477 -0.000372083 -0.00036476 -0.000574114 -0.000575894 -0.000573926 -0.000575512 -0.000797185 -0.000796803 -0.000797195 -0.000796852 -0.000997168 -0.00099725 -0.000997169 -0.000997243 -0.00111971 -0.0011197 -0.00111971 -0.0011197 -0.00109899 -0.00109899 -0.00109899 -0.00109899 -0.000878359 -0.000878358 -0.000878359 -0.000878358 -0.000433233 -0.000433233 -0.000433233 -0.000433233 0.000208922 0.000208922 0.000208922 0.000208922 0.000961422 0.000961422 0.000961422 0.000961422
0.135 -0.00020253 -0.000244376 -0.000175317 -0.000212044 -0.000400562 -0.000391584 -0.000403082 -0.000395127 -0.000613113 -0.00061504 -0.000612907 -0.00061463 -0.000838028 -0.000837614 -0.000838039 -0.000837666 -0.00102898 -0.00102907 -0.00102898 -0.00102906 -0.00112893 -0.00112892 -0.00112893 -0.00112892 -0.00107227 -0.00107227 -0.00107227 -0.00107227 -0.000807082 -0.000807081 -0.000807082 -0.000807081 -0.000318052 -0.000318052 -0.000318052 -0.000318052 0.00035532 0.00035532 0.00035532 0.00035532 0.00111511 0.00111511 0.00111511 0.00111511
0.136 -0.000222591 -0.000267727 -0.000193081 -0.000232853 -0.000432557 -0.000422872 -0.000435293 -0.00042668 -0.000652549 -0.000654628 -0.000652324 -0.000654188 -0.000877685 -0.000877239 -0.000877698 -0.000877294 -0.00105719 -0.00105729 -0.00105719 -0.00105728 -0.00113181 -0.00113179 -0.00113181 -0.00113179 -0.00103698 -0.00103698 -0.00103698 -0.00103698 -0.000726493 -0.000726492 -0.000726493 -0.000726492 -0.00019511 -0.00019511 -0.00019511 -0.00019511 0.000505457 0.000505457 0.000505457 0.000505457 0.00126671 0.00126671 0.00126671 0.00126671
0.137 -0.000243938 -0.000292444 -0.000212049 -0.000254967 -0.000465617 -0.000455209 -0.000468578 -0.000459287 -0.000692119 -0.000694353 -0.000691874 -0.000693885 -0.000915686 -0.000915206 -0.0009157 -0.000915265 -0.00108123 -0.00108133 -0.00108123 -0.00108132 -0.00112781 -0.00112778 -0.00112781 -0.00112779 -0.000992792 -0.000992797 -0.000992792 -0.000992797 -0.000636695 -0.000636694 -0.000636695 -0.000636694 -6.50242e-05 -6.50244e-05 -6.50242e-05 -6.50244e-05 0.000658267 0.000658267 0.000658267 0.000658267 0.00141495 0.00141495 0.00141495 0.00141495
0.138 -0.000266558 -0.000318489 -0.000232221 -0.000278366 -0.000499577 -0.000488433 -0.000502771 -0.000492783 -0.000731483 -0.000733875 -0.000731217 -0.000733378 -0.000951524 -0.000951011 -0.00095154 -0.000951072 -0.00110049 -0.0011006 -0.0011005 -0.0011006 -0.0011164 -0.00111637 -0.0011164 -0.00111638 -0.000939473 -0.000939478 -0.000939473 -0.000939478 -0.00053789 -0.000537889 -0.00053789 -0.000537889 7.14881e-05 7.14878e-05 7.1488e-05 7.14878e-05 0.000812615 0.000812615 0.000812615 0.000812615 0.00155854 0.00155854 0.00155854 0.00155854
0.139 -0.000290423 -0.000345805 -0.000253586 -0.000303017 -0.000534239 -0.000522354 -0.000537672 -0.000526975 -0.000770264 -0.000772816 -0.000769976 -0.00077229 -0.000984667 -0.000984119 -0.000984685 -0.000984184 -0.0011144 -0.00111452 -0.0011144 -0.00111451 -0.00109711 -0.00109708 -0.00109711 -0.00109708 -0.000876849 -0.000876855 -0.00087685 -0.000876855 -0.000430383 -0.000430382 -0.000430383 -0.000430382 0.00021361 0.00021361 0.00021361 0.00021361 0.000967313 0.000967313 0.000967313 0.000967313 0.00169622 0.00169622 0.00169622 0.00169622
0.14 -0.000315488 -0.000374313 -0.000276117 -0.000328866 -0.000569376 -0.000556751 -0.000573052 -0.00056164 -0.000808052 -0.000810762 -0.000807741 -0.000810209 -0.00101456 -0.00101398 -0.00101458 -0.00101404 -0.00112236 -0.00112249 -0.00112236 -0.00112248 -0.0010695 -0.00106947 -0.0010695 -0.00106947 -0.000804838 -0.000804843 -0.000804838 -0.000804843 -0.000314584 -0.000314583 -0.000314584 -0.000314583 0.000360433 0.000360433 0.000360433 0.000360433 0.00112113 0.00112113 0.00112113 0.00112113 0.00182675 0.00182675 0.00182675 0.00182675
0.141 -0.000341687 -0.00040391 -0.000299771 -0.00035584 -0.000604727 -0.000591372 -0.000608649 -0.000596522 -0.000844399 -0.000847266 -0.000844064 -0.000846686 -0.00104062 -0.00104 -0.00104064 -0.00104007 -0.0011238 -0.00112393 -0.0011238 -0.00112392 -0.00103318 -0.00103315 -0.00103318 -0.00103316 -0.000723443 -0.000723449 -0.000723443 -0.000723449 -0.00019101 -0.000191008 -0.00019101 -0.000191009 0.000510964 0.000510963 0.000510964 0.000510963 0.00127279 0.00127279 0.00127279 0.00127279 0.00194893 0.00194893 0.00194893 0.00194893
0.142 -0.000368936 -0.000434471 -0.000324489 -0.000383845 -0.00064 -0.000625932 -0.000644168 -0.000631334 -0.000878828 -0.000881848 -0.00087847 -0.000881244 -0.00106225 -0.0010616 -0.00106227 -0.00106167 -0.00111816 -0.0011183 -0.00111816 -0.00111829 -0.000987843 -0.000987813 -0.000987843 -0.000987815 -0.000632767 -0.000632773 -0.000632767 -0.000632773 -6.02783e-05 -6.02769e-05 -6.02783e-05 -6.0277e-05 0.00066413 0.00066413 0.00066413 0.00066413 0.00142102 0.00142102 0.00142102 0.00142102 0.00206163 0.00206163 0.00206163 0.00206163
0.143 -0.000397129 -0.000465842 -0.000350193 -0.000412764 -0.000674868 -0.000660118 -0.000679281 -0.000665756 -0.000910833 -0.000914 -0.00091045 -0.000913373 -0.00107886 -0.00107818 -0.00107889 -0.00107825 -0.00110491 -0.00110505 -0.00110491 -0.00110504 -0.000933225 -0.000933194 -0.000933225 -0.000933195 -0.00053301 -0.000533017 -0.00053301 -0.000533017 7.68888e-05 7.68903e-05 7.68889e-05 7.68902e-05 0.000818795 0.000818795 0.000818795 0.000818795 0.00156454 0.00156454 0.00156454 0.00156454 0.00216379 0.00216379 0.00216379 0.00216379
0.144 -0.000426135 -0.000497843 -0.000376783 -0.000442455 -0.000708977 -0.000693582 -0.00071363 -0.000699438 -0.000939881 -0.000943187 -0.000939474 -0.00094254 -0.00108984 -0.00108913 -0.00108987 -0.00108921 -0.00108355 -0.0010837 -0.00108355 -0.00108369 -0.000869152 -0.000869119 -0.000869151 -0.000869121 -0.000424476 -0.000424483 -0.000424476 -0.000424483 0.000219673 0.000219675 0.000219673 0.000219675 0.000973766 0.000973766 0.000973766 0.000973766 0.00170209 0.00170209 0.00170209 0.00170209 0.00225443 0.00225443 0.00225443 0.00225443
0.145 -0.000455801 -0.000530266 -0.000404141 -0.000472753 -0.00074194 -0.000725951 -0.000746824 -0.000732002 -0.00096542 -0.000968854 -0.000964989 -0.000968191 -0.00109459 -0.00109386 -0.00109462 -0.00109393 -0.00105364 -0.0010538 -0.00105364 -0.00105379 -0.000795531 -0.000795497 -0.000795531 -0.000795499 -0.000307573 -0.000307581 -0.000307573 -0.00030758 0.000367164 0.000367166 0.000367164 0.000367166 0.00112781 0.00112781 0.00112781 0.00112781 0.00183242 0.00183242 0.00183242 0.00183242 0.0023327 0.0023327 0.0023327 0.0023327
0.146 -0.000485948 -0.000562875 -0.000432125 -0.000503465 -0.000773341 -0.000756821 -0.000778445 -0.000763039 -0.000986882 -0.00099043 -0.000986427 -0.000989753 -0.00109254 -0.00109177 -0.00109257 -0.00109185 -0.00101478 -0.00101494 -0.00101478 -0.00101493 -0.000712362 -0.000712327 -0.000712361 -0.000712328 -0.000182814 -0.000182822 -0.000182814 -0.000182821 0.000518367 0.000518369 0.000518367 0.000518368 0.00127966 0.00127966 0.00127966 0.00127966 0.00195435 0.00195435 0.00195435 0.00195435 0.00239782 0.00239782 0.00239782 0.00239782
0.147 -0.00051637 -0.000595403 -0.00046057 -0.000534373 -0.00080274 -0.000785765 -0.00080805 -0.000792117 -0.00100369 -0.00100733 -0.00100321 -0.00100665 -0.00108311 -0.00108232 -0.00108314 -0.0010824 -0.000966645 -0.000966814 -0.000966644 -0.000966804 -0.000619737 -0.000619701 -0.000619737 -0.000619702 -5.08152e-05 -5.08229e-05 -5.08153e-05 -5.08227e-05 0.000672211 0.000672213 0.000672211 0.000672213 0.00142803 0.00142803 0.00142803 0.00142803 0.00206674 0.00206674 0.00206674 0.00206674 0.00244917 0.00244917 0.00244917 0.00244917
0.148 -0.000546838 -0.000627557 -0.000489289 -0.000565232 -0.000829674 -0.000812334 -0.000835171 -0.000818782 -0.00101526 -0.00101898 -0.00101476 -0.00101829 -0.00106578 -0.00106498 -0.00106582 -0.00106505 -0.00090897 -0.000909142 -0.000908968 -0.000909133 -0.000517851 -0.000517814 -0.000517851 -0.000517815 8.77056e-05 8.76977e-05 8.77055e-05 8.76979e-05 0.000827562 0.000827564 0.000827562 0.000827564 0.00157166 0.00157166 0.00157166 0.00157166 0.00216854 0.00216854 0.00216854 0.00216854 0.00248625 0.00248625 0.00248625 0.00248625
0.149 -0.000577095 -0.000659015 -0.00051807 -0.000595771 -0.000853662 -0.00083606 -0.000859322 -0.00084256 -0.00102101 -0.00102479 -0.00102049 -0.0010241 -0.00104005 -0.00103924 -0.00104009 -0.00103931 -0.000841573 -0.000841748 -0.000841571 -0.000841739 -0.000407001 -0.000406963 -0.000407001 -0.000406965 0.000231934 0.000231926 0.000231934 0.000231926 0.000983229 0.00098323 0.000983229 0.00098323 0.00170927 0.00170927 0.00170927 0.00170927 0.0022588 0.0022588 0.0022588 0.0022588 0.00250869 0.00250869 0.00250869 0.00250869
0.15 -0.000606861 -0.00068943 -0.000546677 -0.000625694 -0.000874206 -0.000856462 -0.000880004 -0.000862965 -0.00102038 -0.0010242 -0.00101984 -0.00102352 -0.00100549 -0.00100467 -0.00100554 -0.00100475 -0.00076436 -0.000764536 -0.000764356 -0.000764527 -0.000287589 -0.000287551 -0.000287589 -0.000287552 0.000380964 0.000380956 0.000380964 0.000380956 0.00113798 0.00113798 0.00113798 0.00113798 0.00183965 0.00183965 0.00183965 0.00183965 0.00233664 0.00233664 0.00233664 0.00233664 0.00251627 0.00251627 0.00251627 0.00251627
0.151 -0.000635829 -0.000718428 -0.000574854 -0.00065468 -0.000890804 -0.000873048 -0.000896706 -0.000879501 -0.00101283 -0.00101665 -0.00101228 -0.00101598 -0.000961716 -0.000960896 -0.000961766 -0.000960967 -0.000677326 -0.000677503 -0.000677323 -0.000677495 -0.000160123 -0.000160085 -0.000160123 -0.000160086 0.000533807 0.000533799 0.000533807 0.000533799 0.00129056 0.00129056 0.00129056 0.00129056 0.00196159 0.00196159 0.00196159 0.00196159 0.00240132 0.00240132 0.00240132 0.00240132 0.00250893 0.00250893 0.00250893 0.00250893
0.152 -0.000663672 -0.000745615 -0.000602321 -0.000682385 -0.000902946 -0.000885326 -0.000908918 -0.000891669 -0.000997842 -0.00100163 -0.00099727 -0.00100099 -0.000908411 -0.000907596 -0.000908463 -0.000907663 -0.00058057 -0.000580746 -0.000580566 -0.000580738 -2.52149e-05 -2.51772e-05 -2.52152e-05 -2.51781e-05 0.000689399 0.000689391 0.000689399 0.000689391 0.0014397 0.0014397 0.0014397 0.0014397 0.002074 0.002074 0.002074 0.002074 0.00245221 0.00245221 0.00245221 0.00245221 0.00248675 0.00248675 0.00248675 0.00248675
0.153 -0.000690039 -0.000770576 -0.000628775 -0.000708446 -0.000910129 -0.000892806 -0.000916129 -0.000898975 -0.000974934 -0.00097866 -0.00097435 -0.000978044 -0.000845338 -0.000844536 -0.000845393 -0.000844598 -0.000474292 -0.000474464 -0.000474286 -0.000474458 0.000116421 0.000116458 0.00011642 0.000116457 0.000846612 0.000846604 0.000846612 0.000846604 0.00158412 0.00158412 0.00158412 0.00158412 0.00217581 0.00217581 0.00217581 0.00217581 0.00248884 0.00248884 0.00248884 0.00248884 0.00244995 0.00244995 0.00244995 0.00244995
0.154 -0.000714563 -0.000792882 -0.000653898 -0.000732479 -0.000911858 -0.000895006 -0.000917841 -0.000900932 -0.000943679 -0.000947306 -0.000943088 -0.000946726 -0.000772346 -0.000771565 -0.000772405 -0.000771622 -0.000358797 -0.000358965 -0.000358791 -0.000358959 0.000263971 0.000264007 0.00026397 0.000264007 0.00100426 0.00100426 0.00100426 0.00100426 0.00172258 0.00172259 0.00172258 0.00172259 0.00226609 0.00226609 0.00226609 0.00226609 0.00251086 0.00251086 0.00251086 0.00251086 0.0023989 0.0023989 0.0023989 0.0023989
0.155 -0.000736861 -0.000812089 -0.000677352 -0.000754089 -0.000907657 -0.000891462 -0.000913574 -0.000897072 -0.000903706 -0.000907192 -0.00090311 -0.000906658 -0.000689377 -0.000688626 -0.000689438 -0.000688675 -0.000234502 -0.000234664 -0.000234495 -0.000234659 0.000416532 0.000416566 0.000416531 0.000416566 0.00116113 0.00116112 0.00116113 0.00116112 0.00185387 0.00185387 0.00185387 0.00185387 0.00234399 0.00234399 0.00234399 0.00234399 0.00251805 0.00251805 0.00251805 0.00251805 0.00233411 0.00233411 0.00233411 0.00233411
0.156 -0.000756535 -0.00082775 -0.000698786 -0.000772867 -0.000897074 -0.000881735 -0.00090287 -0.000886953 -0.000854709 -0.000858012 -0.000854112 -0.000857532 -0.000596472 -0.000595761 -0.000596536 -0.000595801 -0.000101934 -0.000102088 -0.000101927 -0.000102085 0.000573112 0.000573145 0.000573111 0.000573145 0.00131597 0.00131596 0.00131597 0.00131596 0.0019768 0.0019768 0.0019768 0.0019768 0.00240877 0.00240877 0.00240877 0.00240877 0.00251036 0.00251036 0.00251036 0.00251036 0.00225623 0.00225623 0.00225623 0.00225623
0.157 -0.000773183 -0.000839412 -0.000717837 -0.000788398 -0.000879693 -0.000865417 -0.000885309 -0.000870163 -0.000796455 -0.000799532 -0.000795864 -0.000799115 -0.00049378 -0.000493117 -0.000493846 -0.000493148 3.82704e-05 3.81276e-05 3.82787e-05 3.81288e-05 0.000732645 0.000732676 0.000732644 0.000732676 0.00146751 0.0014675 0.00146751 0.0014675 0.00209028 0.00209029 0.00209028 0.00209029 0.00245984 0.00245984 0.00245984 0.00245984 0.0024879 0.0024879 0.0024879 0.0024879 0.00216603 0.00216603 0.00216603 0.00216603
0.158 -0.000786396 -0.000846629 -0.000734134 -0.000800263 -0.000855136 -0.000842141 -0.00086051 -0.000846332 -0.0007288 -0.000731603 -0.000728218 -0.000731259 -0.000381559 -0.000380954 -0.000381627 -0.000380975 0.000185369 0.000185239 0.000185378 0.000185238 0.000893996 0.000894024 0.000893995 0.000894025 0.0016145 0.00161449 0.0016145 0.00161449 0.00219329 0.00219329 0.00219329 0.00219329 0.00249672 0.00249672 0.00249672 0.00249672 0.0024509 0.0024509 0.0024509 0.0024509 0.00206438 0.00206438 0.00206438 0.00206438
0.159 -0.000795766 -0.000848961 -0.000747302 -0.00080805 -0.000823077 -0.000811586 -0.000828144 -0.000815138 -0.000651688 -0.000654169 -0.000651121 -0.000653906 -0.000260182 -0.000259646 -0.000260252 -0.000259656 0.000338514 0.000338398 0.000338524 0.000338396 0.00105598 0.001056 0.00105597 0.001056 0.00175569 0.00175569 0.00175569 0.00175569 0.00228489 0.00228489 0.00228489 0.00228489 0.00251909 0.00251909 0.00251909 0.00251909 0.00239975 0.00239975 0.00239975 0.00239975 0.00195228 0.00195228 0.00195228 0.00195228
0.16 -0.000800891 -0.000845987 -0.000756966 -0.000811351 -0.000783247 -0.000773488 -0.000787937 -0.000776317 -0.000565161 -0.000567272 -0.000564616 -0.000567099 -0.00013014 -0.000129684 -0.000130212 -0.000129681 0.00049676 0.000496662 0.000496771 0.000496657 0.00121735 0.00121737 0.00121735 0.00121737 0.00188988 0.00188988 0.00188988 0.00188988 0.00236426 0.00236426 0.00236426 0.00236426 0.00252676 0.00252676 0.00252676 0.00252676 0.00233497 0.00233498 0.00233497 0.00233498 0.0018308 0.0018308 0.0018308 0.0018308
0.161 -0.000801382 -0.000837308 -0.000762758 -0.000809773 -0.000735443 -0.000727645 -0.000739684 -0.000729666 -0.000469369 -0.00047106 -0.000468851 -0.000470987 7.95923e-06 8.32579e-06 7.8869e-06 8.34242e-06 0.000659071 0.000658991 0.000659082 0.000658985 0.00137686 0.00137688 0.00137686 0.00137688 0.00201591 0.00201591 0.00201591 0.00201591 0.00243068 0.00243068 0.00243068 0.00243068 0.0025197 0.0025197 0.0025197 0.0025197 0.00225724 0.00225724 0.00225724 0.00225724 0.00170109 0.00170109 0.00170109 0.00170109
0.162 -0.000796865 -0.000822554 -0.000764317 -0.000802945 -0.000679534 -0.000673926 -0.000683253 -0.000675056 -0.000364568 -0.000365791 -0.000364085 -0.000365825 0.000153392 0.000153658 0.00015332 0.00015369 0.000824325 0.000824267 0.000824338 0.000824259 0.00153322 0.00153323 0.00153321 0.00153323 0.00213268 0.00213268 0.00213268 0.00213268 0.00248357 0.00248357 0.00248357 0.00248357 0.00249804 0.00249804 0.00249804 0.00249804 0.00216734 0.00216734 0.00216734 0.00216734 0.00156436 0.00156436 0.00156436 0.00156436
0.163 -0.000786992 -0.000801393 -0.000761299 -0.00079052 -0.000615467 -0.000612276 -0.00061859 -0.000612434 -0.00025113 -0.000251835 -0.000250688 -0.000251986 0.000305321 0.000305477 0.000305249 0.000305523 0.000991331 0.000991297 0.000991344 0.000991286 0.00168514 0.00168515 0.00168514 0.00168515 0.00223917 0.00223917 0.00223917 0.00223917 0.00252248 0.00252248 0.00252248 0.00252248 0.00246203 0.00246203 0.00246203 0.00246203 0.00206616 0.00206616 0.00206616 0.00206616 0.00142188 0.00142188 0.00142188 0.00142188
0.164 -0.000771442 -0.000773537 -0.00075338 -0.000772186 -0.000543277 -0.000542721 -0.000545729 -0.000541831 -0.000129541 -0.000129681 -0.000129147 -0.000129956 0.000462799 0.000462833 0.000462728 0.000462896 0.00115883 0.00115882 0.00115884 0.00115881 0.00183137 0.00183137 0.00183137 0.00183138 0.00233445 0.00233445 0.00233446 0.00233445 0.00254711 0.00254711 0.00254711 0.00254711 0.00241208 0.00241208 0.00241208 0.00241208 0.0019547 0.0019547 0.0019547 0.0019547 0.00127493 0.00127493 0.00127493 0.00127493
0.165 -0.000749932 -0.000738746 -0.000740262 -0.000747668 -0.000463089 -0.000465378 -0.000464794 -0.000463366 -4.02172e-07 6.71597e-08 -6.46193e-08 -3.38394e-07 0.000624775 0.000624678 0.000624706 0.000624758 0.00132552 0.00132554 0.00132554 0.00132553 0.00197066 0.00197065 0.00197066 0.00197066 0.0024177 0.0024177 0.0024177 0.0024177 0.00255728 0.00255728 0.00255728 0.00255728 0.00234875 0.00234875 0.00234875 0.00234875 0.00183407 0.00183407 0.00183407 0.00183407 0.00112483 0.00112483 0.00112483 0.00112483
0.166 -0.000722219 -0.00069684 -0.000721678 -0.000716737 -0.00037512 -0.00038045 -0.000376006 -0.000377251 0.000135569 0.000136691 0.000135844 0.000136148 0.000790103 0.000789867 0.000790037 0.000789964 0.00149006 0.00149011 0.00149008 0.00149009 0.00210181 0.0021018 0.0021018 0.0021018 0.00248819 0.00248819 0.00248819 0.00248819 0.00255298 0.00255298 0.00255298 0.00255298 0.00227271 0.00227271 0.00227271 0.00227271 0.00170543 0.00170543 0.00170543 0.00170543 0.000972866 0.000972866 0.000972866 0.000972866
0.167 -0.000688109 -0.000647702 -0.0006974 -0.000679218 -0.000279687 -0.000288238 -0.000279682 -0.000283793 0.000277545 0.000279357 0.000277749 0.000278673 0.000957553 0.000957168 0.00095749 0.000957283 0.00165109 0.00165117 0.0016511 0.00165115 0.00222368 0.00222366 0.00222367 0.00222366 0.00254533 0.00254534 0.00254534 0.00254534 0.00253434 0.00253434 0.00253434 0.00253434 0.00218478 0.00218478 0.00218478 0.00218478 0.00157 0.00157 0.00157 0.00157 0.000820346 0.000820346 0.000820346 0.000820346
0.168 -0.000647461 -0.000591283 -0.00066724 -0.000634988 -0.000177203 -0.000189137 -0.000176242 -0.000183394 0.000424591 0.000427128 0.000424716 0.000426298 0.00112582 0.00112528 0.00112576 0.00112541 0.00180723 0.00180734 0.00180724 0.00180732 0.0023352 0.00233517 0.00233519 0.00233518 0.00258867 0.00258868 0.00258867 0.00258868 0.00250164 0.00250163 0.00250164 0.00250163 0.00208586 0.00208586 0.00208586 0.00208586 0.00142905 0.00142905 0.00142905 0.00142905 0.00066853 0.00066853 0.00066853 0.00066853
0.169 -0.000600192 -0.000527609 -0.000631059 -0.00058399 -6.81839e-05 -8.3636e-05 -6.62013e-05 -7.65563e-05 0.000575669 0.000578962 0.000575709 0.000577983 0.00129353 0.00129283 0.00129348 0.00129298 0.00195712 0.00195727 0.00195713 0.00195724 0.00243538 0.00243535 0.00243538 0.00243536 0.00261787 0.00261788 0.00261788 0.00261788 0.00245528 0.00245528 0.00245528 0.00245528 0.00197697 0.00197697 0.00197697 0.00197697 0.0012839 0.0012839 0.0012839 0.0012839 0.00051864 0.00051864 0.00051864 0.00051864
0.17 -0.000546285 -0.000456783 -0.000588769 -0.000526232 4.67608e-05 2.76788e-05 4.98215e-05 3.61256e-05 0.000729653 0.000733724 0.0007296 0.000732596 0.00145927 0.0014584 0.00145922 0.00145857 0.00209942 0.00209961 0.00209944 0.00209958 0.00252334 0.0025233 0.00252334 0.00252331 0.00263275 0.00263276 0.00263275 0.00263276 0.00239582 0.00239582 0.00239582 0.00239582 0.00185923 0.00185923 0.00185923 0.00185923 0.00113587 0.00113587 0.00113587 0.00113587 0.000371843 0.000371843 0.000371843 0.000371843
0.171 -0.000485786 -0.000378993 -0.000540339 -0.000461795 0.000166925 0.000144131 0.000171115 0.000153963 0.000885332 0.0008902 0.00088518 0.000888921 0.0016216 0.00162056 0.00162156 0.00162074 0.00223285 0.00223307 0.00223286 0.00223304 0.0025983 0.00259825 0.0025983 0.00259826 0.00263325 0.00263326 0.00263325 0.00263326 0.00232394 0.00232394 0.00232394 0.00232394 0.00173379 0.00173379 0.00173379 0.00173379 0.000986255 0.000986255 0.000986255 0.000986255 0.000229242 0.000229242 0.000229242 0.000229242
0.172 -0.000418816 -0.000294508 -0.0004858 -0.00039083 0.000291511 0.000264957 0.000296874 0.000276178 0.00104142 0.0010471 0.00104117 0.00104567 0.00177904 0.00177782 0.00177901 0.00177803 0.00235614 0.0023564 0.00235616 0.00235637 0.00265958 0.00265952 0.00265958 0.00265953 0.00261947 0.00261948 0.00261947 0.00261948 0.00224044 0.00224043 0.00224044 0.00224043 0.00160191 0.00160191 0.00160191 0.00160191 0.000836373 0.000836373 0.000836373 0.000836373 9.18648e-05 9.18648e-05 9.18648e-05 9.18648e-05
0.173 -0.000345567 -0.000203683 -0.000425243 -0.000313568 0.00041964 0.00038931 0.00042621 0.000401912 0.00119659 0.00120308 0.00119623 0.00120151 0.00193013 0.00192874 0.00193011 0.00192896 0.00246814 0.00246844 0.00246815 0.0024684 0.00270664 0.00270658 0.00270664 0.00270659 0.00259164 0.00259165 0.00259164 0.00259165 0.0021462 0.0021462 0.0021462 0.0021462 0.00146484 0.00146484 0.00146484 0.00146484 0.00068749 0.00068749 0.00068749 0.00068749 -3.93456e-05 -3.93455e-05 -3.93456e-05 -3.93455e-05
0.174 -0.000266308 -0.000106959 -0.000358827 -0.000230316 0.000550353 0.000516271 0.000558156 0.00053023 0.00134946 0.00135675 0.00134898 0.00135504 0.00207343 0.00207187 0.00207342 0.0020721 0.00256775 0.00256808 0.00256776 0.00256805 0.00273908 0.002739 0.00273907 0.00273901 0.00255011 0.00255012 0.00255011 0.00255012 0.00204223 0.00204223 0.00204223 0.00204223 0.0013239 0.0013239 0.0013239 0.0013239 0.000540832 0.000540832 0.000540832 0.000540832 -0.000163535 -0.000163535 -0.000163535 -0.000163535
0.175 -0.00018138 -4.85964e-06 -0.000286777 -0.000141457 0.000682625 0.000644851 0.000691676 0.00066013 0.00149861 0.0015067 0.00149801 0.00150485 0.00220753 0.00220579 0.00220753 0.00220604 0.00265398 0.00265435 0.002654 0.00265432 0.0027566 0.00275652 0.00275659 0.00275652 0.00249538 0.00249539 0.00249538 0.00249539 0.0019296 0.0019296 0.0019296 0.0019296 0.00118038 0.00118038 0.00118038 0.00118038 0.000397571 0.000397571 0.000397571 0.000397571 -0.000279948 -0.000279948 -0.000279948 -0.000279948
0.176 -9.12041e-05 0.000102008 -0.000209388 -4.74525e-05 0.000815374 0.000774009 0.000825676 0.000790554 0.00164264 0.0016515 0.00164191 0.00164953 0.00233106 0.00232916 0.00233107 0.00232942 0.00272596 0.00272637 0.00272597 0.00272633 0.00275907 0.00275898 0.00275906 0.00275899 0.00242805 0.00242807 0.00242806 0.00242807 0.00180945 0.00180945 0.00180945 0.00180945 0.0010356 0.0010356 0.0010356 0.0010356 0.000258808 0.000258808 0.000258808 0.000258808 -0.000387926 -0.000387925 -0.000387925 -0.000387925
0.177 3.72892e-06 0.000212959 -0.00012702 5.11611e-05 0.00094747 0.000902657 0.000959016 0.0009204 0.00178012 0.00178972 0.00177928 0.00178764 0.00244275 0.00244069 0.00244277 0.00244096 0.00278293 0.00278337 0.00278294 0.00278333 0.00274648 0.00274638 0.00274647 0.00274639 0.00234886 0.00234888 0.00234886 0.00234887 0.00168296 0.00168296 0.00168296 0.00168296 0.000890837 0.000890838 0.000890837 0.000890838 0.000125568 0.000125567 0.000125568 0.000125567 -0.000486915 -0.000486914 -0.000486915 -0.000486914
0.178 0.000102855 0.000327238 -4.01014e-05 0.000153777 0.00107775 0.00102967 0.00109052 0.00104853 0.00190969 0.00191999 0.00190872 0.00191781 0.00254138 0.00253917 0.00254142 0.00253945 0.00282425 0.00282473 0.00282426 0.00282469 0.00271896 0.00271886 0.00271896 0.00271886 0.0022586 0.00225862 0.0022586 0.00225862 0.00155136 0.00155135 0.00155136 0.00155135 0.000747328 0.000747329 0.000747328 0.000747329 -1.21315e-06 -1.21337e-06 -1.21315e-06 -1.21336e-06 -0.000576465 -0.000576465 -0.000576465 -0.000576465
0.179 0.000205545 0.000444022 5.08751e-05 0.00025972 0.00120504 0.00115392 0.00121899 0.00117379 0.00202999 0.00204095 0.0020289 0.00203868 0.00262588 0.00262353 0.00262593 0.00262382 0.00284945 0.00284995 0.00284946 0.00284991 0.00267677 0.00267667 0.00267677 0.00267667 0.00215819 0.00215821 0.00215819 0.00215821 0.00141587 0.00141587 0.00141587 0.00141587 0.00060627 0.000606271 0.00060627 0.000606271 -0.000120691 -0.000120691 -0.000120691 -0.000120691 -0.00065623 -0.00065623 -0.00065623 -0.00065623
0.18 0.000311105 0.000562429 0.000145356 0.000368255 0.00132814 0.00127425 0.00134324 0.00129502 0.00213976 0.00215132 0.00213854 0.00214896 0.00269527 0.00269279 0.00269533 0.00269308 0.00285818 0.00285871 0.00285818 0.00285867 0.00262031 0.0026202 0.00262031 0.0026202 0.0020486 0.00204862 0.0020486 0.00204862 0.00127774 0.00127774 0.00127774 0.00127774 0.000468793 0.000468794 0.000468793 0.000468794 -0.000232123 -0.000232123 -0.000232123 -0.000232123 -0.000725966 -0.000725966 -0.000725966 -0.000725966
0.181 0.000418786 0.000681527 0.00024273 0.000478591 0.00144589 0.00138953 0.00146207 0.00141107 0.00223779 0.00224988 0.00223644 0.00224747 0.0027487 0.0027461 0.00274878 0.00274639 0.00285024 0.00285079 0.00285024 0.00285075 0.00255008 0.00254996 0.00255008 0.00254997 0.00193087 0.0019309 0.00193087 0.00193089 0.0011382 0.00113819 0.0011382 0.00113819 0.000335951 0.000335952 0.000335951 0.000335952 -0.000334871 -0.000334872 -0.000334871 -0.000334872 -0.000785529 -0.000785529 -0.000785529 -0.000785529
0.182 0.000527789 0.000800345 0.000342334 0.00058989 0.00155712 0.00149864 0.00157431 0.00152082 0.00232298 0.00233553 0.00232152 0.00233307 0.00278547 0.00278278 0.00278557 0.00278307 0.00282559 0.00282617 0.00282559 0.00282613 0.00246671 0.00246659 0.00246671 0.0024666 0.00180608 0.00180611 0.00180608 0.00180611 0.000998431 0.000998425 0.00099843 0.000998425 0.000208714 0.000208715 0.000208714 0.000208715 -0.000428405 -0.000428405 -0.000428405 -0.000428405 -0.000834872 -0.000834872 -0.000834872 -0.000834872
0.183 0.000637276 0.000917882 0.00044346 0.000701274 0.00166074 0.00160051 0.00167885 0.00162317 0.00239434 0.00240727 0.00239277 0.00240479 0.00280506 0.00280228 0.00280517 0.00280257 0.00278434 0.00278494 0.00278434 0.0027849 0.00237094 0.00237081 0.00237093 0.00237081 0.00167534 0.00167537 0.00167534 0.00167537 0.000859586 0.00085958 0.000859586 0.00085958 8.79563e-05 8.79575e-05 8.79563e-05 8.79575e-05 -0.000512303 -0.000512303 -0.000512303 -0.000512303 -0.000874037 -0.000874037 -0.000874037 -0.000874037
0.184 0.000746373 0.00103312 0.000545357 0.000811837 0.00175568 0.00169412 0.00177462 0.00171709 0.00245101 0.00246423 0.00244934 0.00246175 0.00280707 0.00280423 0.0028072 0.00280452 0.00272676 0.00272737 0.00272676 0.00272734 0.00226357 0.00226344 0.00226357 0.00226345 0.00153978 0.00153981 0.00153978 0.00153981 0.000722758 0.000722752 0.000722758 0.000722753 -2.55488e-05 -2.55475e-05 -2.55488e-05 -2.55475e-05 -0.000586253 -0.000586253 -0.000586253 -0.000586253 -0.000903157 -0.000903157 -0.000903157 -0.000903157
0.185 0.000854185 0.00114503 0.000647248 0.000920654 0.00184097 0.0017785 0.00186061 0.00180162 0.00249228 0.0025057 0.0024905 0.00250323 0.00279131 0.00278843 0.00279145 0.00278871 0.00265326 0.00265387 0.00265325 0.00265384 0.00214553 0.0021454 0.00214553 0.0021454 0.00140053 0.00140055 0.00140053 0.00140055 0.000588971 0.000588965 0.000588971 0.000588965 -0.000131136 -0.000131134 -0.000131135 -0.000131134 -0.000650051 -0.000650051 -0.000650051 -0.000650051 -0.000922442 -0.000922442 -0.000922442 -0.000922442
0.186 0.000959803 0.0012526 0.000748327 0.00102679 0.00191569 0.00185278 0.00193593 0.00187588 0.00251756 0.00253108 0.0025157 0.00252865 0.00275775 0.00275484 0.0027579 0.00275511 0.00256437 0.002565 0.00256436 0.00256496 0.00201779 0.00201765 0.00201779 0.00201766 0.00125869 0.00125872 0.00125869 0.00125872 0.000459167 0.000459161 0.000459167 0.000459161 -0.00022825 -0.000228249 -0.00022825 -0.000228249 -0.0007036 -0.0007036 -0.0007036 -0.0007036 -0.000932179 -0.000932179 -0.000932179 -0.000932179
0.187 0.00106232 0.00135484 0.000847777 0.00112932 0.00197906 0.00191618 0.00199976 0.00193907 0.00252647 0.00253998 0.00252453 0.00253761 0.00270652 0.00270362 0.00270669 0.00270387 0.0024608 0.00246143 0.00246079 0.0024614 0.00188138 0.00188125 0.00188138 0.00188125 0.00111537 0.0011154 0.00111537 0.0011154 0.000334201 0.000334195 0.000334201 0.000334195 -0.000316452 -0.000316451 -0.000316452 -0.000316451 -0.000746905 -0.000746905 -0.000746905 -0.000746905 -0.000932722 -0.000932722 -0.000932722 -0.000932722
0.188 0.00116083 0.00145077 0.000944776 0.00122732 0.00203037 0.00196802 0.00205139 0.00199051 0.00251874 0.00253215 0.00251674 0.00252985 0.00263796 0.00263507 0.00263814 0.00263532 0.00234336 0.00234398 0.00234334 0.00234395 0.0017374 0.00173727 0.0017374 0.00173727 0.000971615 0.000971643 0.000971615 0.000971643 0.000214832 0.000214826 0.000214832 0.000214826 -0.000395418 -0.000395417 -0.000395418 -0.000395417 -0.00078007 -0.00078007 -0.00078007 -0.00078007 -0.000924485 -0.000924484 -0.000924485 -0.000924484
0.189 0.00125445 0.00153947 0.0010385 0.00131989 0.00206905 0.00200774 0.00209024 0.00202964 0.00249433 0.00250752 0.00249227 0.00250532 0.00255255 0.00254971 0.00255274 0.00254993 0.00221298 0.00221359 0.00221296 0.00221357 0.00158695 0.00158682 0.00158696 0.00158682 0.000828423 0.000828451 0.000828423 0.000828451 0.000101715 0.000101709 0.000101715 0.000101709 -0.000464938 -0.000464936 -0.000464938 -0.000464936 -0.000803292 -0.000803292 -0.000803292 -0.000803292 -0.000907937 -0.000907937 -0.000907937 -0.000907937
0.19 0.00134234 0.00162009 0.00112815 0.0014062 0.00209466 0.00203488 0.00211586 0.00205601 0.00245333 0.0024662 0.00245123 0.00246412 0.00245095 0.00244819 0.00245116 0.00244839 0.00207071 0.0020713 0.00207069 0.00207128 0.00143118 0.00143106 0.00143119 0.00143106 0.000686743 0.00068677 0.000686742 0.00068677 -4.59836e-06 -4.6043e-06 -4.59833e-06 -4.60428e-06 -0.000524914 -0.000524913 -0.000524914 -0.000524913 -0.000816854 -0.000816855 -0.000816854 -0.000816855 -0.000883597 -0.000883597 -0.000883597 -0.000883597
0.191 0.00142368 0.00169183 0.00121295 0.00148542 0.00210688 0.00204913 0.00212793 0.00206931 0.00239604 0.00240848 0.00239392 0.00240653 0.002334 0.00233133 0.00233422 0.00233151 0.00191768 0.00191825 0.00191765 0.00191824 0.00127124 0.00127111 0.00127124 0.00127112 0.00054745 0.000547477 0.00054745 0.000547477 -0.000103667 -0.000103673 -0.000103667 -0.000103673 -0.000575361 -0.00057536 -0.000575361 -0.00057536 -0.000821124 -0.000821124 -0.000821124 -0.000821124 -0.000852021 -0.000852021 -0.000852021 -0.000852021
0.192 0.00149772 0.00175398 0.00129214 0.00155682 0.00210554 0.00205032 0.00212627 0.00206937 0.00232292 0.00233482 0.00232078 0.00233302 0.00220267 0.0022001 0.0022029 0.00220026 0.00175511 0.00175566 0.00175508 0.00175565 0.00110826 0.00110814 0.00110826 0.00110814 0.000411348 0.000411374 0.000411348 0.000411374 -0.000195159 -0.000195165 -0.000195159 -0.000195165 -0.000616396 -0.000616395 -0.000616396 -0.000616395 -0.00081654 -0.00081654 -0.00081654 -0.00081654 -0.000813802 -0.000813802 -0.000813802 -0.000813802
0.193 0.00156377 0.0018059 0.00136502 0.00161971 0.00209061 0.0020384 0.00211087 0.00205615 0.00223458 0.00224584 0.00223245 0.00224421 0.00205806 0.00205563 0.0020583 0.00205577 0.00158429 0.00158481 0.00158426 0.0015848 0.000943375 0.000943262 0.000943379 0.000943262 0.000279162 0.000279187 0.000279162 0.000279187 -0.000278848 -0.000278853 -0.000278848 -0.000278853 -0.000648236 -0.000648235 -0.000648236 -0.000648235 -0.00080361 -0.00080361 -0.00080361 -0.00080361 -0.00076956 -0.00076956 -0.00076956 -0.00076956
0.194 0.00162119 0.00184709 0.00143094 0.00167349 0.0020622 0.00201345 0.00208183 0.00202975 0.00213182 0.00214234 0.00212972 0.0021409 0.00190142 0.00189915 0.00190166 0.00189926 0.00140656 0.00140705 0.00140653 0.00140704 0.000777692 0.000777586 0.000777696 0.000777585 0.000151533 0.000151556 0.000151532 0.000151556 -0.000354615 -0.00035462 -0.000354615 -0.00035462 -0.000671192 -0.000671191 -0.000671192 -0.000671191 -0.000782899 -0.000782899 -0.000782899 -0.000782899 -0.000719938 -0.000719938 -0.000719938 -0.000719938
0.195 0.00166945 0.00187711 0.00148931 0.00171765 0.00202057 0.00197572 0.0020394 0.00199042 0.00201557 0.00202526 0.00201351 0.00202402 0.00173411 0.00173202 0.00173435 0.0017321 0.00122331 0.00122376 0.00122327 0.00122376 0.000612281 0.000612183 0.000612285 0.000612181 2.90161e-05 2.90371e-05 2.90153e-05 2.90376e-05 -0.000422441 -0.000422446 -0.000422441 -0.000422446 -0.00068566 -0.000685659 -0.00068566 -0.000685659 -0.000755027 -0.000755027 -0.000755027 -0.000755027 -0.000665598 -0.000665597 -0.000665598 -0.000665597
0.196 0.00170809 0.00189566 0.0015396 0.00175175 0.00196613 0.00192557 0.001984 0.00193853 0.00188692 0.00189568 0.0018849 0.00189465 0.00155756 0.00155567 0.00155781 0.00155572 0.00103594 0.00103635 0.00103591 0.00103636 0.00044817 0.000448082 0.000448176 0.000448079 -8.79177e-05 -8.78986e-05 -8.79186e-05 -8.7898e-05 -0.000482404 -0.000482408 -0.000482403 -0.000482408 -0.000692113 -0.000692112 -0.000692113 -0.000692112 -0.000720656 -0.000720657 -0.000720656 -0.000720657 -0.000607211 -0.000607211 -0.000607211 -0.000607211
0.197 0.00173674 0.00190255 0.00158135 0.00177548 0.00189939 0.00186348 0.00191615 0.00187459 0.00174705 0.00175482 0.00174511 0.00175401 0.00137331 0.00137163 0.00137356 0.00137165 0.000845885 0.000846248 0.000845849 0.000846257 0.00028634 0.000286262 0.000286346 0.000286259 -0.000198883 -0.000198866 -0.000198884 -0.000198865 -0.000534669 -0.000534672 -0.000534668 -0.000534672 -0.000691091 -0.000691091 -0.000691091 -0.000691091 -0.000680488 -0.000680488 -0.000680488 -0.000680488 -0.000545459 -0.000545459 -0.000545459 -0.000545459
0.198 0.00175515 0.0018977 0.0016142 0.00178861 0.00182101 0.00179008 0.00183653 0.00179924 0.00159728 0.00160399 0.00159543 0.0016034 0.00118294 0.00118149 0.00118319 0.00118148 0.000654553 0.000654868 0.000654516 0.000654881 0.000127715 0.000127647 0.000127721 0.000127643 -0.000303578 -0.000303563 -0.000303579 -0.000303562 -0.000579483 -0.000579487 -0.000579483 -0.000579487 -0.000683197 -0.000683196 -0.000683197 -0.000683196 -0.000635251 -0.000635251 -0.000635251 -0.000635251 -0.000481027 -0.000481027 -0.000481027 -0.000481027
0.199 0.00176313 0.00188116 0.00163786 0.00179102 0.00173178 0.0017061 0.00174592 0.00171323 0.00143902 0.0014446 0.00143727 0.00144425 0.00098809 0.000986878 0.000988334 0.000986842 0.000463349 0.000463612 0.000463311 0.00046363 -2.68419e-05 -2.6899e-05 -2.68353e-05 -2.69035e-05 -0.000401778 -0.000401766 -0.00040178 -0.000401765 -0.000617168 -0.000617171 -0.000617168 -0.000617171 -0.000669079 -0.000669078 -0.000669079 -0.000669078 -0.000585698 -0.000585698 -0.000585698 -0.000585698 -0.000414598 -0.000414598 -0.000414598 -0.000414598
0.2 0.00176064 0.0018531 0.00165213 0.0017827 0.00163257 0.00161237 0.0016452 0.0016174 0.00127373 0.00127814 0.0012721 0.00127802 0.000790399 0.000789439 0.000790637 0.000789374 0.000273646 0.000273855 0.000273607 0.000273877 -0.000176532 -0.000176577 -0.000176525 -0.000176583 -0.000493337 -0.000493327 -0.000493338 -0.000493326 -0.000648107 -0.000648109 -0.000648107 -0.00064811 -0.000649428 -0.000649428 -0.000649428 -0.000649428 -0.000532597 -0.000532597 -0.000532597 -0.000532597 -0.000346856 -0.000346856 -0.000346856 -0.000346856
0.201 0.00174771 0.0018138 0.00165691 0.00176376 0.00152436 0.00150981 0.00153538 0.0015127 0.00110296 0.00110615 0.00110146 0.00110627 0.000591527 0.000590827 0.000591757 0.000590733 8.67746e-05 8.69277e-05 8.67355e-05 8.69534e-05 -0.000320623 -0.000320657 -0.000320616 -0.000320663 -0.000578175 -0.000578168 -0.000578177 -0.000578167 -0.000672738 -0.00067274 -0.000672738 -0.00067274 -0.000624967 -0.000624967 -0.000624967 -0.000624967 -0.000476726 -0.000476726 -0.000476726 -0.000476726 -0.000278473 -0.000278473 -0.000278473 -0.000278473
0.202 0.00172448 0.00176366 0.00165217 0.00173438 0.00140821 0.00139944 0.00141752 0.00140017 0.000928261 0.000930215 0.000926906 0.000930576 0.000393115 0.000392681 0.000393335 0.000392559 -9.59869e-05 -9.58908e-05 -9.6026e-05 -9.58615e-05 -0.000458454 -0.000458475 -0.000458446 -0.000458481 -0.000656278 -0.000656274 -0.00065628 -0.000656272 -0.000691542 -0.000691543 -0.000691542 -0.000691544 -0.000596437 -0.000596436 -0.000596437 -0.000596436 -0.000418864 -0.000418864 -0.000418864 -0.000418864 -0.000210117 -0.000210117 -0.000210117 -0.000210117
0.203 0.00169121 0.00170318 0.00163799 0.00169488 0.00128524 0.00128232 0.00129278 0.00128088 0.000751229 0.00075193 0.000750032 0.000752522 0.00019677 0.000196605 0.000196979 0.000196457 -0.000273424 -0.000273386 -0.000273463 -0.000273353 -0.000589431 -0.00058944 -0.000589424 -0.000589447 -0.000727688 -0.000727686 -0.00072769 -0.000727685 -0.000705035 -0.000705036 -0.000705035 -0.000705036 -0.000564591 -0.000564591 -0.000564591 -0.000564591 -0.000359787 -0.000359787 -0.000359787 -0.000359787 -0.000142441 -0.000142441 -0.000142441 -0.000142441
0.204 0.00164824 0.00163296 0.00161454 0.00164565 0.00115665 0.00115957 0.00116233 0.001156 0.000573443 0.000572886 0.000572413 0.000573705 4.05149e-06 4.15679e-06 4.2466e-06 3.98288e-06 -0.000444396 -0.000444415 -0.000444433 -0.00044438 -0.000713034 -0.000713031 -0.000713027 -0.000713038 -0.000792496 -0.000792497 -0.000792498 -0.000792495 -0.000713757 -0.000713757 -0.000713756 -0.000713757 -0.000530188 -0.000530188 -0.000530188 -0.000530188 -0.000300262 -0.000300262 -0.000300262 -0.000300262 -7.60851e-05 -7.60851e-05 -7.60851e-05 -7.60851e-05
0.205 0.001596 0.0015537 0.00158206 0.00158721 0.00102364 0.00103237 0.00102743 0.00102669 0.000396459 0.000394655 0.000395605 0.000395691 -0.000183549 -0.000183175 -0.000183369 -0.000183373 -0.000607841 -0.000607919 -0.000607878 -0.00060788 -0.000828811 -0.000828795 -0.000828803 -0.000828802 -0.000850836 -0.00085084 -0.000850838 -0.000850838 -0.000718259 -0.000718259 -0.000718259 -0.000718259 -0.000493977 -0.000493977 -0.000493977 -0.000493977 -0.000241041 -0.000241041 -0.000241041 -0.000241041 -1.16714e-05 -1.16714e-05 -1.16714e-05 -1.16714e-05
0.206 0.00153502 0.00146619 0.00154091 0.00152011 0.00088746 0.000901896 0.000889326 0.000894173 0.000221796 0.000218765 0.000221126 0.000220008 -0.00036462 -0.000363983 -0.000364457 -0.000364202 -0.00076279 -0.000762925 -0.000762826 -0.000762884 -0.000936377 -0.000936349 -0.00093637 -0.000936357 -0.000902879 -0.000902885 -0.00090288 -0.000902883 -0.000719101 -0.0007191 -0.000719101 -0.0007191 -0.000456696 -0.000456696 -0.000456696 -0.000456696 -0.000182856 -0.000182856 -0.000182856 -0.000182856 5.01963e-05 5.01963e-05 5.01963e-05 5.01963e-05
0.207 0.0014659 0.00137127 0.00149148 0.00144504 0.000749347 0.000769333 0.000749279 0.000759647 5.09124e-05 4.66867e-05 5.04314e-05 4.81256e-05 -0.000537846 -0.000536951 -0.000537701 -0.00053719 -0.000908366 -0.000908556 -0.0009084 -0.000908513 -0.00103542 -0.00103538 -0.00103541 -0.00103538 -0.00094882 -0.000948828 -0.000948821 -0.000948827 -0.000716836 -0.000716834 -0.000716836 -0.000716835 -0.00041906 -0.00041906 -0.00041906 -0.00041906 -0.000126415 -0.000126415 -0.000126415 -0.000126415 0.000108936 0.000108936 0.000108936 0.000108936
0.208 0.0013893 0.00126985 0.00143428 0.00136271 0.000610539 0.00063587 0.000608544 0.000624317 -0.000114807 -0.000120184 -0.000115095 -0.000118564 -0.000702017 -0.000700875 -0.000701892 -0.00070113 -0.00104379 -0.00104403 -0.00104382 -0.00104399 -0.00112568 -0.00112562 -0.00112567 -0.00112563 -0.000988879 -0.00098889 -0.00098888 -0.000988888 -0.000712005 -0.000712003 -0.000712005 -0.000712003 -0.000381756 -0.000381756 -0.000381756 -0.000381756 -7.23942e-05 -7.23941e-05 -7.23942e-05 -7.23941e-05 0.00016399 0.00016399 0.00016399 0.00016399
0.209 0.00130598 0.0011629 0.00136985 0.00127391 0.000472246 0.000502667 0.000468349 0.000489362 -0.000274068 -0.000280541 -0.00027416 -0.000278756 -0.000856041 -0.000854663 -0.000855937 -0.000854933 -0.00116839 -0.00116869 -0.00116842 -0.00116864 -0.00120697 -0.0012069 -0.00120696 -0.00120691 -0.00102329 -0.0010233 -0.00102329 -0.0010233 -0.00070513 -0.000705127 -0.00070513 -0.000705127 -0.000345435 -0.000345436 -0.000345435 -0.000345436 -2.14382e-05 -2.14381e-05 -2.14382e-05 -2.14381e-05 0.000214828 0.000214828 0.000214828 0.000214828
0.21 0.00121672 0.00105142 0.00129883 0.00117948 0.00033564 0.000370852 0.000329883 0.000355923 -0.000425676 -0.000433182 -0.000425573 -0.000431249 -0.000998952 -0.000997351 -0.00099887 -0.000997634 -0.0012816 -0.00128194 -0.00128163 -0.0012819 -0.00127915 -0.00127908 -0.00127915 -0.00127909 -0.00105229 -0.00105231 -0.00105229 -0.00105231 -0.000696705 -0.000696702 -0.000696705 -0.000696702 -0.000310711 -0.000310711 -0.000310711 -0.000310711 2.58475e-05 2.58477e-05 2.58476e-05 2.58477e-05 0.000260948 0.000260948 0.000260948 0.000260948
0.211 0.00112234 0.000936427 0.00122187 0.0010803 0.000201841 0.000241504 0.000194283 0.000225093 -0.000568554 -0.00057702 -0.000568257 -0.000574956 -0.00112992 -0.00112811 -0.00112986 -0.0011284 -0.00138296 -0.00138334 -0.00138298 -0.0013833 -0.00134217 -0.00134208 -0.00134216 -0.00134209 -0.00107614 -0.00107615 -0.00107614 -0.00107615 -0.000687193 -0.00068719 -0.000687193 -0.00068719 -0.000278147 -0.000278148 -0.000278147 -0.000278148 6.88997e-05 6.88998e-05 6.88997e-05 6.88998e-05 0.000301882 0.000301882 0.000301882 0.000301882
0.212 0.00102372 0.000818954 0.00113969 0.000977275 7.19064e-05 0.000115642 6.26216e-05 9.7903e-05 -0.000701743 -0.00071109 -0.000701256 -0.000708914 -0.00124824 -0.00124624 -0.0012482 -0.00124654 -0.0014721 -0.00147253 -0.00147213 -0.00147249 -0.00139598 -0.00139589 -0.00139597 -0.00139589 -0.00109506 -0.00109508 -0.00109507 -0.00109508 -0.000677022 -0.000677018 -0.000677022 -0.000677018 -0.000248262 -0.000248263 -0.000248262 -0.000248263 0.0001072 0.000107201 0.0001072 0.000107201 0.000337196 0.000337196 0.000337196 0.000337196
0.213 0.000921732 0.000700033 0.00105303 0.000871317 -5.31833e-05 -5.78347e-06 -6.41045e-05 -2.46873e-05 -0.00082442 -0.000834558 -0.000823746 -0.000832291 -0.00135336 -0.00135119 -0.00135334 -0.00135149 -0.0015488 -0.00154926 -0.00154882 -0.00154922 -0.00144062 -0.00144052 -0.00144062 -0.00144053 -0.00110932 -0.00110934 -0.00110932 -0.00110934 -0.000666576 -0.000666572 -0.000666576 -0.000666572 -0.000221518 -0.000221519 -0.000221518 -0.000221519 0.000140281 0.000140281 0.000140281 0.000140281 0.000366497 0.000366497 0.000366497 0.000366497
0.214 0.00081728 0.000580683 0.000962671 0.000763356 -0.000172529 -0.000121901 -0.000184983 -0.000141799 -0.000935891 -0.000946729 -0.000935039 -0.000944391 -0.00144487 -0.00144255 -0.00144488 -0.00144285 -0.0016129 -0.0016134 -0.00161291 -0.00161335 -0.00147617 -0.00147607 -0.00147617 -0.00147608 -0.00111914 -0.00111916 -0.00111914 -0.00111916 -0.0006562 -0.000656195 -0.000656199 -0.000656195 -0.000198322 -0.000198323 -0.000198322 -0.000198323 0.000167726 0.000167726 0.000167726 0.000167726 0.000389431 0.000389431 0.000389431 0.000389431
0.215 0.000711259 0.000461897 0.000869395 0.00065431 -0.000285325 -0.000231925 -0.000299195 -0.00025264 -0.00103561 -0.00104705 -0.00103458 -0.00104466 -0.00152249 -0.00152004 -0.00152252 -0.00152034 -0.00166437 -0.00166489 -0.00166438 -0.00166485 -0.00150276 -0.00150264 -0.00150275 -0.00150265 -0.00112475 -0.00112477 -0.00112475 -0.00112477 -0.000646191 -0.000646186 -0.000646191 -0.000646186 -0.000179023 -0.000179024 -0.000179023 -0.000179024 0.000189173 0.000189174 0.000189173 0.000189174 0.000405692 0.000405692 0.000405692 0.000405692
0.216 0.000604553 0.000344633 0.000773996 0.000545084 -0.000390861 -0.000335162 -0.000406021 -0.000356514 -0.00112315 -0.00113509 -0.00112197 -0.00113267 -0.00158609 -0.00158353 -0.00158614 -0.00158383 -0.00170327 -0.00170382 -0.00170327 -0.00170377 -0.00152054 -0.00152042 -0.00152053 -0.00152042 -0.00112636 -0.00112639 -0.00112636 -0.00112639 -0.000636803 -0.000636797 -0.000636803 -0.000636798 -0.00016391 -0.000163912 -0.000163911 -0.000163912 0.000204322 0.000204322 0.000204322 0.000204322 0.000415022 0.000415022 0.000415022 0.000415022
0.217 0.00049803 0.000229801 0.000677268 0.000436556 -0.00048853 -0.000431014 -0.000504842 -0.000452822 -0.00119826 -0.00121059 -0.00119692 -0.00120816 -0.00163567 -0.00163302 -0.00163575 -0.00163332 -0.00172975 -0.00173032 -0.00172975 -0.00173028 -0.00152972 -0.00152959 -0.00152971 -0.0015296 -0.00112419 -0.00112421 -0.00112419 -0.00112421 -0.000628244 -0.000628239 -0.000628244 -0.000628239 -0.000153213 -0.000153214 -0.000153213 -0.000153214 0.00021293 0.00021293 0.00021293 0.00021293 0.000417215 0.000417215 0.000417215 0.000417215
0.218 0.000392526 0.000118259 0.000579991 0.000329568 -0.000577829 -0.000518983 -0.000595149 -0.000541066 -0.00126078 -0.00127341 -0.00125931 -0.00127099 -0.00167136 -0.00166865 -0.00167146 -0.00166894 -0.00174407 -0.00174465 -0.00174407 -0.00174461 -0.00153055 -0.00153042 -0.00153054 -0.00153043 -0.00111842 -0.00111844 -0.00111842 -0.00111844 -0.000620679 -0.000620673 -0.000620679 -0.000620673 -0.000147098 -0.000147099 -0.000147098 -0.000147099 0.000214817 0.000214817 0.000214817 0.000214817 0.000412122 0.000412122 0.000412122 0.000412122
0.219 0.000288842 1.07999e-05 0.000482928 0.000224921 -0.000658361 -0.000598672 -0.000676539 -0.000620852 -0.00131072 -0.00132353 -0.00130912 -0.00132114 -0.00169341 -0.00169066 -0.00169353 -0.00169094 -0.00174655 -0.00174714 -0.00174655 -0.00174711 -0.00152331 -0.00152318 -0.00152331 -0.00152319 -0.00110924 -0.00110927 -0.00110924 -0.00110927 -0.000614228 -0.000614223 -0.000614228 -0.000614223 -0.000145673 -0.000145675 -0.000145673 -0.000145675 0.000209868 0.000209869 0.000209868 0.000209869 0.00039965 0.00039965 0.00039965 0.00039965
0.22 0.000187733 -9.18516e-05 0.000386815 0.000123363 -0.000729836 -0.000669782 -0.000748716 -0.000691887 -0.00134819 -0.00136109 -0.00134649 -0.00135874 -0.0017022 -0.00169943 -0.00170233 -0.00169969 -0.00173762 -0.00173822 -0.00173762 -0.00173819 -0.00150832 -0.00150819 -0.00150832 -0.00150819 -0.00109684 -0.00109687 -0.00109684 -0.00109687 -0.000608975 -0.000608969 -0.000608975 -0.000608969 -0.000148988 -0.00014899 -0.000148988 -0.00014899 0.000198036 0.000198036 0.000198036 0.000198036 0.000379769 0.000379769 0.000379769 0.000379769
0.221 8.99015e-05 -0.000189046 0.000292353 2.55884e-05 -0.000792066 -0.000732116 -0.000811491 -0.000753978 -0.00137344 -0.00138632 -0.00137164 -0.00138403 -0.00169819 -0.00169542 -0.00169835 -0.00169567 -0.00171777 -0.00171836 -0.00171776 -0.00171833 -0.00148593 -0.0014858 -0.00148593 -0.00148581 -0.00108139 -0.00108142 -0.00108139 -0.00108142 -0.000604964 -0.000604958 -0.000604964 -0.000604958 -0.000157033 -0.000157035 -0.000157033 -0.000157035 0.000179337 0.000179337 0.000179337 0.000179337 0.000352512 0.000352512 0.000352512 0.000352512
0.222 -4.00566e-06 -0.000280215 0.000200205 -6.77749e-05 -0.000844965 -0.000785572 -0.000864777 -0.000807032 -0.00138681 -0.00139958 -0.00138493 -0.00139737 -0.00168197 -0.00167922 -0.00168213 -0.00167945 -0.00168754 -0.00168813 -0.00168753 -0.0016881 -0.00145653 -0.0014564 -0.00145653 -0.00145641 -0.00106306 -0.00106309 -0.00106306 -0.00106309 -0.000602206 -0.0006022 -0.000602206 -0.0006022 -0.000169743 -0.000169745 -0.000169743 -0.000169745 0.000153855 0.000153856 0.000153855 0.000153856 0.000317979 0.000317979 0.000317979 0.000317979
0.223 -9.34052e-05 -0.000364869 0.000110986 -0.000156164 -0.000888544 -0.00083014 -0.000908586 -0.000851048 -0.00138875 -0.00140131 -0.0013868 -0.00139919 -0.00165418 -0.00165148 -0.00165436 -0.00165169 -0.00164756 -0.00164815 -0.00164755 -0.00164812 -0.00142053 -0.00142041 -0.00142054 -0.00142041 -0.00104202 -0.00104205 -0.00104202 -0.00104205 -0.000600684 -0.000600678 -0.000600684 -0.000600678 -0.000187 -0.000187002 -0.000187 -0.000187002 0.000121744 0.000121744 0.000121744 0.000121744 0.000276335 0.000276335 0.000276335 0.000276335
0.224 -0.00017778 -0.000442605 2.5263e-05 -0.000239086 -0.000922903 -0.000865897 -0.00094302 -0.000886113 -0.0013798 -0.00139207 -0.00137781 -0.00139006 -0.00161557 -0.00161293 -0.00161577 -0.00161313 -0.00159851 -0.00159908 -0.00159849 -0.00159906 -0.00137839 -0.00137826 -0.00137839 -0.00137827 -0.00101845 -0.00101848 -0.00101845 -0.00101848 -0.000600353 -0.000600347 -0.000600353 -0.000600347 -0.000208635 -0.000208636 -0.000208635 -0.000208636 8.32202e-05 8.32205e-05 8.32202e-05 8.32204e-05 0.000227816 0.000227816 0.000227816 0.000227816
0.225 -0.00025668 -0.000513104 -5.6453e-05 -0.000316121 -0.000948231 -0.000893001 -0.000968271 -0.000912399 -0.00136058 -0.00137247 -0.00135855 -0.00137058 -0.00156694 -0.00156438 -0.00156715 -0.00156456 -0.0015411 -0.00154166 -0.00154108 -0.00154164 -0.00133056 -0.00133044 -0.00133056 -0.00133044 -0.000992526 -0.000992551 -0.000992525 -0.000992551 -0.000601147 -0.000601142 -0.000601147 -0.000601142 -0.000234432 -0.000234433 -0.000234432 -0.000234433 3.85674e-05 3.85677e-05 3.85674e-05 3.85677e-05 0.000172723 0.000172723 0.000172723 0.000172723
0.226 -0.000329727 -0.00057613 -0.000133707 -0.000386924 -0.00096479 -0.000911688 -0.000984609 -0.000930152 -0.00133177 -0.00134321 -0.00132973 -0.00134145 -0.00150915 -0.00150668 -0.00150936 -0.00150684 -0.00147611 -0.00147664 -0.00147608 -0.00147662 -0.00127756 -0.00127744 -0.00127756 -0.00127745 -0.000964431 -0.000964455 -0.00096443 -0.000964455 -0.000602984 -0.000602979 -0.000602984 -0.000602979 -0.00026413 -0.000264131 -0.00026413 -0.000264131 -1.18677e-05 -1.18675e-05 -1.18677e-05 -1.18675e-05 0.000111427 0.000111427 0.000111427 0.000111427
0.227 -0.000396615 -0.000631531 -0.000206105 -0.000451221 -0.000972915 -0.000922257 -0.000992374 -0.000939686 -0.00129412 -0.00130505 -0.00129209 -0.00130341 -0.00144309 -0.00144073 -0.00144331 -0.00144087 -0.00140431 -0.00140482 -0.00140429 -0.00140481 -0.0012199 -0.0012198 -0.00121991 -0.0012198 -0.000934362 -0.000934385 -0.000934361 -0.000934386 -0.000605767 -0.000605762 -0.000605767 -0.000605762 -0.00029743 -0.000297431 -0.00029743 -0.000297431 -6.76781e-05 -6.76778e-05 -6.76781e-05 -6.76778e-05 4.43643e-05 4.43642e-05 4.43643e-05 4.43642e-05
0.228 -0.000457105 -0.000679233 -0.000273312 -0.000508812 -0.000973004 -0.000925072 -0.000991972 -0.000941376 -0.00124842 -0.00125876 -0.0012464 -0.00125727 -0.0013697 -0.00136747 -0.00136992 -0.00136759 -0.00132655 -0.00132703 -0.00132653 -0.00132703 -0.00115815 -0.00115804 -0.00115815 -0.00115804 -0.000902526 -0.000902548 -0.000902525 -0.000902548 -0.000609389 -0.000609384 -0.000609389 -0.000609384 -0.000333996 -0.000333997 -0.000333996 -0.000333997 -0.000128399 -0.000128398 -0.000128399 -0.000128398 -2.79656e-05 -2.79657e-05 -2.79656e-05 -2.79657e-05
0.229 -0.000511032 -0.000719238 -0.000335056 -0.00055957 -0.000965506 -0.000920546 -0.000983862 -0.000935651 -0.00119549 -0.00120519 -0.00119349 -0.00120385 -0.00128993 -0.00128784 -0.00129016 -0.00128794 -0.00124367 -0.00124412 -0.00124364 -0.00124412 -0.00109285 -0.00109275 -0.00109285 -0.00109275 -0.000869141 -0.000869162 -0.00086914 -0.000869162 -0.000613737 -0.000613733 -0.000613738 -0.000613733 -0.00037346 -0.000373461 -0.00037346 -0.000373461 -0.00019351 -0.00019351 -0.00019351 -0.00019351 -0.000105002 -0.000105002 -0.000105002 -0.000105002
0.23 -0.000558296 -0.00075162 -0.000391123 -0.000603436 -0.000950917 -0.000909138 -0.00096855 -0.000922985 -0.00113617 -0.00114519 -0.00113422 -0.001144 -0.00120476 -0.00120281 -0.00120499 -0.00120289 -0.00115651 -0.00115693 -0.00115648 -0.00115693 -0.0010246 -0.00102451 -0.0010246 -0.00102451 -0.00083444 -0.000834459 -0.000834439 -0.00083446 -0.000618698 -0.000618693 -0.000618698 -0.000618693 -0.000415426 -0.000415427 -0.000415426 -0.000415427 -0.000262445 -0.000262445 -0.000262445 -0.000262445 -0.000186126 -0.000186126 -0.000186126 -0.000186126
0.231 -0.000598863 -0.00077652 -0.000441364 -0.000640414 -0.000929771 -0.000891344 -0.000946578 -0.000903885 -0.00107131 -0.00107962 -0.00106942 -0.00107858 -0.00111515 -0.00111336 -0.00111538 -0.00111342 -0.00106596 -0.00106634 -0.00106592 -0.00106635 -0.000953995 -0.000953912 -0.000954 -0.00095391 -0.000798669 -0.000798687 -0.000798668 -0.000798688 -0.000624154 -0.00062415 -0.000624154 -0.00062415 -0.000459476 -0.000459477 -0.000459476 -0.000459477 -0.00033459 -0.00033459 -0.00033459 -0.00033459 -0.000270669 -0.000270669 -0.000270669 -0.000270669
0.232 -0.000632761 -0.000794139 -0.000485683 -0.000670575 -0.000902628 -0.000867688 -0.000918522 -0.000878891 -0.0010018 -0.00100936 -0.000999972 -0.00100847 -0.00102208 -0.00102044 -0.00102231 -0.00102048 -0.00097286 -0.000973214 -0.000972828 -0.000973219 -0.000881645 -0.000881568 -0.00088165 -0.000881566 -0.000762088 -0.000762104 -0.000762087 -0.000762105 -0.000629993 -0.000629989 -0.000629993 -0.000629989 -0.000505172 -0.000505173 -0.000505172 -0.000505173 -0.000409294 -0.000409294 -0.000409294 -0.000409294 -0.000357915 -0.000357915 -0.000357915 -0.000357915
0.233 -0.000660076 -0.000804737 -0.000524044 -0.000694042 -0.000870073 -0.000838717 -0.000884974 -0.000848562 -0.000928465 -0.000935258 -0.00092672 -0.000934522 -0.000926483 -0.000925012 -0.000926708 -0.000925036 -0.000878084 -0.000878403 -0.000878052 -0.00087841 -0.000808164 -0.000808095 -0.00080817 -0.000808093 -0.000724968 -0.000724983 -0.000724967 -0.000724984 -0.000636106 -0.000636103 -0.000636107 -0.000636103 -0.000552064 -0.000552065 -0.000552064 -0.000552065 -0.000485873 -0.000485873 -0.000485874 -0.000485873 -0.000447109 -0.000447109 -0.000447109 -0.000447109
0.234 -0.000680948 -0.000808617 -0.000556462 -0.000710995 -0.000832702 -0.00080499 -0.000846544 -0.000813472 -0.000852164 -0.000858176 -0.000850508 -0.000857589 -0.000829303 -0.000827999 -0.000829522 -0.000828005 -0.000782475 -0.000782757 -0.000782442 -0.000782767 -0.000734172 -0.000734111 -0.000734178 -0.000734108 -0.000687593 -0.000687606 -0.000687592 -0.000687607 -0.000642392 -0.000642389 -0.000642392 -0.000642389 -0.000599691 -0.000599691 -0.00059969 -0.000599691 -0.000563618 -0.000563618 -0.000563618 -0.000563618 -0.000537463 -0.000537463 -0.000537463 -0.000537463
0.235 -0.000695564 -0.000806132 -0.000583005 -0.000721659 -0.000791118 -0.000767077 -0.000803847 -0.000774201 -0.000773716 -0.000778939 -0.000772157 -0.000778498 -0.000731437 -0.000730303 -0.000731649 -0.000730292 -0.00068686 -0.000687106 -0.000686827 -0.000687118 -0.000660285 -0.000660232 -0.000660291 -0.000660228 -0.000650254 -0.000650265 -0.000650253 -0.000650266 -0.000648754 -0.000648752 -0.000648755 -0.000648752 -0.000647586 -0.000647586 -0.000647586 -0.000647586 -0.0006418 -0.000641799 -0.0006418 -0.000641799 -0.000628165 -0.000628165 -0.000628165 -0.000628165
0.236 -0.00070416 -0.000797666 -0.000603785 -0.000726305 -0.000745925 -0.000725549 -0.000757498 -0.000731332 -0.000693913 -0.000698349 -0.000692459 -0.000698051 -0.000633754 -0.000632789 -0.000633958 -0.000632762 -0.000592043 -0.000592252 -0.000592011 -0.000592266 -0.000587114 -0.000587068 -0.000587119 -0.000587065 -0.000613249 -0.000613259 -0.000613248 -0.00061326 -0.000655105 -0.000655103 -0.000655106 -0.000655103 -0.000695284 -0.000695284 -0.000695284 -0.000695284 -0.000719678 -0.000719678 -0.000719678 -0.000719678 -0.000718387 -0.000718387 -0.000718387 -0.000718387
0.237 -0.000707007 -0.000783636 -0.000618959 -0.000725238 -0.000697721 -0.000680972 -0.000708109 -0.000685442 -0.00061352 -0.000617176 -0.000612176 -0.000617014 -0.000537082 -0.000536285 -0.000537276 -0.000536243 -0.000498799 -0.000498973 -0.000498768 -0.000498989 -0.000515257 -0.000515219 -0.000515262 -0.000515215 -0.000576879 -0.000576887 -0.000576878 -0.000576888 -0.000661365 -0.000661363 -0.000661365 -0.000661363 -0.000742321 -0.000742322 -0.000742321 -0.000742322 -0.000796512 -0.000796512 -0.000796512 -0.000796512 -0.000807294 -0.000807294 -0.000807294 -0.000807294
0.238 -0.000704411 -0.000764484 -0.000628722 -0.000718796 -0.000647094 -0.000633906 -0.000656277 -0.000637101 -0.000533261 -0.000536151 -0.000532033 -0.000536118 -0.000442205 -0.000441573 -0.000442389 -0.000441518 -0.000407871 -0.000408009 -0.000407841 -0.000408026 -0.000445297 -0.000445266 -0.000445302 -0.000445262 -0.000541444 -0.000541451 -0.000541443 -0.000541452 -0.00066746 -0.000667458 -0.00066746 -0.000667458 -0.000788245 -0.000788245 -0.000788244 -0.000788245 -0.000871561 -0.000871561 -0.000871561 -0.000871561 -0.000894054 -0.000894054 -0.000894054 -0.000894054
0.239 -0.000696709 -0.000740668 -0.000633304 -0.000707345 -0.000594616 -0.000584897 -0.000602587 -0.000586862 -0.000453821 -0.000455965 -0.000452712 -0.000456055 -0.00034986 -0.000349388 -0.000350032 -0.000349321 -0.000319959 -0.000320063 -0.00031993 -0.000320082 -0.000377794 -0.000377771 -0.000377799 -0.000377767 -0.000507239 -0.000507244 -0.000507238 -0.000507245 -0.000673325 -0.000673324 -0.000673325 -0.000673324 -0.00083261 -0.00083261 -0.00083261 -0.00083261 -0.000944099 -0.000944099 -0.000944099 -0.000944099 -0.000977845 -0.000977845 -0.000977845 -0.000977845
0.24 -0.000684261 -0.000712663 -0.000632965 -0.000691272 -0.000540843 -0.000534475 -0.000547604 -0.000535265 -0.000375843 -0.000377265 -0.000374855 -0.000377469 -0.000260732 -0.000260415 -0.000260891 -0.000260337 -0.000235724 -0.000235794 -0.000235696 -0.000235813 -0.000313282 -0.000313266 -0.000313287 -0.000313262 -0.000474552 -0.000474555 -0.000474551 -0.000474556 -0.000678901 -0.0006789 -0.000678901 -0.0006789 -0.000874991 -0.000874991 -0.000874991 -0.000874991 -0.00101342 -0.00101342 -0.00101342 -0.00101342 -0.00105787 -0.00105787 -0.00105787 -0.00105787
0.241 -0.000667446 -0.000680948 -0.000627994 -0.00067098 -0.000486306 -0.00048315 -0.00049187 -0.000482826 -0.000299922 -0.000300652 -0.000299058 -0.000300963 -0.000175452 -0.000175285 -0.000175598 -0.000175196 -0.000155775 -0.000155813 -0.000155749 -0.000155834 -0.000252263 -0.000252254 -0.000252268 -0.00025225 -0.000443655 -0.000443656 -0.000443654 -0.000443657 -0.000684133 -0.000684133 -0.000684134 -0.000684133 -0.00091498 -0.00091498 -0.00091498 -0.00091498 -0.00107885 -0.00107885 -0.00107885 -0.00107885 -0.00113335 -0.00113335 -0.00113335 -0.00113335
0.242 -0.00064666 -0.000646006 -0.0006187 -0.000646886 -0.000431515 -0.000431411 -0.000435904 -0.00043004 -0.000226609 -0.000226681 -0.000225868 -0.00022709 -9.45978e-05 -9.45725e-05 -9.47307e-05 -9.44757e-05 -8.06752e-05 -8.06827e-05 -8.06504e-05 -8.07037e-05 -0.0001952 -0.000195198 -0.000195205 -0.000195194 -0.000414803 -0.000414804 -0.000414803 -0.000414805 -0.000688971 -0.000688971 -0.000688972 -0.000688971 -0.000952192 -0.000952192 -0.000952192 -0.000952192 -0.00113974 -0.00113974 -0.00113974 -0.00113974 -0.00120357 -0.00120357 -0.00120357 -0.00120357
0.243 -0.000622308 -0.000608321 -0.000605412 -0.000619413 -0.000376951 -0.000379724 -0.000380195 -0.000377379 -0.000156408 -0.000155859 -0.000155789 -0.000156356 -1.86888e-05 -1.87975e-05 -1.88079e-05 -1.86936e-05 -1.09295e-05 -1.09081e-05 -1.09063e-05 -1.09294e-05 -0.000142518 -0.000142522 -0.000142522 -0.000142518 -0.000388233 -0.000388232 -0.000388232 -0.000388233 -0.000693367 -0.000693367 -0.000693367 -0.000693367 -0.000986269 -0.000986269 -0.000986269 -0.000986269 -0.0011955 -0.0011955 -0.0011955 -0.0011955 -0.00126783 -0.00126783 -0.00126783 -0.00126783
0.244 -0.000594802 -0.000568369 -0.000588473 -0.000588989 -0.000323069 -0.000328531 -0.000325208 -0.000325287 -8.97731e-05 -8.86433e-05 -8.92748e-05 -8.92202e-05 5.18128e-05 5.15789e-05 5.17078e-05 5.16886e-05 5.30127e-05 5.30612e-05 5.30341e-05 5.30397e-05 -9.45902e-05 -9.46003e-05 -9.45945e-05 -9.4596e-05 -0.00036415 -0.000364148 -0.000364149 -0.000364149 -0.000697273 -0.000697273 -0.000697273 -0.000697273 -0.00101688 -0.00101688 -0.00101688 -0.00101688 -0.00124558 -0.00124558 -0.00124558 -0.00124558 -0.00132553 -0.00132553 -0.00132553 -0.00132553
0.245 -0.000564556 -0.00052662 -0.000568237 -0.000556043 -0.000270295 -0.000278244 -0.000271375 -0.000274181 -2.71135e-05 -2.54464e-05 -2.6733e-05 -2.60931e-05 0.000116503 0.000116153 0.000116413 0.000116268 0.000110762 0.000110835 0.000110781 0.000110814 -5.17437e-05 -5.17592e-05 -5.17477e-05 -5.1755e-05 -0.000342734 -0.000342731 -0.000342733 -0.000342732 -0.000700641 -0.000700642 -0.000700642 -0.000700642 -0.00104373 -0.00104373 -0.00104373 -0.00104373 -0.00128947 -0.00128947 -0.00128947 -0.00128947 -0.00137609 -0.00137609 -0.00137609 -0.00137609
0.246 -0.000531986 -0.000483532 -0.000545066 -0.000520999 -0.000219028 -0.000229252 -0.000219099 -0.000224451 3.1209e-05 3.33683e-05 3.14754e-05 3.26614e-05 0.000175037 0.000174581 0.000174961 0.000174699 0.00016199 0.000162087 0.000162008 0.000162066 -1.42495e-05 -1.42699e-05 -1.42532e-05 -1.42659e-05 -0.000324129 -0.000324125 -0.000324128 -0.000324125 -0.000703425 -0.000703425 -0.000703425 -0.000703425 -0.00106655 -0.00106655 -0.00106655 -0.00106655 -0.00132676 -0.00132676 -0.00132676 -0.00132676 -0.00141902 -0.00141902 -0.00141902 -0.00141902
0.247 -0.000497502 -0.000439549 -0.000519328 -0.000484277 -0.000169634 -0.000181916 -0.000168756 -0.000176462 8.48782e-05 8.7483e-05 8.50348e-05 8.67253e-05 0.000227127 0.000226574 0.000227065 0.000226694 0.000206434 0.000206551 0.00020645 0.00020653 1.76782e-05 1.76532e-05 1.76748e-05 1.76571e-05 -0.000308444 -0.000308439 -0.000308443 -0.000308439 -0.000705571 -0.000705572 -0.000705571 -0.000705572 -0.00108511 -0.00108511 -0.00108511 -0.00108511 -0.00135706 -0.00135706 -0.00135706 -0.00135706 -0.00145392 -0.00145392 -0.00145392 -0.00145392
0.248 -0.00046151 -0.000395098 -0.00049139 -0.000446288 -0.000122454 -0.00013657 -0.000120689 -0.000130547 0.000133622 0.000136625 0.000133674 0.000135826 0.000272544 0.000271905 0.000272495 0.000272026 0.000243893 0.000244029 0.000243906 0.000244008 4.38847e-05 4.38557e-05 4.38816e-05 4.38594e-05 -0.000295749 -0.000295742 -0.000295748 -0.000295743 -0.000707025 -0.000707026 -0.000707025 -0.000707026 -0.00109922 -0.00109922 -0.00109922 -0.00109922 -0.00138009 -0.00138009 -0.00138009 -0.00138009 -0.00148045 -0.00148045 -0.00148045 -0.00148045
0.249 -0.000424406 -0.000350592 -0.000461619 -0.000407432 -7.77976e-05 -9.35215e-05 -7.52119e-05 -8.70133e-05 0.000177214 0.000180565 0.000177166 0.000179734 0.000311115 0.0003104 0.000311079 0.000310521 0.000274232 0.000274384 0.000274243 0.000274364 6.42766e-05 6.42441e-05 6.42739e-05 6.42476e-05 -0.000286072 -0.000286065 -0.000286072 -0.000286066 -0.000707729 -0.00070773 -0.000707729 -0.00070773 -0.00110873 -0.00110873 -0.00110873 -0.00110873 -0.00139562 -0.00139562 -0.00139562 -0.00139562 -0.00149836 -0.00149836 -0.00149836 -0.00149836
0.25 -0.000386577 -0.00030642 -0.00043038 -0.000368097 -3.59467e-05 -5.30506e-05 -3.26102e-05 -4.61418e-05 0.000215466 0.000219118 0.000215326 0.000218263 0.000342724 0.000341944 0.000342701 0.000342063 0.000297382 0.000297548 0.000297391 0.000297529 7.8823e-05 7.87874e-05 7.88206e-05 7.87907e-05 -0.000279403 -0.000279396 -0.000279403 -0.000279396 -0.000707619 -0.000707621 -0.000707619 -0.000707621 -0.00111353 -0.00111353 -0.00111353 -0.00111353 -0.00140351 -0.00140351 -0.00140351 -0.00140351 -0.00150751 -0.00150751 -0.00150751 -0.00150751
0.251 -0.000348395 -0.000262956 -0.000398031 -0.000328656 2.84483e-06 -1.54116e-05 6.85967e-06 -8.18545e-06 0.000248235 0.000252137 0.000248008 0.000251269 0.00036731 0.000366475 0.000367299 0.000366593 0.000313338 0.000313517 0.000313346 0.000313499 8.75553e-05 8.75171e-05 8.75532e-05 8.75202e-05 -0.000275687 -0.000275679 -0.000275687 -0.00027568 -0.000706629 -0.00070663 -0.000706629 -0.00070663 -0.00111353 -0.00111353 -0.00111353 -0.00111353 -0.00140366 -0.00140366 -0.00140366 -0.00140366 -0.00150781 -0.00150781 -0.00150781 -0.00150781
0.252 -0.000310223 -0.00022055 -0.000364924 -0.000289469 3.83509e-05 1.91677e-05 4.29698e-05 2.66293e-05 0.000275415 0.00027952 0.000275109 0.000278646 0.000384867 0.000383988 0.000384867 0.000384102 0.000322161 0.00032235 0.000322167 0.000322333 9.05672e-05 9.05269e-05 9.05655e-05 9.05297e-05 -0.000274829 -0.00027482 -0.000274828 -0.000274821 -0.000704686 -0.000704688 -0.000704686 -0.000704688 -0.00110871 -0.00110871 -0.00110871 -0.00110871 -0.0013961 -0.0013961 -0.0013961 -0.0013961 -0.00149929 -0.00149929 -0.00149929 -0.00149929
0.253 -0.000272403 -0.000179532 -0.000331399 -0.000250876 7.03724e-05 5.04851e-05 7.55201e-05 5.8102e-05 0.000296941 0.000301201 0.000296563 0.000300329 0.00039544 0.000394527 0.000395452 0.000394638 0.000323974 0.000324169 0.000323978 0.000324154 8.80132e-05 8.79712e-05 8.80118e-05 8.79738e-05 -0.000276691 -0.000276682 -0.000276691 -0.000276683 -0.000701716 -0.000701718 -0.000701716 -0.000701718 -0.00109908 -0.00109908 -0.00109908 -0.00109908 -0.00138089 -0.00138089 -0.00138089 -0.00138089 -0.00148205 -0.00148205 -0.00148205 -0.00148205
0.254 -0.000235266 -0.00014021 -0.000297788 -0.000213202 9.87376e-05 7.83642e-05 0.000104338 8.60587e-05 0.000312784 0.000317152 0.000312341 0.00031629 0.000399128 0.000398191 0.00039915 0.000398297 0.000318959 0.00031916 0.000318961 0.000319145 8.01063e-05 8.00632e-05 8.01052e-05 8.00655e-05 -0.0002811 -0.000281091 -0.0002811 -0.000281091 -0.000697641 -0.000697643 -0.000697641 -0.000697643 -0.00108467 -0.00108467 -0.00108467 -0.00108467 -0.00135819 -0.00135819 -0.00135819 -0.00135819 -0.0014563 -0.0014563 -0.0014563 -0.0014563
0.255 -0.000199123 -0.000102868 -0.00026441 -0.000176753 0.000123301 0.000102654 0.000129278 0.000110351 0.000322954 0.000327383 0.000322454 0.00032654 0.000396077 0.000395127 0.000396109 0.000395227 0.00030736 0.000307564 0.00030736 0.000307551 6.71155e-05 6.70717e-05 6.71148e-05 6.70738e-05 -0.000287845 -0.000287835 -0.000287844 -0.000287835 -0.000692382 -0.000692384 -0.000692382 -0.000692384 -0.00106558 -0.00106558 -0.00106558 -0.00106558 -0.00132822 -0.00132822 -0.00132822 -0.00132822 -0.00142231 -0.00142231 -0.00142231 -0.00142231
0.256 -0.000164268 -6.77704e-05 -0.00023157 -0.000141814 0.000143944 0.000123229 0.000150222 0.000130857 0.000327495 0.000331943 0.000326947 0.000331124 0.000386484 0.000385529 0.000386524 0.000385623 0.000289475 0.00028968 0.000289474 0.000289668 4.93623e-05 4.93182e-05 4.93618e-05 4.93199e-05 -0.00029668 -0.000296671 -0.00029668 -0.000296671 -0.000685861 -0.000685863 -0.000685861 -0.000685863 -0.00104194 -0.00104194 -0.00104194 -0.00104194 -0.00129127 -0.00129127 -0.00129127 -0.00129127 -0.00138043 -0.00138043 -0.00138043 -0.00138043
0.257 -0.000130976 -3.51567e-05 -0.000199559 -0.000108654 0.000160574 0.000139991 0.000167078 0.000147479 0.000326491 0.000330913 0.000325901 0.000330125 0.00037059 0.00036964 0.000370638 0.000369728 0.000265654 0.000265859 0.000265652 0.000265848 2.72158e-05 2.71719e-05 2.72157e-05 2.71734e-05 -0.000307334 -0.000307324 -0.000307334 -0.000307325 -0.000678 -0.000678002 -0.000678 -0.000678002 -0.00101389 -0.00101389 -0.00101389 -0.00101389 -0.0012477 -0.0012477 -0.0012477 -0.0012477 -0.0013311 -0.0013311 -0.0013311 -0.0013311
0.258 -9.95021e-05 -5.24382e-06 -0.000168652 -7.75188e-05 0.000173127 0.000152865 0.000179784 0.000160148 0.000320056 0.000324412 0.000319432 0.000323662 0.000348683 0.000347746 0.000348738 0.000347826 0.000236299 0.0002365 0.000236295 0.000236491 1.08894e-06 1.04564e-06 1.08909e-06 1.04681e-06 -0.000319508 -0.000319498 -0.000319508 -0.000319499 -0.000668726 -0.000668728 -0.000668726 -0.000668728 -0.000981636 -0.000981636 -0.000981636 -0.000981636 -0.00119791 -0.00119791 -0.00119791 -0.00119791 -0.00127482 -0.00127482 -0.00127482 -0.00127482
0.259 -7.00832e-05 2.17745e-05 -0.000139109 -4.86343e-05 0.000181564 0.000161804 0.000188302 0.000168821 0.000308341 0.000312592 0.000307691 0.000311886 0.00032109 0.000320175 0.000321151 0.000320248 0.000201853 0.00020205 0.000201848 0.000202042 -2.85679e-05 -2.86102e-05 -2.85675e-05 -2.86093e-05 -0.000332883 -0.000332874 -0.000332883 -0.000332874 -0.00065797 -0.000657972 -0.00065797 -0.000657972 -0.000945403 -0.000945403 -0.000945403 -0.000945403 -0.00114237 -0.00114237 -0.00114237 -0.00114237 -0.00121213 -0.00121213 -0.00121213 -0.00121213
0.26 -4.2934e-05 4.57285e-05 -0.00011117 -2.22052e-05 0.000185873 0.000166787 0.000192623 0.00017348 0.000291534 0.000295642 0.000290865 0.000294984 0.00028818 0.000287296 0.000288247 0.000287361 0.000162802 0.000162992 0.000162795 0.000162986 -6.12721e-05 -6.13131e-05 -6.12714e-05 -6.13125e-05 -0.000347128 -0.000347119 -0.000347128 -0.000347119 -0.000645671 -0.000645673 -0.000645671 -0.000645673 -0.000905448 -0.000905447 -0.000905448 -0.000905447 -0.00108159 -0.00108159 -0.00108159 -0.00108159 -0.00114366 -0.00114366 -0.00114366 -0.00114366
0.261 -1.82484e-05 6.64724e-05 -8.50579e-05 1.58583e-06 0.000186072 0.000167822 0.000192768 0.000174136 0.000269851 0.000273782 0.000269171 0.000273178 0.00025036 0.000249514 0.000250431 0.00024957 0.000119665 0.000119848 0.000119657 0.000119843 -9.65153e-05 -9.65546e-05 -9.65144e-05 -9.65542e-05 -0.000361897 -0.000361888 -0.000361897 -0.000361888 -0.000631779 -0.000631781 -0.000631779 -0.000631781 -0.000862054 -0.000862053 -0.000862054 -0.000862053 -0.00101612 -0.00101612 -0.00101612 -0.00101612 -0.00107005 -0.00107005 -0.00107005 -0.00107005
0.262 3.80149e-06 8.38847e-05 -6.09777e-05 2.25785e-05 0.000182206 0.000164942 0.000188783 0.000170827 0.000243546 0.000247267 0.000242861 0.00024672 0.00020807 0.000207268 0.000208145 0.000207315 7.29933e-05 7.31662e-05 7.29846e-05 7.31629e-05 -0.00013377 -0.000133807 -0.000133769 -0.000133807 -0.000376844 -0.000376836 -0.000376844 -0.000376836 -0.000616252 -0.000616254 -0.000616252 -0.000616254 -0.000815529 -0.000815529 -0.000815529 -0.000815529 -0.000946546 -0.000946546 -0.000946546 -0.000946546 -0.000991995 -0.000991995 -0.000991995 -0.000991995
0.263 2.30658e-05 9.78692e-05 -3.91131e-05 4.06355e-05 0.000174349 0.000158209 0.000180745 0.00016362 0.000212902 0.000216383 0.00021222 0.000215898 0.000161782 0.000161031 0.000161859 0.000161069 2.3361e-05 2.35229e-05 2.33514e-05 2.35211e-05 -0.000172495 -0.00017253 -0.000172494 -0.00017253 -0.000391622 -0.000391615 -0.000391623 -0.000391615 -0.000599065 -0.000599067 -0.000599065 -0.000599067 -0.000766205 -0.000766204 -0.000766205 -0.000766204 -0.000873478 -0.000873479 -0.000873478 -0.000873479 -0.00091021 -0.00091021 -0.00091021 -0.00091021
0.264 3.94179e-05 0.000108355 -1.96274e-05 5.56432e-05 0.000162601 0.000147713 0.000168761 0.00015261 0.000178234 0.000181449 0.000177561 0.000181028 0.000111996 0.000111302 0.000112075 0.000111331 -2.86383e-05 -2.84886e-05 -2.86487e-05 -2.84889e-05 -0.000212146 -0.000212178 -0.000212144 -0.000212178 -0.000405892 -0.000405885 -0.000405893 -0.000405885 -0.000580205 -0.000580207 -0.000580205 -0.000580207 -0.000714429 -0.000714428 -0.000714429 -0.000714428 -0.000797545 -0.000797545 -0.000797545 -0.000797545 -0.000825428 -0.000825428 -0.000825428 -0.000825428
0.265 5.27547e-05 0.000115297 -2.66254e-06 6.7512e-05 0.000147096 0.000133574 0.000152965 0.00013792 0.000139888 0.000142811 0.000139231 0.000142457 5.92356e-05 5.86041e-05 5.93159e-05 5.86238e-05 -8.23981e-05 -8.22617e-05 -8.24091e-05 -8.22606e-05 -0.000252175 -0.000252205 -0.000252174 -0.000252206 -0.000419326 -0.000419319 -0.000419326 -0.000419319 -0.000559677 -0.000559678 -0.000559677 -0.000559678 -0.000660564 -0.000660564 -0.000660564 -0.000660564 -0.000719384 -0.000719384 -0.000719384 -0.000719384 -0.000738394 -0.000738394 -0.000738394 -0.000738394
0.266 6.29973e-05 0.000118676 1.16616e-05 7.6177e-05 0.000127993 0.000115939 0.000133521 0.000119703 9.82377e-05 0.000100846 9.76018e-05 0.000100562 4.04695e-06 3.48269e-06 4.12757e-06 3.49313e-06 -0.000137305 -0.000137183 -0.000137316 -0.00013718 -0.000292047 -0.000292073 -0.000292045 -0.000292074 -0.000431611 -0.000431605 -0.000431611 -0.000431605 -0.000537502 -0.000537504 -0.000537502 -0.000537504 -0.000604986 -0.000604986 -0.000604986 -0.000604986 -0.00063964 -0.00063964 -0.00063964 -0.00063964 -0.000649852 -0.000649852 -0.000649852 -0.000649852
0.267 7.00917e-05 0.000118502 2.32481e-05 8.15988e-05 0.000105482 9.49833e-05 0.000110622 9.814e-05 5.36824e-05 5.59579e-05 5.30735e-05 5.57448e-05 -5.30085e-05 -5.35014e-05 -5.29283e-05 -5.35002e-05 -0.000192744 -0.000192637 -0.000192756 -0.000192634 -0.000331235 -0.000331258 -0.000331233 -0.00033126 -0.000442458 -0.000442453 -0.000442458 -0.000442452 -0.000513722 -0.000513723 -0.000513722 -0.000513723 -0.000548078 -0.000548078 -0.000548078 -0.000548078 -0.000558951 -0.000558951 -0.000558951 -0.000558951 -0.000560537 -0.000560537 -0.000560537 -0.000560537
0.268 7.40089e-05 0.00011481 3.20233e-05 8.37633e-05 7.97801e-05 7.09116e-05 8.44917e-05 7.34398e-05 6.64709e-06 8.57325e-06 6.07039e-06 8.4323e-06 -0.000111357 -0.000111775 -0.000111278 -0.000111783 -0.000248106 -0.000248016 -0.000248119 -0.000248011 -0.000369237 -0.000369257 -0.000369235 -0.000369258 -0.000451601 -0.000451597 -0.000451602 -0.000451597 -0.000488395 -0.000488396 -0.000488395 -0.000488396 -0.000490226 -0.000490225 -0.000490226 -0.000490225 -0.000477949 -0.000477949 -0.000477949 -0.000477949 -0.00047117 -0.000471169 -0.00047117 -0.000471169
0.269 7.47459e-05 0.000107662 3.79376e-05 8.26829e-05 5.11333e-05 4.39548e-05 5.53788e-05 4.58392e-05 -4.2422e-05 -4.08582e-05 -4.29617e-05 -4.09267e-05 -0.000170417 -0.000170757 -0.00017034 -0.000170774 -0.000302794 -0.00030272 -0.000302806 -0.000302713 -0.000405573 -0.000405589 -0.000405571 -0.000405591 -0.000458806 -0.000458803 -0.000458807 -0.000458803 -0.000461601 -0.000461602 -0.000461601 -0.000461602 -0.000431818 -0.000431818 -0.000431818 -0.000431818 -0.000397247 -0.000397247 -0.000397247 -0.000397247 -0.000382446 -0.000382446 -0.000382446 -0.000382446
0.27 7.23255e-05 9.71505e-05 4.09658e-05 7.83961e-05 1.98136e-05 1.43704e-05 2.35604e-05 1.56011e-05 -9.30598e-05 -9.18682e-05 -9.35581e-05 -9.18643e-05 -0.000229605 -0.000229865 -0.00022953 -0.000229891 -0.000356223 -0.000356166 -0.000356236 -0.000356159 -0.000439796 -0.000439808 -0.000439794 -0.00043981 -0.000463869 -0.000463866 -0.000463869 -0.000463866 -0.000433436 -0.000433437 -0.000433436 -0.000433437 -0.000373241 -0.000373241 -0.000373241 -0.000373241 -0.000317436 -0.000317436 -0.000317436 -0.000317436 -0.000295033 -0.000295033 -0.000295033 -0.000295033
0.271 6.67968e-05 8.33933e-05 4.11073e-05 7.0968e-05 -1.38816e-05 -1.75589e-05 -1.06614e-05 -1.69865e-05 -0.000144785 -0.000143973 -0.000145238 -0.000143897 -0.000288337 -0.000288517 -0.000288266 -0.000288551 -0.000407836 -0.000407797 -0.000407848 -0.000407788 -0.000471492 -0.000471501 -0.00047149 -0.000471503 -0.000466619 -0.000466617 -0.00046662 -0.000466617 -0.000404017 -0.000404017 -0.000404017 -0.000404018 -0.000314874 -0.000314874 -0.000314874 -0.000314874 -0.00023908 -0.00023908 -0.00023908 -0.00023908 -0.000209559 -0.000209559 -0.000209559 -0.000209559
0.272 5.82352e-05 6.65364e-05 3.83866e-05 6.04901e-05 -4.96315e-05 -5.15275e-05 -4.69608e-05 -5.16122e-05 -0.000197106 -0.000196676 -0.00019751 -0.00019653 -0.000346041 -0.000346138 -0.000345973 -0.00034618 -0.000457099 -0.000457078 -0.000457112 -0.000457068 -0.000500289 -0.000500294 -0.000500287 -0.000500296 -0.000466924 -0.000466923 -0.000466925 -0.000466923 -0.000373477 -0.000373478 -0.000373477 -0.000373478 -0.000257087 -0.000257087 -0.000257087 -0.000257087 -0.000162711 -0.000162711 -0.000162711 -0.000162711 -0.000126614 -0.000126614 -0.000126614 -0.000126614
0.273 4.67419e-05 4.67527e-05 3.28531e-05 4.70803e-05 -8.70938e-05 -8.72088e-05 -8.49907e-05 -8.79437e-05 -0.000249521 -0.000249474 -0.000249874 -0.00024926 -0.000402152 -0.000402167 -0.000402089 -0.000402216 -0.000503513 -0.000503509 -0.000503525 -0.000503499 -0.000525855 -0.000525856 -0.000525853 -0.000525858 -0.000464688 -0.000464688 -0.000464689 -0.000464688 -0.000341967 -0.000341967 -0.000341967 -0.000341967 -0.000200238 -0.000200238 -0.000200238 -0.000200238 -8.88224e-05 -8.88224e-05 -8.88224e-05 -8.88224e-05 -4.67388e-05 -4.67388e-05 -4.67388e-05 -4.67388e-05
0.274 3.24441e-05 2.42411e-05 2.45812e-05 3.08822e-05 -0.000125908 -0.000124257 -0.000124385 -0.00012563 -0.000301527 -0.00030186 -0.000301825 -0.00030158 -0.000456126 -0.000456059 -0.000456067 -0.000456116 -0.000546614 -0.000546628 -0.000546626 -0.000546616 -0.000547905 -0.000547903 -0.000547903 -0.000547905 -0.000459853 -0.000459853 -0.000459853 -0.000459853 -0.00030965 -0.00030965 -0.00030965 -0.00030965 -0.000144669 -0.000144669 -0.000144669 -0.000144669 -1.78679e-05 -1.78679e-05 -1.78679e-05 -1.78679e-05 2.95757e-05 2.95757e-05 2.95757e-05 2.95757e-05
0.275 1.54938e-05 -7.74294e-07 1.36694e-05 1.20643e-05 -0.000165696 -0.000162311 -0.000164762 -0.000164304 -0.000352621 -0.000353326 -0.000352863 -0.000352984 -0.00050744 -0.000507293 -0.000507387 -0.000507357 -0.00058598 -0.000586011 -0.000585991 -0.000585998 -0.000566202 -0.000566195 -0.0005662 -0.000566198 -0.000452396 -0.000452398 -0.000452397 -0.000452397 -0.000276705 -0.000276704 -0.000276704 -0.000276704 -9.07049e-05 -9.07049e-05 -9.07049e-05 -9.07049e-05 4.97423e-05 4.97423e-05 4.97423e-05 4.97423e-05 0.000101891 0.000101891 0.000101891 0.000101891
0.276 -3.93248e-06 -2.80458e-05 2.40669e-07 -9.18051e-06 -0.000206071 -0.000200998 -0.000205727 -0.000203586 -0.000402305 -0.000403374 -0.000402489 -0.000402972 -0.0005556 -0.000555374 -0.000555552 -0.000555443 -0.000621231 -0.000621279 -0.000621242 -0.000621266 -0.000580555 -0.000580545 -0.000580553 -0.000580548 -0.000442335 -0.000442337 -0.000442336 -0.000442337 -0.000243317 -0.000243317 -0.000243317 -0.000243317 -3.86488e-05 -3.86489e-05 -3.86488e-05 -3.86489e-05 0.000113644 0.000113644 0.000113644 0.000113644 0.000169826 0.000169826 0.000169826 0.000169826
0.277 -2.56354e-05 -5.73037e-05 -1.55592e-05 -3.26367e-05 -0.000246633 -0.000239933 -0.000246876 -0.000243089 -0.000450094 -0.000451513 -0.000450219 -0.000451056 -0.000600141 -0.00059984 -0.000600099 -0.000599914 -0.000652038 -0.000652102 -0.000652048 -0.000652089 -0.000590826 -0.000590812 -0.000590823 -0.000590815 -0.00042972 -0.000429723 -0.00042972 -0.000429722 -0.000209685 -0.000209684 -0.000209684 -0.000209684 1.12187e-05 1.12186e-05 1.12187e-05 1.12186e-05 0.00017352 0.00017352 0.00017352 0.00017352 0.000233053 0.000233053 0.000233053 0.000233053
0.278 -4.93937e-05 -8.82583e-05 -3.3562e-05 -5.80673e-05 -0.000286979 -0.000278729 -0.000287802 -0.000282418 -0.000495517 -0.000497269 -0.000495582 -0.000496762 -0.000640638 -0.000640265 -0.000640602 -0.000640344 -0.000678119 -0.000678198 -0.000678128 -0.000678185 -0.000596922 -0.000596905 -0.000596919 -0.000596907 -0.000414633 -0.000414637 -0.000414634 -0.000414637 -0.000176007 -0.000176007 -0.000176007 -0.000176007 5.8642e-05 5.86418e-05 5.8642e-05 5.86419e-05 0.000229102 0.000229102 0.000229102 0.000229102 0.000291305 0.000291305 0.000291305 0.000291305
0.279 -7.49662e-05 -0.000120602 -5.35788e-05 -8.5216e-05 -0.000326705 -0.000316995 -0.000328094 -0.000321178 -0.000538124 -0.000540191 -0.000538129 -0.000539639 -0.000676705 -0.000676264 -0.000676676 -0.000676347 -0.000699244 -0.000699338 -0.000699252 -0.000699324 -0.0005988 -0.00059878 -0.000598798 -0.000598783 -0.00039719 -0.000397195 -0.000397191 -0.000397194 -0.00014249 -0.000142489 -0.00014249 -0.000142489 0.000103392 0.000103392 0.000103392 0.000103392 0.000280172 0.000280172 0.000280172 0.000280172 0.000344371 0.000344371 0.000344371 0.000344371
0.28 -0.000102094 -0.000154013 -7.5401e-05 -0.000113809 -0.000365411 -0.000354344 -0.000367347 -0.000358977 -0.000577492 -0.000579852 -0.000577438 -0.00057926 -0.000708001 -0.000707497 -0.000707979 -0.000707583 -0.000715236 -0.000715344 -0.000715244 -0.00071533 -0.000596466 -0.000596443 -0.000596465 -0.000596446 -0.000377532 -0.000377537 -0.000377532 -0.000377536 -0.000109336 -0.000109335 -0.000109336 -0.000109335 0.000145269 0.000145269 0.000145269 0.000145269 0.000326557 0.000326557 0.000326557 0.000326557 0.000392095 0.000392095 0.000392095 0.000392095
0.281 -0.000130501 -0.000188155 -9.88026e-05 -0.000143557 -0.000402702 -0.000390397 -0.000405162 -0.000395432 -0.000613228 -0.000615855 -0.000613117 -0.00061523 -0.000734234 -0.000733673 -0.000734219 -0.00073376 -0.000725973 -0.000726093 -0.00072598 -0.00072608 -0.000589969 -0.000589943 -0.000589967 -0.000589945 -0.000355824 -0.000355829 -0.000355824 -0.000355829 -7.67469e-05 -7.67457e-05 -7.67468e-05 -7.67458e-05 0.0001841 0.0001841 0.0001841 0.0001841 0.000368136 0.000368136 0.000368136 0.000368136 0.000434377 0.000434377 0.000434377 0.000434377
0.282 -0.000159899 -0.000222687 -0.000123542 -0.000174159 -0.000438198 -0.000424782 -0.000441154 -0.000430167 -0.000644974 -0.000647841 -0.000644806 -0.000647189 -0.000755162 -0.000754549 -0.000755154 -0.000754637 -0.000731386 -0.000731517 -0.000731391 -0.000731503 -0.000579399 -0.000579371 -0.000579398 -0.000579373 -0.000332253 -0.000332259 -0.000332254 -0.000332259 -4.49178e-05 -4.49166e-05 -4.49178e-05 -4.49166e-05 0.000219744 0.000219744 0.000219744 0.000219744 0.000404833 0.000404833 0.000404833 0.000404833 0.000471171 0.000471171 0.000471171 0.000471171
0.283 -0.000189989 -0.000257258 -0.000149363 -0.000205305 -0.000471534 -0.000457147 -0.000474953 -0.000462827 -0.000672411 -0.000675489 -0.00067219 -0.000674817 -0.000770597 -0.000769938 -0.000770595 -0.000770027 -0.000731457 -0.000731598 -0.000731461 -0.000731585 -0.000564889 -0.000564859 -0.000564888 -0.000564861 -0.000307023 -0.00030703 -0.000307023 -0.000307029 -1.40359e-05 -1.40345e-05 -1.40358e-05 -1.40346e-05 0.00025209 0.00025209 0.00025209 0.00025209 0.000436616 0.000436616 0.000436616 0.000436616 0.000502478 0.000502478 0.000502478 0.000502478
0.284 -0.000220464 -0.000291517 -0.000176 -0.000236676 -0.000502366 -0.000487158 -0.000506211 -0.000493074 -0.000695266 -0.000698522 -0.000694993 -0.000697836 -0.000780404 -0.000779707 -0.00078041 -0.000779795 -0.000726223 -0.000726372 -0.000726226 -0.000726359 -0.000546606 -0.000546574 -0.000546605 -0.000546576 -0.00028035 -0.000280357 -0.000280351 -0.000280357 1.57228e-05 1.57243e-05 1.57229e-05 1.57242e-05 0.000281057 0.000281057 0.000281057 0.000281057 0.000463499 0.000463499 0.000463499 0.000463499 0.000528349 0.000528349 0.000528349 0.000528349
0.285 -0.000251012 -0.000325115 -0.000203179 -0.000267954 -0.000530376 -0.000514503 -0.000534605 -0.000520594 -0.000713308 -0.000716709 -0.000712987 -0.000716016 -0.000784508 -0.000783779 -0.000784521 -0.000783866 -0.00071577 -0.000715926 -0.000715772 -0.000715914 -0.000524751 -0.000524717 -0.00052475 -0.000524719 -0.000252461 -0.000252468 -0.000252461 -0.000252468 4.41954e-05 4.41969e-05 4.41954e-05 4.41969e-05 0.000306596 0.000306595 0.000306596 0.000306595 0.000485532 0.000485532 0.000485532 0.000485532 0.000548878 0.000548878 0.000548878 0.000548878
0.286 -0.00028132 -0.000357707 -0.000230618 -0.000298816 -0.000555272 -0.000538899 -0.000559841 -0.000545103 -0.000726359 -0.00072987 -0.000725993 -0.000729177 -0.000782887 -0.000782134 -0.000782906 -0.000782218 -0.000700233 -0.000700395 -0.000700234 -0.000700383 -0.000499552 -0.000499518 -0.000499551 -0.000499519 -0.000223586 -0.000223594 -0.000223586 -0.000223593 7.12343e-05 7.12359e-05 7.12344e-05 7.12359e-05 0.000328685 0.000328684 0.000328685 0.000328684 0.000502807 0.000502807 0.000502807 0.000502807 0.000564197 0.000564197 0.000564197 0.000564197
0.287 -0.000311076 -0.00038896 -0.000258034 -0.000328946 -0.000576798 -0.000560094 -0.000581659 -0.000566346 -0.000734292 -0.000737875 -0.000733884 -0.00073719 -0.000775577 -0.000774808 -0.000775603 -0.000774889 -0.000679793 -0.000679958 -0.000679793 -0.000679947 -0.000471265 -0.00047123 -0.000471265 -0.000471232 -0.000193959 -0.000193967 -0.00019396 -0.000193967 9.67094e-05 9.6711e-05 9.67094e-05 9.6711e-05 0.000347333 0.000347333 0.000347333 0.000347333 0.00051545 0.00051545 0.00051545 0.00051545 0.000574479 0.000574479 0.000574479 0.000574479
0.288 -0.000339975 -0.000418551 -0.000285145 -0.000358034 -0.000594731 -0.000577868 -0.000599833 -0.000584104 -0.000737031 -0.00074065 -0.000736587 -0.00073998 -0.00076267 -0.000761893 -0.000762702 -0.00076197 -0.000654673 -0.00065484 -0.000654672 -0.00065483 -0.000440165 -0.00044013 -0.000440165 -0.000440131 -0.000163813 -0.00016382 -0.000163813 -0.00016382 0.000120509 0.000120511 0.000120509 0.000120511 0.000362579 0.000362579 0.000362579 0.000362579 0.000523618 0.000523618 0.000523618 0.000523618 0.000579925 0.000579925 0.000579925 0.000579925
0.289 -0.000367718 -0.000446175 -0.000311669 -0.00038578 -0.000608887 -0.000592038 -0.000614177 -0.000598195 -0.000734556 -0.000738174 -0.00073408 -0.000737525 -0.000744312 -0.000743534 -0.00074435 -0.000743607 -0.000625135 -0.000625302 -0.000625133 -0.000625294 -0.000406545 -0.000406509 -0.000406545 -0.00040651 -0.000133372 -0.00013338 -0.000133372 -0.000133379 0.000142542 0.000142544 0.000142542 0.000142544 0.000374487 0.000374486 0.000374487 0.000374486 0.000527496 0.000527496 0.000527496 0.000527496 0.000580769 0.000580769 0.000580769 0.000580769
0.29 -0.000394019 -0.000471547 -0.000337332 -0.000411899 -0.000619122 -0.000602462 -0.000624544 -0.000608476 -0.000726901 -0.000730481 -0.000726397 -0.00072986 -0.0007207 -0.000719931 -0.000720744 -0.000719998 -0.00059148 -0.000591645 -0.000591476 -0.000591637 -0.000370708 -0.000370673 -0.000370708 -0.000370674 -0.000102856 -0.000102864 -0.000102856 -0.000102864 0.000162737 0.000162739 0.000162737 0.000162739 0.000383145 0.000383145 0.000383145 0.000383145 0.000527298 0.000527298 0.000527298 0.000527298 0.000577266 0.000577266 0.000577266 0.000577266
0.291 -0.000418608 -0.000494407 -0.000361871 -0.000436121 -0.000625334 -0.000609035 -0.000630833 -0.000614843 -0.000714152 -0.000717657 -0.000713627 -0.00071707 -0.000692083 -0.00069133 -0.000692132 -0.00069139 -0.000554035 -0.000554197 -0.000554031 -0.000554191 -0.00033297 -0.000332935 -0.00033297 -0.000332936 -7.24742e-05 -7.24817e-05 -7.24742e-05 -7.24816e-05 0.000181046 0.000181047 0.000181046 0.000181047 0.000388669 0.000388669 0.000388669 0.000388669 0.000523256 0.000523256 0.000523256 0.000523256 0.000569696 0.000569696 0.000569696 0.000569696
0.292 -0.000441231 -0.000514518 -0.000385031 -0.000458197 -0.000627465 -0.000611696 -0.000632983 -0.000617238 -0.00069645 -0.000699843 -0.000695909 -0.000699297 -0.000658754 -0.000658024 -0.000658807 -0.000658078 -0.000513161 -0.000513318 -0.000513156 -0.000513313 -0.000293649 -0.000293615 -0.000293649 -0.000293616 -4.24212e-05 -4.24285e-05 -4.24211e-05 -4.24284e-05 0.000197439 0.000197441 0.000197439 0.000197441 0.000391195 0.000391194 0.000391195 0.000391194 0.000515624 0.000515624 0.000515624 0.000515624 0.000558354 0.000558354 0.000558354 0.000558354
0.293 -0.000461657 -0.000531675 -0.000406575 -0.0004779 -0.0006255 -0.000610423 -0.000630981 -0.000615643 -0.000673985 -0.000677231 -0.000673433 -0.000676731 -0.000621049 -0.00062035 -0.000621106 -0.000620397 -0.000469237 -0.000469388 -0.000469231 -0.000469383 -0.000253067 -0.000253034 -0.000253067 -0.000253034 -1.28784e-05 -1.28854e-05 -1.28783e-05 -1.28854e-05 0.000211912 0.000211914 0.000211912 0.000211914 0.000390878 0.000390877 0.000390878 0.000390877 0.000504672 0.000504672 0.000504672 0.000504672 0.000543548 0.000543548 0.000543548 0.000543548
0.294 -0.000479675 -0.000545705 -0.000426281 -0.00049503 -0.000619468 -0.000605238 -0.000624855 -0.000610082 -0.000646993 -0.000650059 -0.000646436 -0.000649611 -0.000579343 -0.000578682 -0.000579403 -0.000578721 -0.000422664 -0.000422806 -0.000422657 -0.000422804 -0.000211542 -0.000211511 -0.000211543 -0.000211511 1.59888e-05 1.59822e-05 1.59889e-05 1.59821e-05 0.000224478 0.000224479 0.000224478 0.000224479 0.000387893 0.000387892 0.000387893 0.000387892 0.000490681 0.000490681 0.000490681 0.000490681 0.0005256 0.0005256 0.0005256 0.0005256
0.295 -0.000495104 -0.000556467 -0.000443948 -0.000509412 -0.000609441 -0.000596205 -0.000614678 -0.000600623 -0.000615758 -0.000618613 -0.000615202 -0.00061822 -0.000534043 -0.000533427 -0.000534106 -0.000533458 -0.000373856 -0.000373988 -0.000373848 -0.000373987 -0.000169389 -0.00016936 -0.00016939 -0.00016936 4.40321e-05 4.40259e-05 4.40323e-05 4.40258e-05 0.000235171 0.000235172 0.000235171 0.000235172 0.00038243 0.00038243 0.00038243 0.00038243 0.000473945 0.000473945 0.000473945 0.000473945 0.000504837 0.000504837 0.000504837 0.000504837
0.296 -0.000507787 -0.000563854 -0.000459396 -0.000520903 -0.000595532 -0.000583425 -0.000600566 -0.000587373 -0.000580603 -0.000583216 -0.000580053 -0.000582883 -0.000485585 -0.000485021 -0.00048565 -0.000485043 -0.000323237 -0.000323359 -0.000323228 -0.000323359 -0.000126915 -0.000126889 -0.000126917 -0.000126889 7.11207e-05 7.1115e-05 7.11209e-05 7.11149e-05 0.000244044 0.000244046 0.000244044 0.000244046 0.000374693 0.000374693 0.000374693 0.000374693 0.000454762 0.000454762 0.000454762 0.000454762 0.00048159 0.00048159 0.00048159 0.00048159
0.297 -0.000517599 -0.000567799 -0.00047247 -0.000529389 -0.000577896 -0.000567041 -0.000582674 -0.000570478 -0.000541886 -0.000544232 -0.000541348 -0.000543962 -0.00043443 -0.000433923 -0.000434497 -0.000433936 -0.000271237 -0.000271346 -0.000271228 -0.000271348 -8.44184e-05 -8.43948e-05 -8.44199e-05 -8.43941e-05 9.71414e-05 9.71362e-05 9.71416e-05 9.71361e-05 0.000251168 0.000251169 0.000251168 0.000251169 0.000364898 0.000364898 0.000364898 0.000364898 0.000433437 0.000433437 0.000433437 0.000433438 0.000456196 0.000456196 0.000456196 0.000456196
0.298 -0.000524444 -0.000568266 -0.000483038 -0.000534788 -0.000556722 -0.00054723 -0.000561196 -0.000550122 -0.000499999 -0.000502054 -0.000499479 -0.000501849 -0.000381055 -0.00038061 -0.000381122 -0.000380615 -0.000218287 -0.000218383 -0.000218277 -0.000218386 -4.21838e-05 -4.2163e-05 -4.21854e-05 -4.21621e-05 0.000121999 0.000121994 0.000121999 0.000121994 0.000256628 0.000256629 0.000256628 0.00025663 0.000353268 0.000353268 0.000353268 0.000353268 0.000410279 0.000410279 0.000410279 0.000410279 0.000428987 0.000428987 0.000428987 0.000428987
0.299 -0.000528258 -0.000565261 -0.000490998 -0.000537051 -0.000532237 -0.000524204 -0.00053636 -0.000526521 -0.000455359 -0.000457102 -0.000454862 -0.000456966 -0.00032595 -0.000325572 -0.000326017 -0.000325567 -0.000164815 -0.000164897 -0.000164805 -0.000164901 -4.83338e-07 -4.65609e-07 -4.85071e-07 -4.64478e-07 0.000145614 0.00014561 0.000145614 0.00014561 0.000260525 0.000260525 0.000260525 0.000260525 0.000340036 0.000340035 0.000340036 0.000340035 0.000385593 0.000385593 0.000385593 0.000385593 0.000400295 0.000400295 0.000400295 0.000400295
0.3 -0.000529007 -0.000558822 -0.000496272 -0.000536163 -0.000504697 -0.000498203 -0.000508428 -0.000499923 -0.000408406 -0.000409819 -0.000407937 -0.000409752 -0.000269612 -0.000269305 -0.000269678 -0.000269291 -0.000111243 -0.000111309 -0.000111232 -0.000111315 4.04261e-05 4.04406e-05 4.04242e-05 4.04419e-05 0.000167925 0.000167922 0.000167926 0.000167922 0.000262968 0.000262969 0.000262968 0.000262969 0.000325435 0.000325435 0.000325435 0.000325435 0.000359685 0.000359685 0.000359685 0.000359685 0.000370448 0.000370448 0.000370448 0.000370448
0.301 -0.000526692 -0.000549025 -0.000498811 -0.000532139 -0.000474387 -0.000469495 -0.000477688 -0.000470602 -0.000359593 -0.000360663 -0.000359157 -0.000360665 -0.000212538 -0.000212305 -0.000212603 -0.000212282 -5.79806e-05 -5.80315e-05 -5.79697e-05 -5.80381e-05 8.03038e-05 8.03149e-05 8.03018e-05 8.03164e-05 0.000188886 0.000188883 0.000188886 0.000188883 0.00026408 0.00026408 0.000264079 0.00026408 0.000309705 0.000309705 0.000309705 0.000309705 0.000332857 0.000332857 0.000332857 0.000332857 0.000339767 0.000339767 0.000339767 0.000339767
0.302 -0.000521343 -0.000535978 -0.000498595 -0.000525028 -0.000441615 -0.000438373 -0.000444452 -0.000438856 -0.000309384 -0.0003101 -0.000308986 -0.000310172 -0.000155223 -0.000155066 -0.000155286 -0.000155035 -5.42577e-06 -5.46045e-06 -5.41483e-06 -5.46822e-06 0.000118926 0.000118934 0.000118924 0.000118935 0.000208463 0.000208461 0.000208463 0.000208461 0.000263988 0.000263988 0.000263988 0.000263988 0.000293082 0.000293082 0.000293082 0.000293082 0.000305406 0.000305406 0.000305406 0.000305406 0.000308565 0.000308565 0.000308565 0.000308565
0.303 -0.000513021 -0.000519823 -0.000495632 -0.00051491 -0.000406709 -0.000405148 -0.000409053 -0.000405002 -0.000258248 -0.000258604 -0.000257891 -0.000258744 -9.81515e-05 -9.80711e-05 -9.82118e-05 -9.80322e-05 4.60419e-05 4.60238e-05 4.60528e-05 4.60149e-05 0.000156087 0.000156091 0.000156085 0.000156093 0.000226636 0.000226635 0.000226637 0.000226635 0.000262826 0.000262827 0.000262826 0.000262827 0.000275803 0.000275803 0.000275803 0.000275803 0.000277619 0.000277619 0.000277619 0.000277619 0.000277149 0.000277149 0.000277149 0.000277149
0.304 -0.000501817 -0.000500731 -0.000489955 -0.000501894 -0.000370011 -0.000370143 -0.00037184 -0.000369372 -0.000206651 -0.000206643 -0.000206339 -0.00020685 -4.17928e-05 -4.17904e-05 -4.18497e-05 -4.17438e-05 9.60624e-05 9.60611e-05 9.60732e-05 9.60512e-05 0.000191599 0.0001916 0.000191597 0.000191602 0.000243398 0.000243398 0.000243398 0.000243397 0.000260732 0.000260732 0.000260732 0.000260732 0.000258099 0.000258099 0.000258099 0.000258099 0.000249778 0.000249778 0.000249778 0.000249778 0.000245811 0.000245811 0.000245811 0.000245811
0.305 -0.000487849 -0.000478898 -0.000481628 -0.000486115 -0.000331875 -0.000333696 -0.000333169 -0.000332308 -0.000155052 -0.000154681 -0.000154789 -0.000154953 1.34019e-05 1.33263e-05 1.33489e-05 1.33801e-05 0.000144298 0.000144314 0.000144309 0.000144303 0.000225292 0.000225289 0.00022529 0.000225291 0.000258748 0.000258749 0.000258748 0.000258748 0.000257842 0.000257841 0.000257841 0.000257841 0.000240196 0.000240196 0.000240196 0.000240196 0.000222153 0.000222153 0.000222153 0.000222153 0.000214838 0.000214838 0.000214838 0.000214838
0.306 -0.000471261 -0.000454549 -0.000470736 -0.000467737 -0.000292659 -0.000296148 -0.000293407 -0.000294159 -0.0001039 -0.00010317 -0.000103687 -0.000103504 6.70045e-05 6.68519e-05 6.6956e-05 6.69123e-05 0.000190437 0.000190469 0.000190447 0.000190457 0.000257015 0.000257009 0.000257013 0.000257011 0.000272696 0.000272698 0.000272697 0.000272697 0.000254292 0.000254291 0.000254292 0.000254292 0.000222312 0.000222312 0.000222312 0.000222312 0.000195004 0.000195004 0.000195004 0.000195004 0.000184499 0.000184499 0.000184499 0.000184499
0.307 -0.000452221 -0.000427925 -0.000457391 -0.000446944 -0.000252724 -0.000257844 -0.000252918 -0.000255274 -5.36233e-05 -5.25432e-05 -5.34643e-05 -5.29358e-05 0.000118615 0.000118387 0.000118571 0.000118453 0.000234192 0.00023424 0.000234202 0.000234228 0.000286635 0.000286625 0.000286633 0.000286627 0.000285259 0.000285261 0.000285259 0.000285261 0.000250216 0.000250215 0.000250216 0.000250215 0.000204655 0.000204655 0.000204655 0.000204655 0.000168578 0.000168578 0.000168578 0.000168578 0.000155055 0.000155055 0.000155055 0.000155055
0.308 -0.000430918 -0.00039929 -0.000441726 -0.000423943 -0.000212428 -0.000219126 -0.000212067 -0.000216001 -4.6322e-06 -3.21247e-06 -4.5279e-06 -3.65971e-06 0.000167862 0.000167561 0.000167824 0.000167633 0.000275305 0.000275369 0.000275314 0.000275356 0.000314035 0.000314022 0.000314033 0.000314024 0.000296457 0.00029646 0.000296457 0.000296459 0.000245741 0.000245741 0.000245741 0.000245741 0.000187423 0.000187423 0.000187423 0.000187423 0.000143109 0.000143109 0.000143109 0.000143109 0.000126749 0.000126749 0.000126749 0.000126749
0.309 -0.000407561 -0.000368918 -0.000423894 -0.000398958 -0.000172121 -0.00018033 -0.000171208 -0.000176681 4.26909e-05 4.44359e-05 4.27394e-05 4.39384e-05 0.000214411 0.000214039 0.000214378 0.000214116 0.000313547 0.000313626 0.000313556 0.000313613 0.000339119 0.000339102 0.000339117 0.000339104 0.000306316 0.000306319 0.000306316 0.000306319 0.000240991 0.00024099 0.00024099 0.00024099 0.000170801 0.000170801 0.000170801 0.000170801 0.000118817 0.000118817 0.000118817 0.000118817 9.98122e-05 9.98122e-05 9.98122e-05 9.98122e-05
0.31 -0.000382372 -0.000337097 -0.000404066 -0.000372225 -0.000132143 -0.000141782 -0.000130688 -0.000137644 8.79921e-05 9.00453e-05 8.79844e-05 8.95023e-05 0.000257959 0.000257522 0.000257933 0.000257602 0.000348721 0.000348814 0.000348729 0.000348801 0.000361804 0.000361784 0.000361803 0.000361787 0.000314864 0.000314868 0.000314864 0.000314867 0.000236077 0.000236076 0.000236077 0.000236076 0.000154962 0.000154962 0.000154962 0.000154962 9.59059e-05 9.59059e-05 9.59059e-05 9.59059e-05 7.44593e-05 7.44593e-05 7.44593e-05 7.44593e-05
0.311 -0.000355588 -0.000304119 -0.000382428 -0.000343996 -9.28191e-05 -0.000103793 -9.08349e-05 -9.9207e-05 0.00013095 0.000133292 0.000130886 0.000132708 0.000298246 0.000297746 0.000298226 0.00029783 0.000380658 0.000380764 0.000380665 0.000380751 0.000382028 0.000382005 0.000382026 0.000382008 0.00032213 0.000322135 0.000322131 0.000322135 0.000231106 0.000231105 0.000231106 0.000231105 0.000140062 0.000140063 0.000140062 0.000140062 7.45647e-05 7.45647e-05 7.45647e-05 7.45647e-05 5.08888e-05 5.08888e-05 5.08888e-05 5.08888e-05
0.312 -0.000327454 -0.000270282 -0.000359182 -0.000314528 -5.44554e-05 -6.66615e-05 -5.1962e-05 -6.16691e-05 0.000171279 0.000173886 0.000171159 0.000173268 0.000335046 0.000334489 0.000335033 0.000334575 0.000409221 0.00040934 0.000409227 0.000409327 0.000399742 0.000399717 0.000399741 0.000399719 0.000328147 0.000328152 0.000328147 0.000328152 0.000226172 0.000226171 0.000226172 0.000226171 0.000126245 0.000126245 0.000126245 0.000126245 5.49648e-05 5.49647e-05 5.49648e-05 5.49647e-05 2.9282e-05 2.92821e-05 2.9282e-05 2.92821e-05
0.313 -0.000298223 -0.000235882 -0.000334537 -0.000284084 -1.73384e-05 -3.06621e-05 -1.43595e-05 -2.53098e-05 0.000208728 0.000211577 0.000208554 0.000210929 0.000368177 0.000367568 0.00036817 0.000367655 0.000434306 0.000434436 0.000434311 0.000434423 0.000414915 0.000414887 0.000414913 0.000414889 0.000332945 0.000332951 0.000332945 0.00033295 0.00022136 0.000221359 0.00022136 0.000221359 0.000113637 0.000113637 0.000113637 0.000113637 3.72599e-05 3.72598e-05 3.72599e-05 3.72598e-05 9.80273e-06 9.80276e-06 9.80274e-06 9.80276e-06
0.314 -0.000268152 -0.000201214 -0.000308711 -0.000252929 1.82692e-05 3.95016e-06 2.17059e-05 9.61408e-06 0.000243087 0.000246151 0.00024286 0.00024548 0.000397496 0.000396839 0.000397495 0.000396928 0.000455838 0.000455978 0.000455842 0.000455965 0.000427529 0.000427499 0.000427527 0.000427501 0.000336556 0.000336562 0.000336556 0.000336562 0.000216744 0.000216742 0.000216744 0.000216743 0.000102346 0.000102347 0.000102346 0.000102347 2.15855e-05 2.15854e-05 2.15855e-05 2.15854e-05 -7.40422e-06 -7.40419e-06 -7.40422e-06 -7.4042e-06
0.315 -0.000237497 -0.000166563 -0.000281929 -0.000221327 5.21303e-05 3.69446e-05 5.59929e-05 4.28701e-05 0.000274182 0.000277434 0.000273905 0.000276745 0.000422899 0.000422202 0.000422906 0.000422291 0.000473773 0.000473922 0.000473776 0.000473909 0.000437583 0.000437551 0.000437581 0.000437553 0.000339011 0.000339018 0.000339011 0.000339017 0.000212385 0.000212383 0.000212385 0.000212383 9.24667e-05 9.2467e-05 9.24667e-05 9.2467e-05 8.05797e-06 8.0579e-06 8.05797e-06 8.05791e-06 -2.22134e-05 -2.22133e-05 -2.22134e-05 -2.22133e-05
0.316 -0.000206512 -0.000132207 -0.000254416 -0.000189538 8.40346e-05 6.81159e-05 8.82881e-05 7.42518e-05 0.00030188 0.000305292 0.000301555 0.000304591 0.000444325 0.000443593 0.000444338 0.000443681 0.000488096 0.000488253 0.000488099 0.000488241 0.00044509 0.000445056 0.000445089 0.000445058 0.000340341 0.000340348 0.000340341 0.000340348 0.000208334 0.000208333 0.000208334 0.000208333 8.40733e-05 8.40736e-05 8.40733e-05 8.40736e-05 -3.22606e-06 -3.22614e-06 -3.22606e-06 -3.22613e-06 -3.45195e-05 -3.45195e-05 -3.45195e-05 -3.45195e-05
0.317 -0.000175446 -9.84095e-05 -0.000226399 -0.000157815 0.0001138 9.72855e-05 0.000118407 0.00010358 0.000326088 0.000329629 0.000325718 0.000328922 0.000461748 0.000460988 0.000461767 0.000461075 0.000498823 0.000498986 0.000498825 0.000498974 0.000450077 0.000450042 0.000450076 0.000450043 0.000340577 0.000340585 0.000340577 0.000340584 0.000204632 0.000204631 0.000204632 0.000204631 7.7224e-05 7.72244e-05 7.7224e-05 7.72244e-05 -1.21902e-05 -1.21903e-05 -1.21902e-05 -1.21903e-05 -4.42384e-05 -4.42384e-05 -4.42384e-05 -4.42384e-05
0.318 -0.000144542 -6.54196e-05 -0.000198101 -0.000126402 0.000141274 0.000124302 0.000146193 0.000130704 0.000346749 0.00035039 0.000346337 0.000349682 0.000475182 0.0004744 0.000475207 0.000474485 0.000505996 0.000506164 0.000505996 0.000506152 0.000452585 0.000452549 0.000452584 0.000452551 0.00033975 0.000339758 0.000339751 0.000339758 0.000201309 0.000201308 0.000201309 0.000201308 7.19596e-05 7.19599e-05 7.19596e-05 7.19599e-05 -1.87788e-05 -1.87788e-05 -1.87788e-05 -1.87788e-05 -5.13075e-05 -5.13075e-05 -5.13075e-05 -5.13075e-05
0.319 -0.00011403 -3.34692e-05 -0.000169742 -9.55306e-05 0.000166333 0.000149042 0.000171522 0.0001555 0.000363843 0.000367554 0.000363393 0.000366852 0.000484675 0.000483878 0.000484707 0.00048396 0.000509682 0.000509854 0.000509682 0.000509843 0.000452669 0.000452632 0.000452669 0.000452634 0.000337893 0.000337901 0.000337893 0.0003379 0.000198384 0.000198382 0.000198384 0.000198383 6.83035e-05 6.83039e-05 6.83035e-05 6.83039e-05 -2.29571e-05 -2.29572e-05 -2.29571e-05 -2.29572e-05 -5.56867e-05 -5.56866e-05 -5.56867e-05 -5.56867e-05
0.32 -8.41311e-05 -2.77108e-06 -0.000141534 -6.54193e-05 0.000188882 0.00017141 0.000194297 0.000177874 0.000377386 0.000381139 0.000376903 0.000380446 0.00049031 0.000489503 0.000490347 0.000489583 0.000509977 0.00051015 0.000509975 0.00051014 0.000450397 0.00045036 0.000450397 0.000450362 0.000335037 0.000335045 0.000335037 0.000335045 0.000195868 0.000195866 0.000195868 0.000195866 6.62626e-05 6.6263e-05 6.62626e-05 6.6263e-05 -2.47121e-05 -2.47122e-05 -2.47121e-05 -2.47122e-05 -5.73585e-05 -5.73585e-05 -5.73585e-05 -5.73585e-05
0.321 -5.50496e-05 2.64827e-05 -0.000113679 -3.62709e-05 0.000208854 0.000191336 0.000214452 0.000197758 0.000387429 0.000391194 0.000386916 0.000390516 0.000492198 0.000491389 0.000492241 0.000491465 0.000506996 0.00050717 0.000506993 0.000507161 0.000445851 0.000445813 0.000445851 0.000445815 0.000331218 0.000331226 0.000331218 0.000331226 0.000193762 0.000193761 0.000193762 0.000193761 6.58271e-05 6.58275e-05 6.58271e-05 6.58275e-05 -2.40519e-05 -2.4052e-05 -2.40519e-05 -2.4052e-05 -5.6329e-05 -5.63289e-05 -5.6329e-05 -5.63289e-05
0.322 -2.69757e-05 5.41217e-05 -8.6372e-05 -8.27111e-06 0.000226213 0.00020878 0.000231947 0.000215113 0.000394051 0.000397799 0.000393513 0.000397141 0.000490483 0.000489677 0.000490531 0.000489749 0.000500878 0.000501052 0.000500875 0.000501043 0.000439122 0.000439085 0.000439122 0.000439086 0.000326474 0.000326482 0.000326474 0.000326481 0.000192063 0.000192061 0.000192063 0.000192061 6.69717e-05 6.6972e-05 6.69717e-05 6.6972e-05 -2.10064e-05 -2.10065e-05 -2.10064e-05 -2.10065e-05 -5.26275e-05 -5.26274e-05 -5.26275e-05 -5.26274e-05
0.323 -8.24057e-08 7.99981e-05 -5.9792e-05 1.84126e-05 0.000240947 0.000223723 0.000246772 0.000229924 0.00039736 0.000401065 0.000396802 0.000400431 0.000485332 0.000484535 0.000485383 0.000484601 0.000491783 0.000491954 0.000491779 0.000491947 0.000430318 0.000430281 0.000430318 0.000430282 0.000320843 0.000320851 0.000320843 0.000320851 0.000190757 0.000190755 0.000190757 0.000190756 6.96556e-05 6.96559e-05 6.96556e-05 6.96559e-05 -1.56266e-05 -1.56267e-05 -1.56266e-05 -1.56267e-05 -4.63071e-05 -4.63071e-05 -4.63071e-05 -4.63071e-05
0.324 2.54753e-05 0.000103987 -3.41064e-05 4.36319e-05 0.000253069 0.000236173 0.000258941 0.000242202 0.000397492 0.000401128 0.000396917 0.000400522 0.000476934 0.000476151 0.000476989 0.000476213 0.000479887 0.000480055 0.000479881 0.000480049 0.000419555 0.000419519 0.000419556 0.00041952 0.000314372 0.000314379 0.000314372 0.000314379 0.000189829 0.000189827 0.000189829 0.000189827 7.38239e-05 7.38242e-05 7.38239e-05 7.38242e-05 -7.98487e-06 -7.98495e-06 -7.98487e-06 -7.98495e-06 -3.74445e-05 -3.74444e-05 -3.74445e-05 -3.74444e-05
0.325 4.95612e-05 0.000125987 -9.46753e-06 6.72584e-05 0.000262616 0.00024616 0.000268493 0.000251978 0.000394602 0.000398145 0.000394016 0.00039757 0.0004655 0.000464737 0.000465559 0.000464794 0.000465382 0.000465546 0.000465376 0.000465541 0.000406963 0.000406927 0.000406963 0.000406928 0.000307107 0.000307115 0.000307107 0.000307115 0.000189256 0.000189254 0.000189256 0.000189254 7.9408e-05 7.94084e-05 7.9408e-05 7.94084e-05 1.8261e-06 1.82602e-06 1.8261e-06 1.82602e-06 -2.61395e-05 -2.61395e-05 -2.61395e-05 -2.61395e-05
0.326 7.20582e-05 0.00014592 1.39877e-05 8.91837e-05 0.000269648 0.000253736 0.000275486 0.000259309 0.000388867 0.000392295 0.000388274 0.000391755 0.000451258 0.00045052 0.00045132 0.000450571 0.000448477 0.000448636 0.00044847 0.000448632 0.00039268 0.000392646 0.000392681 0.000392646 0.000299103 0.00029911 0.000299103 0.00029911 0.000189013 0.000189012 0.000189013 0.000189012 8.6327e-05 8.63274e-05 8.6327e-05 8.63274e-05 1.36935e-05 1.36935e-05 1.36936e-05 1.36935e-05 -1.25148e-05 -1.25148e-05 -1.25148e-05 -1.25148e-05
0.327 9.28689e-05 0.00016373 3.61385e-05 0.00010932 0.000274243 0.000258969 0.000280003 0.000264266 0.000380481 0.000383774 0.000379886 0.00038327 0.00043445 0.000433741 0.000434514 0.000433786 0.000429391 0.000429544 0.000429384 0.00042954 0.000376856 0.000376823 0.000376857 0.000376823 0.000290418 0.000290425 0.000290417 0.000290425 0.000189075 0.000189073 0.000189075 0.000189073 9.44882e-05 9.44886e-05 9.44882e-05 9.44886e-05 2.74857e-05 2.74856e-05 2.74857e-05 2.74856e-05 3.28502e-06 3.28505e-06 3.28501e-06 3.28505e-06
0.328 0.000111915 0.000179382 5.68808e-05 0.000127598 0.000276498 0.000261946 0.00028214 0.000266941 0.000369651 0.000372789 0.000369057 0.000372324 0.000415329 0.000414652 0.000415394 0.000414692 0.000408354 0.0004085 0.000408346 0.000408497 0.000359649 0.000359618 0.00035965 0.000359618 0.000281116 0.000281122 0.000281115 0.000281122 0.000189411 0.000189409 0.000189411 0.000189409 0.000103789 0.000103789 0.000103789 0.000103789 4.30528e-05 4.30527e-05 4.30528e-05 4.30527e-05 2.10944e-05 2.10944e-05 2.10944e-05 2.10944e-05
0.329 0.000129137 0.000192863 7.6127e-05 0.000143971 0.000276523 0.00026277 0.000282013 0.000267438 0.000356594 0.000359562 0.000356006 0.000359137 0.000394155 0.000393515 0.000394222 0.000393549 0.000385604 0.000385743 0.000385596 0.000385741 0.000341226 0.000341197 0.000341227 0.000341196 0.000271266 0.000271273 0.000271266 0.000271273 0.000189992 0.00018999 0.000189992 0.00018999 0.000114116 0.000114116 0.000114116 0.000114116 6.02283e-05 6.02283e-05 6.02283e-05 6.02283e-05 4.07281e-05 4.07281e-05 4.07281e-05 4.07281e-05
0.33 0.000144496 0.000204182 9.38065e-05 0.000158408 0.000274445 0.000261554 0.000279748 0.000265877 0.000341535 0.000344319 0.000340957 0.000343936 0.000371197 0.000370596 0.000371265 0.000370625 0.000361387 0.000361517 0.000361378 0.000361516 0.000321762 0.000321734 0.000321763 0.000321734 0.000260945 0.000260951 0.000260945 0.000260951 0.000190789 0.000190787 0.000190789 0.000190787 0.000125349 0.000125349 0.000125349 0.000125349 7.88304e-05 7.88304e-05 7.88304e-05 7.88304e-05 6.19827e-05 6.19828e-05 6.19827e-05 6.19828e-05
0.331 0.000157969 0.000213362 0.000109865 0.000170898 0.000270398 0.000258425 0.000275485 0.000262387 0.000324707 0.000327294 0.000324142 0.000326954 0.000346725 0.000346166 0.000346792 0.000346189 0.000335951 0.000336071 0.000335942 0.000336071 0.000301436 0.00030141 0.000301437 0.000301409 0.000250233 0.000250239 0.000250233 0.000250239 0.000191772 0.000191771 0.000191772 0.000191771 0.000137361 0.000137361 0.000137361 0.000137361 9.86636e-05 9.86635e-05 9.86636e-05 9.86635e-05 8.46384e-05 8.46385e-05 8.46384e-05 8.46385e-05
0.332 0.00016955 0.000220447 0.000124265 0.000181448 0.000264527 0.000253517 0.000269371 0.000257106 0.000306341 0.000308722 0.000305794 0.000308425 0.000321009 0.000320494 0.000321076 0.000320511 0.000309547 0.000309658 0.000309538 0.000309659 0.000280433 0.000280409 0.000280434 0.000280408 0.000239215 0.00023922 0.000239215 0.00023922 0.000192914 0.000192913 0.000192914 0.000192913 0.000150018 0.000150018 0.000150018 0.000150018 0.00011952 0.00011952 0.00011952 0.00011952 0.000108461 0.000108461 0.000108461 0.000108461
0.333 0.000179251 0.000225495 0.000136983 0.000190079 0.000256985 0.000246972 0.000261561 0.00025018 0.000286673 0.00028884 0.000286146 0.000288586 0.000294319 0.00029385 0.000294385 0.000293862 0.000282428 0.000282529 0.000282418 0.000282531 0.000258942 0.00025892 0.000258944 0.000258919 0.000227981 0.000227986 0.000227981 0.000227986 0.000194188 0.000194187 0.000194188 0.000194187 0.000163184 0.000163184 0.000163184 0.000163184 0.000141184 0.000141184 0.000141184 0.000141184 0.000133204 0.000133204 0.000133204 0.000133204
0.334 0.000187099 0.000228579 0.000148012 0.000196829 0.000247929 0.000238936 0.000252216 0.00024176 0.000265934 0.000267882 0.000265431 0.000267671 0.000266921 0.000266499 0.000266986 0.000266505 0.000254844 0.000254935 0.000254834 0.000254937 0.000237154 0.000237134 0.000237156 0.000237134 0.000216625 0.000216629 0.000216624 0.000216629 0.000195569 0.000195568 0.000195569 0.000195568 0.000176717 0.000176717 0.000176717 0.000176717 0.000163428 0.000163428 0.000163428 0.000163428 0.000158612 0.000158612 0.000158612 0.000158612
0.335 0.000193133 0.000229784 0.000157358 0.000201748 0.000237517 0.000229562 0.000241499 0.000231998 0.000244353 0.000246079 0.000243876 0.00024591 0.000239075 0.0002387 0.000239138 0.000238702 0.000227042 0.000227123 0.000227033 0.000227126 0.00021526 0.000215243 0.000215262 0.000215242 0.000205242 0.000205246 0.000205242 0.000205246 0.000197033 0.000197032 0.000197033 0.000197032 0.000190475 0.000190475 0.000190475 0.000190475 0.000186023 0.000186023 0.000186023 0.000186023 0.00018442 0.00018442 0.00018442 0.00018442
0.336 0.000197407 0.000229205 0.000165042 0.0002049 0.000225914 0.000219 0.000229575 0.000221052 0.000222153 0.000223655 0.000221705 0.000223528 0.000211034 0.000210707 0.000211095 0.000210704 0.000199265 0.000199336 0.000199256 0.00019934 0.00019345 0.000193435 0.000193452 0.000193434 0.000193931 0.000193934 0.000193931 0.000193934 0.000198558 0.000198557 0.000198558 0.000198557 0.000204315 0.000204315 0.000204315 0.000204315 0.000208735 0.000208735 0.000208735 0.000208735 0.000210362 0.000210362 0.000210362 0.000210362
0.337 0.000199985 0.000226948 0.000171096 0.000206358 0.00021328 0.000207405 0.000216609 0.000209078 0.000199551 0.00020083 0.000199133 0.000200743 0.000183042 0.000182763 0.0001831 0.000182756 0.000171749 0.00017181 0.00017174 0.000171814 0.000171912 0.000171899 0.000171914 0.000171898 0.000182789 0.000182792 0.000182789 0.000182792 0.000200124 0.000200124 0.000200124 0.000200124 0.000218095 0.000218095 0.000218095 0.000218095 0.000231329 0.000231329 0.000231329 0.000231329 0.000236169 0.000236169 0.000236169 0.000236169
0.338 0.000200942 0.000223125 0.000175563 0.000206206 0.000199776 0.000194929 0.000202767 0.000196231 0.000176756 0.000177814 0.00017637 0.000177765 0.000155333 0.000155102 0.000155388 0.00015509 0.000144721 0.000144771 0.000144712 0.000144776 0.000150828 0.000150817 0.00015083 0.000150816 0.000171914 0.000171917 0.000171914 0.000171917 0.000201713 0.000201712 0.000201713 0.000201712 0.000231674 0.000231674 0.000231674 0.000231674 0.000253572 0.000253572 0.000253572 0.000253572 0.000261571 0.000261571 0.000261571 0.000261571
0.339 0.000200362 0.000217857 0.000178498 0.000204537 0.000185562 0.000181723 0.000188209 0.000182664 0.000153967 0.000154808 0.000153614 0.000154796 0.000128129 0.000127945 0.000128182 0.00012793 0.000118399 0.000118439 0.00011839 0.000118444 0.000130375 0.000130367 0.000130377 0.000130366 0.000161402 0.000161404 0.000161402 0.000161404 0.000203305 0.000203305 0.000203305 0.000203305 0.000244915 0.000244915 0.000244915 0.000244915 0.000275235 0.000275235 0.000275235 0.000275235 0.000286307 0.000286307 0.000286307 0.000286307
0.34 0.000198336 0.000211268 0.000179962 0.00020145 0.000170793 0.000167936 0.000173094 0.000168529 0.000131375 0.000132004 0.000131056 0.000132026 0.000101641 0.000101503 0.000101691 0.000101484 9.29873e-05 9.30177e-05 9.2979e-05 9.3023e-05 0.000110723 0.000110716 0.000110724 0.000110715 0.000151343 0.000151344 0.000151343 0.000151345 0.000204885 0.000204885 0.000204885 0.000204884 0.000257684 0.000257684 0.000257684 0.000257684 0.000296095 0.000296095 0.000296095 0.000296095 0.000310119 0.000310119 0.000310119 0.000310119
0.341 0.000194963 0.000203485 0.000180029 0.000197049 0.000155619 0.000153713 0.000157576 0.000153972 0.000109157 0.000109582 0.000108873 0.000109637 7.60656e-05 7.59712e-05 7.61112e-05 7.59492e-05 6.8681e-05 6.87019e-05 6.8673e-05 6.87074e-05 9.20287e-05 9.20241e-05 9.20302e-05 9.20229e-05 0.000141824 0.000141825 0.000141824 0.000141826 0.000206435 0.000206434 0.000206435 0.000206434 0.000269854 0.000269854 0.000269854 0.000269854 0.000315937 0.000315937 0.000315937 0.000315937 0.000332761 0.000332761 0.000332761 0.000332761
0.342 0.000190345 0.000194637 0.000178776 0.000191445 0.000140188 0.000139193 0.000141804 0.000139136 8.74836e-05 8.77121e-05 8.72345e-05 8.77971e-05 5.15845e-05 5.15325e-05 5.16265e-05 5.15077e-05 4.56589e-05 4.56707e-05 4.56514e-05 4.56765e-05 7.44417e-05 7.4439e-05 7.44431e-05 7.44378e-05 0.000132927 0.000132927 0.000132927 0.000132928 0.000207938 0.000207938 0.000207938 0.000207938 0.000281303 0.000281303 0.000281303 0.000281303 0.00033456 0.00033456 0.00033456 0.00033456 0.000354 0.000354 0.000354 0.000354
0.343 0.000184591 0.000184858 0.000176288 0.00018475 0.000124641 0.000124514 0.000125923 0.000124159 6.65111e-05 6.65524e-05 6.62971e-05 6.66652e-05 2.83662e-05 2.83545e-05 2.84043e-05 2.83274e-05 2.40853e-05 2.40884e-05 2.40782e-05 2.40943e-05 5.80966e-05 5.80959e-05 5.8098e-05 5.80946e-05 0.000124723 0.000124723 0.000124723 0.000124723 0.000209378 0.000209378 0.000209378 0.000209377 0.000291916 0.000291916 0.000291916 0.000291916 0.000351774 0.000351774 0.000351774 0.000351774 0.000373617 0.000373617 0.000373617 0.000373617
0.344 0.00017781 0.000174277 0.000172656 0.00017708 0.000109113 0.000109806 0.000110069 0.000109173 4.63853e-05 4.62496e-05 4.6206e-05 4.63878e-05 6.56328e-06 6.58976e-06 6.59746e-06 6.56054e-06 4.10806e-06 4.10291e-06 4.10144e-06 4.10895e-06 4.31145e-05 4.31155e-05 4.31158e-05 4.31142e-05 0.000117277 0.000117277 0.000117276 0.000117277 0.000210736 0.000210736 0.000210736 0.000210736 0.000301589 0.000301589 0.000301589 0.000301589 0.000367404 0.000367404 0.000367404 0.000367404 0.000391412 0.000391412 0.000391412 0.000391412
0.345 0.000170115 0.000163027 0.000167972 0.000168553 9.3734e-05 9.51951e-05 9.43755e-05 9.43046e-05 2.72401e-05 2.69386e-05 2.70951e-05 2.70996e-05 -1.36872e-05 -1.36249e-05 -1.3657e-05 -1.36559e-05 -1.41419e-05 -1.41548e-05 -1.4148e-05 -1.41487e-05 2.96006e-05 2.96033e-05 2.96019e-05 2.96021e-05 0.000110643 0.000110642 0.000110642 0.000110642 0.000211994 0.000211994 0.000211994 0.000211994 0.000310223 0.000310223 0.000310223 0.000310223 0.000381292 0.000381292 0.000381292 0.000381292 0.000407205 0.000407205 0.000407205 0.000407205
0.346 0.000161621 0.000151235 0.000162336 0.000159286 7.86264e-05 8.08002e-05 7.89659e-05 7.96741e-05 9.19776e-06 8.74229e-06 9.08624e-06 8.92353e-06 -3.22641e-05 -3.21685e-05 -3.22379e-05 -3.22008e-05 -3.05518e-05 -3.05719e-05 -3.05574e-05 -3.05658e-05 1.76441e-05 1.76483e-05 1.76452e-05 1.76471e-05 0.000104864 0.000104863 0.000104864 0.000104863 0.000213132 0.000213132 0.000213132 0.000213132 0.000317731 0.000317731 0.000317731 0.000317731 0.000393299 0.000393299 0.000393299 0.000393299 0.000420836 0.000420836 0.000420836 0.000420836
0.347 0.000152443 0.000139031 0.000155847 0.000149397 6.39067e-05 6.67351e-05 6.39586e-05 6.53961e-05 -7.63117e-06 -8.2282e-06 -7.71023e-06 -8.02937e-06 -4.90624e-05 -4.89363e-05 -4.90402e-05 -4.89696e-05 -4.50273e-05 -4.5054e-05 -4.50323e-05 -4.50479e-05 7.31616e-06 7.3218e-06 7.31722e-06 7.32065e-06 9.9972e-05 9.99708e-05 9.99718e-05 9.9971e-05 0.000214128 0.000214128 0.000214128 0.000214128 0.000324037 0.000324037 0.000324037 0.000324037 0.000403307 0.000403307 0.000403307 0.000403307 0.000432172 0.000432172 0.000432172 0.000432172
0.348 0.000142694 0.000126537 0.000148608 0.000139004 4.96846e-05 5.31073e-05 4.94649e-05 5.15784e-05 -2.31479e-05 -2.38736e-05 -2.31958e-05 -2.36599e-05 -6.39935e-05 -6.38396e-05 -6.39752e-05 -6.38735e-05 -5.74932e-05 -5.75259e-05 -5.74977e-05 -5.75199e-05 -1.32992e-06 -1.32297e-06 -1.32895e-06 -1.32409e-06 9.59868e-05 9.59853e-05 9.59866e-05 9.59855e-05 0.000214959 0.00021496 0.000214959 0.000214959 0.000329075 0.000329075 0.000329075 0.000329075 0.000411217 0.000411217 0.000411217 0.000411217 0.000441103 0.000441103 0.000441103 0.000441103
0.349 0.000132489 0.000113876 0.00014072 0.00012822 3.60626e-05 4.00178e-05 3.55888e-05 3.83225e-05 -3.72655e-05 -3.81066e-05 -3.72835e-05 -3.78805e-05 -7.69853e-05 -7.68063e-05 -7.69708e-05 -7.68406e-05 -6.78938e-05 -6.79319e-05 -6.78978e-05 -6.79261e-05 -8.2597e-06 -8.25158e-06 -8.25882e-06 -8.25265e-06 9.2915e-05 9.29133e-05 9.29148e-05 9.29135e-05 0.000215601 0.000215601 0.000215601 0.000215601 0.000332789 0.000332789 0.000332789 0.000332789 0.000416952 0.000416952 0.000416952 0.000416952 0.000447543 0.000447543 0.000447543 0.000447543
0.35 0.00012194 0.000101165 0.000132288 0.00011716 2.31368e-05 2.75613e-05 2.24272e-05 2.57232e-05 -4.99085e-05 -5.08514e-05 -4.98982e-05 -5.06155e-05 -8.79819e-05 -8.77809e-05 -8.79712e-05 -8.78153e-05 -7.61932e-05 -7.62361e-05 -7.61966e-05 -7.62305e-05 -1.34577e-05 -1.34486e-05 -1.34569e-05 -1.34496e-05 9.07508e-05 9.07488e-05 9.07506e-05 9.0749e-05 0.000216027 0.000216028 0.000216027 0.000216027 0.000335136 0.000335136 0.000335136 0.000335136 0.00042046 0.00042046 0.00042046 0.00042046 0.000451436 0.000451436 0.000451436 0.000451436
0.351 0.000111156 8.85166e-05 0.000123416 0.000105936 1.09957e-05 1.58257e-05 1.00698e-05 1.38686e-05 -6.10131e-05 -6.2044e-05 -6.09762e-05 -6.18011e-05 -9.69442e-05 -9.6724e-05 -9.69372e-05 -9.67582e-05 -8.2375e-05 -8.24221e-05 -8.23778e-05 -8.24166e-05 -1.69276e-05 -1.69175e-05 -1.69269e-05 -1.69185e-05 8.94754e-05 8.94733e-05 8.94752e-05 8.94734e-05 0.00021621 0.00021621 0.00021621 0.00021621 0.000336087 0.000336087 0.000336087 0.000336087 0.000421709 0.000421709 0.000421709 0.000421709 0.000452751 0.000452751 0.000452751 0.000452751
0.352 0.000100246 7.60405e-05 0.000114204 9.46541e-05 -2.79204e-07 4.89216e-06 -1.40117e-06 2.83961e-06 -7.05271e-05 -7.16324e-05 -7.04655e-05 -7.13848e-05 -0.000103849 -0.000103613 -0.000103846 -0.000103647 -8.64426e-05 -8.64931e-05 -8.64448e-05 -8.64879e-05 -1.86917e-05 -1.86809e-05 -1.86911e-05 -1.86818e-05 8.90577e-05 8.90554e-05 8.90576e-05 8.90556e-05 0.00021612 0.000216121 0.00021612 0.000216121 0.000335622 0.000335622 0.000335622 0.000335622 0.000420691 0.000420691 0.000420691 0.000420691 0.000451484 0.000451484 0.000451484 0.000451484
0.353 8.93144e-05 6.38405e-05 0.000104755 8.34199e-05 -1.06136e-05 -5.16497e-06 -1.19109e-05 -7.28958e-06 -7.84099e-05 -7.95758e-05 -7.83256e-05 -7.9326e-05 -0.000108691 -0.000108441 -0.000108691 -0.000108474 -8.84185e-05 -8.84719e-05 -8.84202e-05 -8.8467e-05 -1.8791e-05 -1.87796e-05 -1.87905e-05 -1.87804e-05 8.94546e-05 8.94522e-05 8.94545e-05 8.94523e-05 0.000215729 0.00021573 0.000215729 0.00021573 0.000333734 0.000333734 0.000333734 0.000333734 0.00041742 0.00041742 0.00041742 0.00041742 0.000447658 0.000447658 0.000447658 0.000447658
0.354 7.84622e-05 5.20158e-05 9.51677e-05 7.2334e-05 -1.99409e-05 -1.42786e-05 -2.13922e-05 -1.64522e-05 -8.46328e-05 -8.58455e-05 -8.45276e-05 -8.5596e-05 -0.000111478 -0.000111218 -0.000111481 -0.00011125 -8.83444e-05 -8.84e-05 -8.83456e-05 -8.83955e-05 -1.72841e-05 -1.72722e-05 -1.72837e-05 -1.72729e-05 9.06114e-05 9.06089e-05 9.06113e-05 9.0609e-05 0.000215006 0.000215007 0.000215006 0.000215007 0.000330428 0.000330428 0.000330428 0.000330428 0.000411931 0.000411931 0.000411931 0.000411931 0.00044132 0.00044132 0.00044132 0.00044132
0.355 6.7787e-05 4.066e-05 8.55387e-05 6.14931e-05 -2.8202e-05 -2.23888e-05 -2.97859e-05 -2.45888e-05 -8.91783e-05 -9.04244e-05 -8.90544e-05 -9.01773e-05 -0.000112237 -0.00011197 -0.000112243 -0.000112 -8.62799e-05 -8.63372e-05 -8.62806e-05 -8.6333e-05 -1.42464e-05 -1.42341e-05 -1.42461e-05 -1.42348e-05 9.24632e-05 9.24605e-05 9.24631e-05 9.24606e-05 0.000213921 0.000213922 0.000213921 0.000213922 0.000325722 0.000325722 0.000325722 0.000325722 0.000404283 0.000404283 0.000404283 0.000404283 0.000432544 0.000432544 0.000432544 0.000432544
0.356 5.73824e-05 2.98612e-05 7.59621e-05 5.09895e-05 -3.53458e-05 -2.94433e-05 -3.70405e-05 -3.16478e-05 -9.20409e-05 -9.33071e-05 -9.19005e-05 -9.30647e-05 -0.000111007 -0.000110736 -0.000111016 -0.000110765 -8.23025e-05 -8.23608e-05 -8.23027e-05 -8.2357e-05 -9.7692e-06 -9.75668e-06 -9.76897e-06 -9.75727e-06 9.49354e-05 9.49327e-05 9.49354e-05 9.49328e-05 0.000212445 0.000212446 0.000212445 0.000212446 0.000319644 0.000319644 0.000319644 0.000319644 0.000394552 0.000394552 0.000394552 0.000394552 0.000421426 0.000421426 0.000421426 0.000421426
0.357 4.73374e-05 1.97017e-05 6.6529e-05 4.09105e-05 -4.13292e-05 -3.53977e-05 -4.31132e-05 -3.75854e-05 -9.32268e-05 -9.45001e-05 -9.3072e-05 -9.42645e-05 -0.000107846 -0.000107573 -0.000107858 -0.0001076 -7.6506e-05 -7.65648e-05 -7.65058e-05 -7.65613e-05 -3.95812e-06 -3.94551e-06 -3.95798e-06 -3.94602e-06 9.79455e-05 9.79428e-05 9.79455e-05 9.79429e-05 0.000210549 0.00021055 0.000210549 0.00021055 0.000312234 0.000312234 0.000312234 0.000312234 0.000382834 0.000382834 0.000382834 0.000382834 0.000408083 0.000408083 0.000408083 0.000408083
0.358 3.7736e-05 1.02574e-05 5.73266e-05 3.13385e-05 -4.61177e-05 -4.02157e-05 -4.79695e-05 -4.23659e-05 -9.27539e-05 -9.40217e-05 -9.25869e-05 -9.3795e-05 -0.000102825 -0.000102552 -0.000102838 -0.000102578 -6.89999e-05 -6.90584e-05 -6.89991e-05 -6.90553e-05 3.06816e-06 3.08073e-06 3.06821e-06 3.08031e-06 0.000101404 0.000101401 0.000101404 0.000101401 0.000208208 0.000208208 0.000208208 0.000208208 0.000303542 0.000303542 0.000303542 0.000303542 0.000369243 0.000369243 0.000369243 0.000369243 0.000392654 0.000392654 0.000392654 0.000392654
0.359 2.86574e-05 1.59814e-06 4.84381e-05 2.23503e-05 -4.96851e-05 -4.38692e-05 -5.15835e-05 -4.59623e-05 -9.06521e-05 -9.19022e-05 -9.04751e-05 -9.16862e-05 -9.60269e-05 -9.57582e-05 -9.60423e-05 -9.57814e-05 -5.99076e-05 -5.99654e-05 -5.99065e-05 -5.99627e-05 1.11796e-05 1.11921e-05 1.11796e-05 1.11917e-05 0.000105216 0.000105213 0.000105216 0.000105213 0.000205395 0.000205396 0.000205395 0.000205396 0.00029363 0.00029363 0.00029363 0.00029363 0.000353908 0.000353908 0.000353908 0.000353908 0.000375293 0.000375293 0.000375293 0.000375293
0.36 2.0175e-05 -6.21326e-06 3.99424e-05 1.40169e-05 -5.20146e-05 -4.6339e-05 -5.39388e-05 -4.83563e-05 -8.69628e-05 -8.81836e-05 -8.6778e-05 -8.79801e-05 -8.75517e-05 -8.72892e-05 -8.7569e-05 -8.73102e-05 -4.9366e-05 -4.94225e-05 -4.93645e-05 -4.94202e-05 2.02367e-05 2.02489e-05 2.02366e-05 2.02486e-05 0.000109283 0.00010928 0.000109283 0.00010928 0.000202092 0.000202092 0.000202092 0.000202092 0.000282566 0.000282566 0.000282566 0.000282566 0.000336971 0.000336971 0.000336971 0.000336971 0.000356171 0.000356171 0.000356171 0.000356171
0.361 1.23565e-05 -1.31209e-05 3.19136e-05 6.40328e-06 -5.30983e-05 -4.76148e-05 -5.5028e-05 -4.95385e-05 -8.17395e-05 -8.29197e-05 -8.1549e-05 -8.27303e-05 -7.75104e-05 -7.72564e-05 -7.75293e-05 -7.72751e-05 -3.75231e-05 -3.75777e-05 -3.75212e-05 -3.75759e-05 3.00921e-05 3.01039e-05 3.00919e-05 3.01037e-05 0.000113503 0.000113501 0.000113503 0.000113501 0.000198279 0.00019828 0.000198279 0.00019828 0.00027043 0.00027043 0.00027043 0.00027043 0.000318588 0.000318588 0.000318588 0.000318588 0.000335472 0.000335472 0.000335472 0.000335472
0.362 5.26342e-06 -1.90762e-05 2.44204e-05 -4.32142e-07 -5.29379e-05 -4.76954e-05 -5.48533e-05 -4.9509e-05 -7.50469e-05 -7.6176e-05 -7.48529e-05 -7.60022e-05 -6.60263e-05 -6.57831e-05 -6.60464e-05 -6.57993e-05 -2.45369e-05 -2.45892e-05 -2.45347e-05 -2.45878e-05 4.05926e-05 4.06039e-05 4.05924e-05 4.06038e-05 0.000117776 0.000117773 0.000117776 0.000117773 0.000193944 0.000193945 0.000193944 0.000193945 0.000257308 0.000257308 0.000257308 0.000257308 0.000298924 0.000298924 0.000298924 0.000298924 0.000313391 0.000313391 0.000313391 0.000313391
0.363 -1.04935e-06 -2.40382e-05 1.75262e-05 -6.43764e-06 -5.15448e-05 -4.65893e-05 -5.3427e-05 -4.82774e-05 -6.69613e-05 -6.80294e-05 -6.67658e-05 -6.78725e-05 -5.32336e-05 -5.30034e-05 -5.32548e-05 -5.30169e-05 -1.05737e-05 -1.06233e-05 -1.05712e-05 -1.06223e-05 5.15813e-05 5.1592e-05 5.1581e-05 5.1592e-05 0.000121999 0.000121997 0.000121999 0.000121997 0.000189078 0.000189078 0.000189078 0.000189078 0.000243294 0.000243293 0.000243294 0.000243293 0.000278151 0.000278151 0.000278151 0.000278151 0.00029013 0.00029013 0.00029013 0.00029013
0.364 -6.53367e-06 -2.79741e-05 1.12883e-05 -1.15686e-05 -4.89402e-05 -4.43145e-05 -5.0771e-05 -4.5863e-05 -5.75701e-05 -5.85679e-05 -5.73752e-05 -5.84293e-05 -3.92766e-05 -3.90614e-05 -3.92987e-05 -3.90723e-05 4.19368e-06 4.14728e-06 4.19642e-06 4.14778e-06 6.28995e-05 6.29095e-05 6.28991e-05 6.29095e-05 0.000126076 0.000126074 0.000126076 0.000126074 0.000183677 0.000183677 0.000183677 0.000183677 0.000228485 0.000228485 0.000228485 0.000228485 0.000256448 0.000256448 0.000256448 0.000256448 0.000265898 0.000265898 0.000265898 0.000265898
0.365 -1.11486e-05 -3.08591e-05 5.75796e-06 -1.5788e-05 -4.51553e-05 -4.08987e-05 -4.69175e-05 -4.22948e-05 -4.69714e-05 -4.78904e-05 -4.67789e-05 -4.7771e-05 -2.43086e-05 -2.41102e-05 -2.43313e-05 -2.41184e-05 1.95876e-05 1.95448e-05 1.95906e-05 1.95449e-05 7.43882e-05 7.43975e-05 7.43878e-05 7.43976e-05 0.000129911 0.000129909 0.000129911 0.000129909 0.000177743 0.000177743 0.000177743 0.000177744 0.000212988 0.000212988 0.000212988 0.000212988 0.000233997 0.000233997 0.000233997 0.000233997 0.000240907 0.000240907 0.000240907 0.000240907
0.366 -1.48608e-05 -3.26771e-05 9.79571e-07 -1.90662e-05 -4.02315e-05 -3.63794e-05 -4.19088e-05 -3.76119e-05 -3.52733e-05 -3.61058e-05 -3.50852e-05 -3.60065e-05 -8.49038e-06 -8.31049e-06 -8.51343e-06 -8.31584e-06 3.54276e-05 3.53887e-05 3.54308e-05 3.53884e-05 8.5891e-05 8.58994e-05 8.58905e-05 8.58996e-05 0.000133414 0.000133413 0.000133415 0.000133413 0.000171284 0.000171284 0.000171284 0.000171284 0.00019691 0.00019691 0.00019691 0.00019691 0.000210982 0.000210982 0.000210982 0.000210982 0.000215367 0.000215367 0.000215367 0.000215367
0.367 -1.76445e-05 -3.34208e-05 -3.00928e-06 -2.13819e-05 -3.42198e-05 -3.08039e-05 -3.5797e-05 -3.1863e-05 -2.25935e-05 -2.33328e-05 -2.24116e-05 -2.32542e-05 8.01093e-06 8.17086e-06 7.98775e-06 8.1683e-06 5.1532e-05 5.14974e-05 5.15353e-05 5.14966e-05 9.72549e-05 9.72624e-05 9.72543e-05 9.72626e-05 0.000136505 0.000136503 0.000136505 0.000136503 0.000164313 0.000164313 0.000164313 0.000164313 0.000180362 0.000180362 0.000180363 0.000180362 0.000187587 0.000187587 0.000187587 0.000187587 0.000189491 0.000189491 0.000189491 0.000189491
0.368 -1.94822e-05 -3.30917e-05 -6.17825e-06 -2.2722e-05 -2.71813e-05 -2.42291e-05 -2.86445e-05 -2.51067e-05 -9.05873e-06 -9.69875e-06 -8.88459e-06 -9.64146e-06 2.50233e-05 2.5162e-05 2.50002e-05 2.51622e-05 6.77197e-05 6.76897e-05 6.77231e-05 6.76885e-05 0.000108333 0.000108339 0.000108332 0.00010834 0.000139106 0.000139105 0.000139106 0.000139105 0.000156849 0.00015685 0.000156849 0.00015685 0.000163459 0.000163458 0.000163459 0.000163458 0.000163994 0.000163994 0.000163994 0.000163994 0.000163483 0.000163483 0.000163483 0.000163483
0.369 -2.03646e-05 -3.17007e-05 -8.50446e-06 -2.30816e-05 -1.91865e-05 -1.67211e-05 -2.05229e-05 -1.74107e-05 5.19677e-06 4.66105e-06 5.36153e-06 4.69672e-06 4.23712e-05 4.24875e-05 4.23484e-05 4.24905e-05 8.38123e-05 8.37871e-05 8.38158e-05 8.37855e-05 0.000118985 0.00011899 0.000118984 0.00011899 0.000141153 0.000141152 0.000141153 0.000141152 0.00014892 0.00014892 0.00014892 0.00014892 0.000146312 0.000146312 0.000146312 0.000146312 0.000140378 0.000140378 0.000140378 0.000140378 0.000137544 0.000137544 0.000137544 0.000137544
0.37 -2.02905e-05 -2.92677e-05 -9.97274e-06 -2.24648e-05 -1.03151e-05 -8.35523e-06 -1.15133e-05 -8.85195e-06 2.00317e-05 1.96044e-05 2.01856e-05 1.96183e-05 5.98774e-05 5.99704e-05 5.98551e-05 5.99761e-05 9.96355e-05 9.96152e-05 9.96391e-05 9.96132e-05 0.000129079 0.000129083 0.000129078 0.000129084 0.000142587 0.000142586 0.000142587 0.000142586 0.000140554 0.000140554 0.000140554 0.000140555 0.000129037 0.000129037 0.000129037 0.000129037 0.000116914 0.000116914 0.000116914 0.000116914 0.000111867 0.000111867 0.000111867 0.000111867
0.371 -1.92678e-05 -2.58221e-05 -1.05758e-05 -2.08839e-05 -6.55338e-07 7.84943e-07 -1.70537e-06 4.84162e-07 3.52991e-05 3.49832e-05 3.54409e-05 3.49754e-05 7.73641e-05 7.74333e-05 7.73426e-05 7.74416e-05 0.000115021 0.000115006 0.000115024 0.000115003 0.000138494 0.000138498 0.000138494 0.000138498 0.000143362 0.000143362 0.000143362 0.000143361 0.000131791 0.000131791 0.000131791 0.000131791 0.000111746 0.000111746 0.000111746 0.000111746 9.37632e-05 9.37632e-05 9.37632e-05 9.37632e-05 8.66347e-05 8.66347e-05 8.66347e-05 8.66347e-05
0.372 -1.73125e-05 -2.14021e-05 -1.03143e-05 -1.83605e-05 9.69645e-06 1.06079e-05 8.80314e-06 1.05043e-05 5.08476e-05 5.06452e-05 5.09759e-05 5.06159e-05 9.46553e-05 9.47001e-05 9.46347e-05 9.47109e-05 0.000129807 0.000129797 0.000129811 0.000129795 0.000147121 0.000147123 0.00014712 0.000147124 0.000143441 0.000143441 0.000143441 0.00014344 0.000122671 0.000122671 0.000122671 0.000122671 9.45485e-05 9.45484e-05 9.45485e-05 9.45484e-05 7.10831e-05 7.10831e-05 7.10831e-05 7.10831e-05 6.20181e-05 6.20181e-05 6.20181e-05 6.20181e-05
0.373 -1.44495e-05 -1.60554e-05 -9.19687e-06 -1.49243e-05 2.06367e-05 2.1015e-05 1.99072e-05 2.11081e-05 6.65226e-05 6.64347e-05 6.66365e-05 6.63844e-05 0.000111578 0.000111598 0.000111558 0.000111611 0.000143843 0.000143838 0.000143847 0.000143836 0.00015486 0.000154861 0.00015486 0.000154862 0.000142797 0.000142797 0.000142797 0.000142797 0.000113241 0.000113241 0.000113241 0.000113241 7.75526e-05 7.75526e-05 7.75526e-05 7.75526e-05 4.90192e-05 4.90192e-05 4.90192e-05 4.90192e-05 3.81765e-05 3.81765e-05 3.81765e-05 3.81765e-05
0.374 -1.07118e-05 -9.83794e-06 -7.2404e-06 -1.06139e-05 3.20557e-05 3.19012e-05 3.14953e-05 3.21886e-05 8.2168e-05 8.21946e-05 8.22665e-05 8.21238e-05 0.000127963 0.000127958 0.000127944 0.000127974 0.000156986 0.000156987 0.00015699 0.000156984 0.000161627 0.000161627 0.000161626 0.000161628 0.000141416 0.000141416 0.000141416 0.000141415 0.000103554 0.000103554 0.000103554 0.000103554 6.08611e-05 6.08611e-05 6.08611e-05 6.08611e-05 2.77063e-05 2.77063e-05 2.77063e-05 2.77063e-05 1.52553e-05 1.52553e-05 1.52553e-05 1.52553e-05
0.375 -6.14114e-06 -2.81447e-06 -4.46953e-06 -5.47611e-06 4.3838e-05 4.31563e-05 4.34507e-05 4.3634e-05 9.76275e-05 9.77674e-05 9.77098e-05 9.7677e-05 0.000143648 0.000143619 0.000143631 0.000143637 0.000169107 0.000169113 0.000169111 0.00016911 0.000167349 0.000167348 0.000167348 0.000167349 0.00013929 0.000139291 0.000139291 0.000139291 9.36624e-05 9.36624e-05 9.36624e-05 9.36624e-05 4.45723e-05 4.45723e-05 4.45723e-05 4.45723e-05 7.26763e-06 7.26762e-06 7.26763e-06 7.26763e-06 -6.61416e-06 -6.61416e-06 -6.61416e-06 -6.61416e-06
0.376 -7.86837e-07 4.94254e-06 -9.16759e-07 4.34363e-07 5.58642e-05 5.46659e-05 5.56522e-05 5.53277e-05 0.000112746 0.000112997 0.000112812 0.000112888 0.000158479 0.000158426 0.000158464 0.000158446 0.000180088 0.000180099 0.000180091 0.000180095 0.000171968 0.000171965 0.000171967 0.000171966 0.000136427 0.000136427 0.000136427 0.000136427 8.3625e-05 8.36249e-05 8.3625e-05 8.36249e-05 2.87785e-05 2.87785e-05 2.87785e-05 2.87785e-05 -1.2186e-05 -1.2186e-05 -1.2186e-05 -1.2186e-05 -2.73158e-05 -2.73158e-05 -2.73158e-05 -2.73158e-05
0.377 5.29396e-06 1.33532e-05 3.37786e-06 7.05517e-06 6.80119e-05 6.63122e-05 6.79756e-05 6.71505e-05 0.000127373 0.000127732 0.000127421 0.000127605 0.000172311 0.000172235 0.000172298 0.000172257 0.000189824 0.00018984 0.000189827 0.000189836 0.000175439 0.000175435 0.000175438 0.000175436 0.000132839 0.00013284 0.000132839 0.00013284 7.3501e-05 7.35009e-05 7.3501e-05 7.35009e-05 1.35661e-05 1.35662e-05 1.35661e-05 1.35662e-05 -3.05567e-05 -3.05567e-05 -3.05567e-05 -3.05567e-05 -4.67489e-05 -4.67489e-05 -4.67489e-05 -4.67489e-05
0.378 1.2037e-05 2.2331e-05 8.36704e-06 1.43169e-05 8.01567e-05 7.79757e-05 8.0295e-05 7.89812e-05 0.00014136 0.000141822 0.000141391 0.00014168 0.00018501 0.000184912 0.000184998 0.000184934 0.000198227 0.000198248 0.00019823 0.000198244 0.000177731 0.000177726 0.00017773 0.000177727 0.000128551 0.000128552 0.000128551 0.000128552 6.33514e-05 6.33512e-05 6.33514e-05 6.33512e-05 -9.85699e-07 -9.85656e-07 -9.85693e-07 -9.85662e-07 -4.776e-05 -4.776e-05 -4.776e-05 -4.776e-05 -6.48282e-05 -6.48282e-05 -6.48282e-05 -6.48282e-05
0.379 1.93713e-05 3.17835e-05 1.39967e-05 2.21438e-05 9.21737e-05 8.95364e-05 9.2484e-05 9.06979e-05 0.000154567 0.000155128 0.00015458 0.000154971 0.000196453 0.000196334 0.000196443 0.000196358 0.000205221 0.000205247 0.000205224 0.000205243 0.000178827 0.000178821 0.000178826 0.000178822 0.000123595 0.000123596 0.000123595 0.000123596 5.32376e-05 5.32374e-05 5.32376e-05 5.32374e-05 -1.48052e-05 -1.48052e-05 -1.48052e-05 -1.48052e-05 -6.37247e-05 -6.37247e-05 -6.37247e-05 -6.37247e-05 -8.14843e-05 -8.14843e-05 -8.14843e-05 -8.14843e-05
0.38 2.72201e-05 4.16132e-05 2.02062e-05 3.04541e-05 0.000103939 0.000100875 0.000104417 0.00010218 0.000166861 0.000167514 0.000166856 0.000167344 0.000206531 0.000206392 0.000206524 0.000206417 0.000210747 0.000210777 0.00021075 0.000210773 0.000178723 0.000178716 0.000178722 0.000178717 0.000118008 0.00011801 0.000118009 0.00011801 4.32207e-05 4.32204e-05 4.32206e-05 4.32204e-05 -2.78287e-05 -2.78286e-05 -2.78287e-05 -2.78286e-05 -7.83929e-05 -7.83929e-05 -7.83929e-05 -7.83929e-05 -9.66628e-05 -9.66628e-05 -9.66628e-05 -9.66628e-05
0.381 3.55012e-05 5.17186e-05 2.69295e-05 3.91613e-05 0.000115332 0.000111874 0.000115971 0.000113308 0.000178119 0.000178857 0.000178097 0.000178676 0.000215151 0.000214994 0.000215145 0.000215019 0.000214762 0.000214795 0.000214764 0.000214791 0.000177427 0.00017742 0.000177426 0.00017742 0.000111838 0.00011184 0.000111838 0.00011184 3.33605e-05 3.33601e-05 3.33604e-05 3.33602e-05 -4.00005e-05 -4.00004e-05 -4.00005e-05 -4.00005e-05 -9.17203e-05 -9.17203e-05 -9.17203e-05 -9.17203e-05 -0.000110325 -0.000110325 -0.000110325 -0.000110325
0.382 4.4128e-05 6.19951e-05 3.40951e-05 4.81747e-05 0.000126234 0.000122419 0.000127027 0.000123968 0.000188228 0.000189043 0.000188189 0.000188853 0.000222233 0.000222058 0.000222229 0.000222085 0.000217235 0.000217273 0.000217237 0.000217268 0.000174959 0.000174951 0.000174959 0.000174952 0.000105135 0.000105137 0.000105135 0.000105137 2.3715e-05 2.37146e-05 2.3715e-05 2.37146e-05 -5.12738e-05 -5.12738e-05 -5.12738e-05 -5.12738e-05 -0.000103675 -0.000103675 -0.000103675 -0.000103675 -0.000122445 -0.000122445 -0.000122445 -0.000122445
0.383 5.30105e-05 7.23363e-05 4.16272e-05 5.74004e-05 0.000136532 0.000132402 0.00013747 0.000134048 0.000197087 0.000197971 0.000197031 0.000197773 0.000227713 0.000227524 0.000227711 0.00022755 0.000218156 0.000218196 0.000218158 0.000218192 0.000171352 0.000171343 0.000171352 0.000171344 9.79549e-05 9.79567e-05 9.7955e-05 9.79566e-05 1.43394e-05 1.4339e-05 1.43394e-05 1.4339e-05 -6.16104e-05 -6.16103e-05 -6.16104e-05 -6.16103e-05 -0.000114239 -0.000114239 -0.000114239 -0.000114239 -0.000133014 -0.000133014 -0.000133014 -0.000133014
0.384 6.20559e-05 8.26348e-05 4.94462e-05 6.67421e-05 0.000146121 0.000141718 0.000147193 0.000143446 0.00020461 0.000205552 0.000204538 0.000205349 0.000231544 0.000231342 0.000231545 0.000231369 0.000217526 0.000217569 0.000217527 0.000217565 0.000166647 0.000166637 0.000166646 0.000166638 9.03561e-05 9.0358e-05 9.03562e-05 9.03579e-05 5.28548e-06 5.28505e-06 5.28546e-06 5.28508e-06 -7.09808e-05 -7.09808e-05 -7.09808e-05 -7.09808e-05 -0.000123404 -0.000123404 -0.000123404 -0.000123404 -0.000142033 -0.000142033 -0.000142033 -0.000142033
0.385 7.11697e-05 9.27838e-05 5.74697e-05 7.61026e-05 0.000154901 0.000150273 0.000156096 0.000152063 0.000210722 0.000211713 0.000210635 0.000211507 0.000233697 0.000233485 0.0002337 0.000233511 0.000215362 0.000215407 0.000215363 0.000215404 0.000160894 0.000160884 0.000160894 0.000160885 8.24e-05 8.24021e-05 8.24001e-05 8.2402e-05 -3.3991e-06 -3.39955e-06 -3.39912e-06 -3.39953e-06 -7.93646e-05 -7.93645e-05 -7.93646e-05 -7.93645e-05 -0.000131176 -0.000131176 -0.000131176 -0.000131176 -0.000149518 -0.000149518 -0.000149518 -0.000149518
0.386 8.02568e-05 0.000102678 6.56135e-05 8.53843e-05 0.000162783 0.000157979 0.000164087 0.000159812 0.000215366 0.000216395 0.000215264 0.000216188 0.000234159 0.000233939 0.000234164 0.000233964 0.000211696 0.000211743 0.000211697 0.00021174 0.000154154 0.000154144 0.000154154 0.000154144 7.41493e-05 7.41515e-05 7.41494e-05 7.41514e-05 -1.16714e-05 -1.16718e-05 -1.16714e-05 -1.16718e-05 -8.67498e-05 -8.67497e-05 -8.67498e-05 -8.67497e-05 -0.000137571 -0.000137571 -0.000137571 -0.000137571 -0.000155494 -0.000155494 -0.000155494 -0.000155494
0.387 8.92226e-05 0.000112214 7.37921e-05 9.44907e-05 0.000169686 0.000164757 0.000171086 0.000166614 0.000218499 0.000219556 0.000218384 0.00021935 0.000232934 0.000232707 0.000232941 0.000232732 0.000206573 0.000206621 0.000206573 0.000206618 0.000146493 0.000146482 0.000146492 0.000146483 6.56669e-05 6.56691e-05 6.56669e-05 6.5669e-05 -1.94934e-05 -1.94939e-05 -1.94935e-05 -1.94939e-05 -9.31331e-05 -9.3133e-05 -9.31331e-05 -9.3133e-05 -0.000142613 -0.000142613 -0.000142613 -0.000142613 -0.00016 -0.00016 -0.00016 -0.00016
0.388 9.79739e-05 0.000121295 8.19198e-05 0.000103327 0.000175542 0.000170539 0.000177023 0.000172402 0.000220094 0.000221168 0.000219968 0.000220966 0.000230042 0.000229812 0.000230051 0.000229836 0.00020005 0.000200099 0.00020005 0.000200096 0.000137983 0.000137972 0.000137983 0.000137973 5.7015e-05 5.70172e-05 5.7015e-05 5.70172e-05 -2.68331e-05 -2.68336e-05 -2.68331e-05 -2.68336e-05 -9.85197e-05 -9.85196e-05 -9.85197e-05 -9.85196e-05 -0.000146338 -0.000146338 -0.000146338 -0.000146338 -0.000163081 -0.000163081 -0.000163081 -0.000163081
0.389 0.00010642 0.000129825 8.99121e-05 0.000111802 0.000180294 0.000175269 0.000181839 0.000177117 0.000220142 0.000221221 0.000220006 0.000221024 0.000225521 0.000225289 0.000225531 0.000225311 0.000192197 0.000192247 0.000192197 0.000192244 0.000128702 0.000128692 0.000128702 0.000128692 4.82546e-05 4.82569e-05 4.82546e-05 4.82568e-05 -3.36639e-05 -3.36644e-05 -3.36639e-05 -3.36644e-05 -0.000102922 -0.000102922 -0.000102922 -0.000102922 -0.00014879 -0.00014879 -0.00014879 -0.00014879 -0.000164792 -0.000164792 -0.000164792 -0.000164792
0.39 0.000114473 0.000137719 9.76856e-05 0.000119829 0.000183894 0.000178901 0.000185488 0.000180715 0.000218649 0.000219722 0.000218504 0.000219532 0.000219422 0.000219191 0.000219434 0.000219212 0.000183094 0.000183144 0.000183093 0.000183141 0.000118733 0.000118722 0.000118733 0.000118722 3.94445e-05 3.94468e-05 3.94445e-05 3.94467e-05 -3.99655e-05 -3.9966e-05 -3.99656e-05 -3.9966e-05 -0.000106362 -0.000106362 -0.000106362 -0.000106362 -0.00015002 -0.00015002 -0.00015002 -0.00015002 -0.000165196 -0.000165196 -0.000165196 -0.000165196
0.391 0.000122051 0.000144894 0.00010516 0.000127323 0.000186311 0.000181401 0.000187937 0.000183162 0.000215636 0.000216692 0.000215483 0.000216512 0.000211814 0.000211587 0.000211827 0.000211606 0.000172831 0.00017288 0.00017283 0.000172878 0.000108159 0.000108149 0.000108159 0.000108149 3.06408e-05 3.0643e-05 3.06408e-05 3.0643e-05 -4.57238e-05 -4.57243e-05 -4.57238e-05 -4.57243e-05 -0.000108867 -0.000108867 -0.000108867 -0.000108867 -0.000150086 -0.000150086 -0.000150086 -0.000150086 -0.000164363 -0.000164363 -0.000164363 -0.000164363
0.392 0.000129075 0.000151279 0.000112258 0.000134211 0.000187525 0.000182749 0.000189166 0.00018444 0.000211142 0.000212169 0.000210983 0.000212001 0.000202777 0.000202556 0.000202792 0.000202573 0.000161506 0.000161554 0.000161505 0.000161552 9.70678e-05 9.70576e-05 9.70679e-05 9.70578e-05 2.18961e-05 2.18983e-05 2.18961e-05 2.18982e-05 -5.09308e-05 -5.09312e-05 -5.09308e-05 -5.09312e-05 -0.000110471 -0.000110471 -0.000110471 -0.000110471 -0.000149054 -0.000149054 -0.000149054 -0.000149054 -0.000162369 -0.000162369 -0.000162369 -0.000162369
0.393 0.000135475 0.00015681 0.000118907 0.00014042 0.000187529 0.000182937 0.000189167 0.000184539 0.000205219 0.000206207 0.000205056 0.000206052 0.000192406 0.000192193 0.000192422 0.000192208 0.000149226 0.000149271 0.000149224 0.00014927 8.55468e-05 8.5537e-05 8.5547e-05 8.55371e-05 1.32593e-05 1.32615e-05 1.32593e-05 1.32615e-05 -5.55844e-05 -5.55849e-05 -5.55844e-05 -5.55849e-05 -0.000111215 -0.000111215 -0.000111215 -0.000111215 -0.000146992 -0.000146992 -0.000146992 -0.000146992 -0.000159292 -0.000159292 -0.000159292 -0.000159292
0.394 0.000141187 0.000161433 0.00012504 0.00014589 0.000186329 0.000181968 0.000187948 0.000183466 0.000197934 0.000198873 0.000197769 0.000198732 0.000180807 0.000180604 0.000180824 0.000180617 0.000136101 0.000136144 0.000136099 0.000136143 7.36841e-05 7.36747e-05 7.36844e-05 7.36748e-05 4.77545e-06 4.77747e-06 4.77542e-06 4.77748e-06 -5.96888e-05 -5.96892e-05 -5.96887e-05 -5.96892e-05 -0.000111146 -0.000111146 -0.000111146 -0.000111146 -0.000143977 -0.000143977 -0.000143977 -0.000143977 -0.000155218 -0.000155218 -0.000155218 -0.000155218
0.395 0.000146153 0.000165104 0.000130594 0.000150567 0.000183944 0.000179858 0.000185526 0.000181236 0.000189367 0.000190248 0.000189201 0.000190123 0.000168094 0.000167904 0.000168112 0.000167914 0.000122247 0.000122288 0.000122245 0.000122288 6.1567e-05 6.15581e-05 6.15673e-05 6.15581e-05 -3.51505e-06 -3.51315e-06 -3.5151e-06 -3.51313e-06 -6.32533e-05 -6.32537e-05 -6.32533e-05 -6.32537e-05 -0.000110315 -0.000110315 -0.000110315 -0.000110315 -0.000140085 -0.000140085 -0.000140085 -0.000140085 -0.000150235 -0.000150235 -0.000150235 -0.000150235
0.396 0.000150326 0.000167788 0.000135514 0.000154405 0.000180405 0.000176636 0.000181934 0.00017788 0.000179611 0.000180424 0.000179446 0.000180316 0.000154393 0.000154217 0.000154412 0.000154225 0.000107787 0.000107824 0.000107784 0.000107824 4.92814e-05 4.92733e-05 4.92818e-05 4.92732e-05 -1.1576e-05 -1.15743e-05 -1.15761e-05 -1.15742e-05 -6.62928e-05 -6.62931e-05 -6.62927e-05 -6.62931e-05 -0.000108778 -0.000108778 -0.000108778 -0.000108778 -0.000135398 -0.000135398 -0.000135398 -0.000135398 -0.000144431 -0.000144431 -0.000144431 -0.000144431
0.397 0.000153664 0.000169463 0.000139753 0.000157369 0.000175755 0.000172341 0.000177215 0.000173439 0.000168768 0.000169505 0.000168606 0.000169416 0.000139835 0.000139675 0.000139854 0.000139681 9.28403e-05 9.28747e-05 9.28376e-05 9.28749e-05 3.69116e-05 3.69042e-05 3.6912e-05 3.6904e-05 -1.93757e-05 -1.93741e-05 -1.93758e-05 -1.93741e-05 -6.88268e-05 -6.88271e-05 -6.88268e-05 -6.88271e-05 -0.000106594 -0.000106594 -0.000106594 -0.000106594 -0.00013 -0.00013 -0.00013 -0.00013 -0.000137899 -0.000137899 -0.000137899 -0.000137899
0.398 0.000156139 0.000170116 0.000143268 0.000159431 0.000170047 0.000167022 0.000171424 0.000167963 0.00015695 0.000157605 0.000156793 0.000157534 0.000124557 0.000124415 0.000124577 0.000124418 7.75319e-05 7.75625e-05 7.75291e-05 7.75631e-05 2.45391e-05 2.45325e-05 2.45396e-05 2.45323e-05 -2.68868e-05 -2.68853e-05 -2.68868e-05 -2.68853e-05 -7.08792e-05 -7.08795e-05 -7.08792e-05 -7.08795e-05 -0.000103826 -0.000103826 -0.000103826 -0.000103826 -0.000123977 -0.000123977 -0.000123977 -0.000123977 -0.000130733 -0.000130733 -0.000130733 -0.000130733
0.399 0.000157728 0.000169746 0.000146027 0.000160575 0.000163345 0.000160739 0.000164625 0.000161514 0.000144278 0.000144843 0.000144127 0.000144792 0.0001087 0.000108578 0.00010872 0.000108578 6.19849e-05 6.20114e-05 6.19819e-05 6.20124e-05 1.22424e-05 1.22367e-05 1.22429e-05 1.22364e-05 -3.40859e-05 -3.40847e-05 -3.4086e-05 -3.40846e-05 -7.24776e-05 -7.24779e-05 -7.24776e-05 -7.24779e-05 -0.000100539 -0.000100539 -0.000100539 -0.000100539 -0.000117416 -0.000117416 -0.000117416 -0.000117416 -0.000123025 -0.000123025 -0.000123025 -0.000123025
0.4 0.000158418 0.000168363 0.000148005 0.000160793 0.000155722 0.00015356 0.000156892 0.000154162 0.000130878 0.000131348 0.000130734 0.000131317 9.2408e-05 9.2306e-05 9.24279e-05 9.23033e-05 4.63215e-05 4.63436e-05 4.63184e-05 4.6345e-05 9.67807e-08 9.19847e-08 9.73137e-08 9.16182e-08 -4.0954e-05 -4.0953e-05 -4.09541e-05 -4.09529e-05 -7.36529e-05 -7.36531e-05 -7.36529e-05 -7.36531e-05 -9.68002e-05 -9.68002e-05 -9.68002e-05 -9.68001e-05 -0.000110404 -0.000110404 -0.000110404 -0.000110404 -0.000114869 -0.000114869 -0.000114869 -0.000114869
0.401 0.000158208 0.000165984 0.000149185 0.000160088 0.00014726 0.000145562 0.000148307 0.000145985 0.00011688 0.00011725 0.000116745 0.00011724 7.58251e-05 7.57445e-05 7.58447e-05 7.57392e-05 3.06615e-05 3.06791e-05 3.06583e-05 3.06808e-05 -1.18264e-05 -1.18303e-05 -1.18259e-05 -1.18307e-05 -4.74755e-05 -4.74747e-05 -4.74756e-05 -4.74746e-05 -7.44385e-05 -7.44386e-05 -7.44384e-05 -7.44387e-05 -9.26774e-05 -9.26774e-05 -9.26774e-05 -9.26774e-05 -0.000103027 -0.000103027 -0.000103027 -0.000103027 -0.000106359 -0.000106359 -0.000106359 -0.000106359
0.402 0.000157104 0.000162641 0.000149558 0.000158472 0.000138046 0.000136828 0.00013896 0.000137068 0.000102418 0.000102686 0.000102294 0.000102696 5.90947e-05 5.90361e-05 5.91138e-05 5.90283e-05 1.51217e-05 1.51345e-05 1.51185e-05 1.51367e-05 -2.34598e-05 -2.34626e-05 -2.34593e-05 -2.34631e-05 -5.36381e-05 -5.36375e-05 -5.36382e-05 -5.36374e-05 -7.48696e-05 -7.48698e-05 -7.48696e-05 -7.48698e-05 -8.82391e-05 -8.82391e-05 -8.82391e-05 -8.82391e-05 -9.53737e-05 -9.53737e-05 -9.53737e-05 -9.53737e-05 -9.75878e-05 -9.75878e-05 -9.75878e-05 -9.75878e-05
0.403 0.000155121 0.000158372 0.000149124 0.000155965 0.000128172 0.000127445 0.000128946 0.000127502 8.76277e-05 8.779e-05 8.75152e-05 8.78205e-05 4.2358e-05 4.2322e-05 4.23763e-05 4.23118e-05 -1.85453e-07 -1.77473e-07 -1.88699e-07 -1.75025e-07 -3.47402e-05 -3.4742e-05 -3.47396e-05 -3.47425e-05 -5.94327e-05 -5.94323e-05 -5.94328e-05 -5.94322e-05 -7.49831e-05 -7.49832e-05 -7.49831e-05 -7.49832e-05 -8.35538e-05 -8.35537e-05 -8.35538e-05 -8.35537e-05 -8.75289e-05 -8.75289e-05 -8.75289e-05 -8.75289e-05 -8.86457e-05 -8.86456e-05 -8.86457e-05 -8.86456e-05
0.404 0.000152283 0.000153224 0.000147891 0.000152596 0.000117739 0.000117507 0.000118363 0.00011738 7.26431e-05 7.2699e-05 7.25435e-05 7.27493e-05 2.57524e-05 2.57392e-05 2.57698e-05 2.57267e-05 -1.51525e-05 -1.51495e-05 -1.51558e-05 -1.51467e-05 -4.56088e-05 -4.56095e-05 -4.56082e-05 -4.56101e-05 -6.48527e-05 -6.48525e-05 -6.48528e-05 -6.48524e-05 -7.48164e-05 -7.48164e-05 -7.48164e-05 -7.48165e-05 -7.86891e-05 -7.86891e-05 -7.86891e-05 -7.86891e-05 -7.9577e-05 -7.9577e-05 -7.9577e-05 -7.9577e-05 -7.96222e-05 -7.96222e-05 -7.96222e-05 -7.96222e-05
0.405 0.000148622 0.000147252 0.000145873 0.000148404 0.000106845 0.000107109 0.000107314 0.0001068 5.75973e-05 5.75466e-05 5.75116e-05 5.76162e-05 9.41027e-06 9.41996e-06 9.42657e-06 9.40526e-06 -2.96779e-05 -2.96798e-05 -2.96811e-05 -2.96767e-05 -5.60114e-05 -5.6011e-05 -5.60108e-05 -5.60116e-05 -6.98938e-05 -6.98939e-05 -6.98939e-05 -6.98937e-05 -7.4407e-05 -7.4407e-05 -7.4407e-05 -7.4407e-05 -7.37115e-05 -7.37115e-05 -7.37115e-05 -7.37115e-05 -7.16004e-05 -7.16004e-05 -7.16004e-05 -7.16004e-05 -7.06048e-05 -7.06048e-05 -7.06048e-05 -7.06048e-05
0.406 0.000144178 0.00014052 0.000143095 0.000143432 9.55931e-05 9.63489e-05 9.59035e-05 9.5862e-05 4.26198e-05 4.24634e-05 4.25487e-05 4.25515e-05 -6.54232e-06 -6.50992e-06 -6.52727e-06 -6.52663e-06 -4.36664e-05 -4.36731e-05 -4.36695e-05 -4.36699e-05 -6.58982e-05 -6.58968e-05 -6.58976e-05 -6.58974e-05 -7.45537e-05 -7.4554e-05 -7.45538e-05 -7.45538e-05 -7.37922e-05 -7.37922e-05 -7.37922e-05 -7.37922e-05 -6.86858e-05 -6.86858e-05 -6.86858e-05 -6.86858e-05 -6.36791e-05 -6.36791e-05 -6.36791e-05 -6.36791e-05 -6.16782e-05 -6.16782e-05 -6.16782e-05 -6.16782e-05
0.407 0.000138998 0.000133096 0.000139585 0.000137733 8.40872e-05 8.53254e-05 8.42359e-05 8.46659e-05 2.78353e-05 2.75752e-05 2.77797e-05 2.76809e-05 -2.19867e-05 -2.1932e-05 -2.1973e-05 -2.19505e-05 -5.703e-05 -5.70415e-05 -5.70329e-05 -5.7038e-05 -7.52242e-05 -7.52217e-05 -7.52236e-05 -7.52224e-05 -7.88315e-05 -7.8832e-05 -7.88316e-05 -7.88319e-05 -7.30083e-05 -7.30082e-05 -7.30082e-05 -7.30082e-05 -6.36742e-05 -6.36742e-05 -6.36742e-05 -6.36742e-05 -5.58903e-05 -5.58903e-05 -5.58903e-05 -5.58903e-05 -5.29243e-05 -5.29243e-05 -5.29243e-05 -5.29243e-05
0.408 0.000133134 0.000125054 0.000135381 0.000131365 7.24294e-05 7.41361e-05 7.24152e-05 7.3311e-05 1.33629e-05 1.3002e-05 1.33231e-05 1.31241e-05 -3.68125e-05 -3.67361e-05 -3.68004e-05 -3.67563e-05 -6.9688e-05 -6.97042e-05 -6.96909e-05 -6.97006e-05 -8.3949e-05 -8.39455e-05 -8.39484e-05 -8.39462e-05 -8.27276e-05 -8.27284e-05 -8.27278e-05 -8.27282e-05 -7.209e-05 -7.20899e-05 -7.209e-05 -7.20899e-05 -5.87364e-05 -5.87365e-05 -5.87365e-05 -5.87365e-05 -4.83079e-05 -4.83079e-05 -4.83079e-05 -4.83079e-05 -4.44217e-05 -4.44217e-05 -4.44217e-05 -4.44217e-05
0.409 0.000126644 0.000116473 0.000130524 0.000124389 6.07201e-05 6.28772e-05 6.05435e-05 6.18949e-05 -6.85945e-07 -1.14383e-06 -7.09393e-07 -1.00648e-06 -5.09187e-05 -5.08214e-05 -5.09083e-05 -5.08431e-05 -8.15681e-05 -8.15888e-05 -8.15708e-05 -8.15851e-05 -9.20368e-05 -9.20324e-05 -9.20362e-05 -9.20331e-05 -8.62435e-05 -8.62445e-05 -8.62436e-05 -8.62443e-05 -7.10707e-05 -7.10705e-05 -7.10706e-05 -7.10705e-05 -5.3929e-05 -5.3929e-05 -5.3929e-05 -5.3929e-05 -4.10024e-05 -4.10024e-05 -4.10024e-05 -4.10024e-05 -3.62455e-05 -3.62455e-05 -3.62455e-05 -3.62455e-05
0.41 0.000119591 0.000107432 0.000125062 0.000116874 4.90568e-05 5.16422e-05 4.87198e-05 5.05126e-05 -1.42075e-05 -1.47576e-05 -1.42144e-05 -1.46064e-05 -6.42143e-05 -6.40971e-05 -6.42056e-05 -6.412e-05 -9.2606e-05 -9.2631e-05 -9.26085e-05 -9.26272e-05 -9.94566e-05 -9.94513e-05 -9.94561e-05 -9.9452e-05 -8.93812e-05 -8.93824e-05 -8.93814e-05 -8.93822e-05 -6.99811e-05 -6.99809e-05 -6.99811e-05 -6.99809e-05 -4.93047e-05 -4.93048e-05 -4.93047e-05 -4.93048e-05 -3.40404e-05 -3.40404e-05 -3.40404e-05 -3.40404e-05 -2.84668e-05 -2.84668e-05 -2.84668e-05 -2.84668e-05
0.411 0.000112042 9.8017e-05 0.000119047 0.00010889 3.75329e-05 4.05209e-05 3.70393e-05 3.9255e-05 -2.71071e-05 -2.7744e-05 -2.70975e-05 -2.75804e-05 -7.66185e-05 -7.64826e-05 -7.66116e-05 -7.65065e-05 -0.000102746 -0.000102775 -0.000102748 -0.000102771 -0.000106182 -0.000106176 -0.000106182 -0.000106177 -9.21435e-05 -9.21448e-05 -9.21436e-05 -9.21447e-05 -6.885e-05 -6.88497e-05 -6.885e-05 -6.88497e-05 -4.49127e-05 -4.49127e-05 -4.49127e-05 -4.49127e-05 -2.74839e-05 -2.74839e-05 -2.74839e-05 -2.74839e-05 -2.11524e-05 -2.11524e-05 -2.11524e-05 -2.11524e-05
0.412 0.000104067 8.83112e-05 0.000112535 0.000100511 2.62371e-05 2.95987e-05 2.55918e-05 2.82086e-05 -3.92997e-05 -4.00173e-05 -3.92738e-05 -3.98427e-05 -8.80616e-05 -8.79084e-05 -8.80567e-05 -8.79331e-05 -0.000111942 -0.000111974 -0.000111944 -0.00011197 -0.000112191 -0.000112184 -0.000112191 -0.000112185 -9.45333e-05 -9.45348e-05 -9.45335e-05 -9.45347e-05 -6.77031e-05 -6.77028e-05 -6.77031e-05 -6.77028e-05 -4.07976e-05 -4.07977e-05 -4.07976e-05 -4.07977e-05 -2.13906e-05 -2.13906e-05 -2.13906e-05 -2.13906e-05 -1.43642e-05 -1.43643e-05 -1.43642e-05 -1.43643e-05
0.413 9.57366e-05 7.83996e-05 0.000105586 9.18093e-05 1.52524e-05 1.89557e-05 1.44617e-05 1.74542e-05 -5.07106e-05 -5.1502e-05 -5.06686e-05 -5.13181e-05 -9.84853e-05 -9.8316e-05 -9.84822e-05 -9.83413e-05 -0.000120154 -0.00012019 -0.000120156 -0.000120186 -0.000117467 -0.000117459 -0.000117467 -0.00011746 -9.65542e-05 -9.65559e-05 -9.65543e-05 -9.65557e-05 -6.65637e-05 -6.65634e-05 -6.65637e-05 -6.65634e-05 -3.7e-05 -3.70001e-05 -3.7e-05 -3.70001e-05 -1.5813e-05 -1.5813e-05 -1.5813e-05 -1.5813e-05 -8.15942e-06 -8.15943e-06 -8.15942e-06 -8.15943e-06
0.414 8.7124e-05 6.8366e-05 9.82604e-05 8.28623e-05 4.65514e-06 8.66594e-06 3.72679e-06 7.06674e-06 -6.12754e-05 -6.21334e-05 -6.12178e-05 -6.19418e-05 -0.000107842 -0.000107659 -0.000107841 -0.000107684 -0.000127355 -0.000127394 -0.000127356 -0.00012739 -0.000121997 -0.000121989 -0.000121997 -0.000121989 -9.82098e-05 -9.82116e-05 -9.82099e-05 -9.82115e-05 -6.5452e-05 -6.54516e-05 -6.5452e-05 -6.54517e-05 -3.35556e-05 -3.35557e-05 -3.35556e-05 -3.35557e-05 -1.07983e-05 -1.07983e-05 -1.07983e-05 -1.07983e-05 -2.5894e-06 -2.5894e-06 -2.5894e-06 -2.5894e-06
0.415 7.83023e-05 5.82925e-05 9.06222e-05 7.37447e-05 -5.48496e-06 -1.20288e-06 -6.5423e-06 -2.88568e-06 -7.09408e-05 -7.18575e-05 -7.0868e-05 -7.16598e-05 -0.000116096 -0.0001159 -0.000116097 -0.000115926 -0.000133522 -0.000133565 -0.000133524 -0.000133561 -0.000125773 -0.000125764 -0.000125773 -0.000125765 -9.95043e-05 -9.95062e-05 -9.95044e-05 -9.95061e-05 -6.43853e-05 -6.43849e-05 -6.43853e-05 -6.43849e-05 -3.04954e-05 -3.04955e-05 -3.04954e-05 -3.04955e-05 -6.38826e-06 -6.38824e-06 -6.38826e-06 -6.38824e-06 2.30012e-06 2.30011e-06 2.30012e-06 2.30011e-06
0.416 6.93441e-05 4.82588e-05 8.27355e-05 6.45309e-05 -1.51057e-05 -1.05901e-05 -1.62823e-05 -1.2342e-05 -7.96639e-05 -8.06313e-05 -7.95768e-05 -8.04293e-05 -0.000123223 -0.000123016 -0.000123226 -0.000123041 -0.000138646 -0.00013869 -0.000138647 -0.000138687 -0.000128792 -0.000128782 -0.000128791 -0.000128783 -0.000100442 -0.000100444 -0.000100442 -0.000100444 -6.33781e-05 -6.33777e-05 -6.33781e-05 -6.33777e-05 -2.78453e-05 -2.78454e-05 -2.78453e-05 -2.78454e-05 -2.61849e-06 -2.61847e-06 -2.61849e-06 -2.61847e-06 6.46958e-06 6.46957e-06 6.46958e-06 6.46957e-06
0.417 6.03208e-05 3.8341e-05 7.46647e-05 5.52935e-05 -2.41526e-05 -1.94422e-05 -2.54379e-05 -2.12485e-05 -8.74131e-05 -8.84229e-05 -8.73124e-05 -8.82181e-05 -0.000129209 -0.000128992 -0.000129213 -0.000129018 -0.000142721 -0.000142768 -0.000142722 -0.000142764 -0.000131054 -0.000131044 -0.000131054 -0.000131045 -0.000101028 -0.00010103 -0.000101028 -0.00010103 -6.2442e-05 -6.24415e-05 -6.2442e-05 -6.24416e-05 -2.56265e-05 -2.56266e-05 -2.56265e-05 -2.56266e-05 4.81375e-07 4.81397e-07 4.81376e-07 4.81397e-07 9.88592e-06 9.88591e-06 9.88592e-06 9.88591e-06
0.418 5.13018e-05 2.86112e-05 6.64738e-05 4.61026e-05 -3.2579e-05 -2.77132e-05 -3.39616e-05 -2.95592e-05 -9.4167e-05 -9.52106e-05 -9.40536e-05 -9.50048e-05 -0.00013405 -0.000133826 -0.000134056 -0.000133851 -0.000145753 -0.000145801 -0.000145754 -0.000145798 -0.000132566 -0.000132556 -0.000132566 -0.000132556 -0.000101268 -0.00010127 -0.000101268 -0.00010127 -6.15861e-05 -6.15856e-05 -6.1586e-05 -6.15856e-05 -2.3855e-05 -2.38551e-05 -2.3855e-05 -2.38551e-05 2.8881e-06 2.88812e-06 2.8881e-06 2.88812e-06 1.25229e-05 1.25229e-05 1.25229e-05 1.25229e-05
0.419 4.23541e-05 1.9137e-05 5.82256e-05 3.70255e-05 -4.03463e-05 -3.53647e-05 -4.18143e-05 -3.72357e-05 -9.99145e-05 -0.000100984 -9.97896e-05 -0.000100778 -0.000137753 -0.000137524 -0.000137762 -0.000137548 -0.000147755 -0.000147804 -0.000147755 -0.000147801 -0.000133338 -0.000133327 -0.000133337 -0.000133328 -0.000101168 -0.00010117 -0.000101168 -0.00010117 -6.08168e-05 -6.08163e-05 -6.08168e-05 -6.08163e-05 -2.25418e-05 -2.25419e-05 -2.25418e-05 -2.25419e-05 4.58499e-06 4.58501e-06 4.58499e-06 4.58501e-06 1.43612e-05 1.43612e-05 1.43612e-05 1.43612e-05
0.42 3.35412e-05 9.98071e-06 4.99813e-05 2.81255e-05 -4.74238e-05 -4.23657e-05 -4.89649e-05 -4.42475e-05 -0.000104654 -0.000105741 -0.000104519 -0.000105537 -0.000140336 -0.000140103 -0.000140346 -0.000140126 -0.000148746 -0.000148796 -0.000148746 -0.000148793 -0.000133383 -0.000133373 -0.000133383 -0.000133373 -0.000100736 -0.000100738 -0.000100736 -0.000100738 -6.01384e-05 -6.01379e-05 -6.01384e-05 -6.01379e-05 -2.16931e-05 -2.16932e-05 -2.16931e-05 -2.16932e-05 5.56204e-06 5.56206e-06 5.56204e-06 5.56206e-06 1.53891e-05 1.53891e-05 1.53891e-05 1.53891e-05
0.421 2.49232e-05 1.19917e-06 4.17998e-05 1.94621e-05 -5.37887e-05 -4.86927e-05 -5.53901e-05 -5.05713e-05 -0.000108395 -0.00010949 -0.00010825 -0.00010929 -0.000141823 -0.000141588 -0.000141835 -0.00014161 -0.000148754 -0.000148805 -0.000148754 -0.000148802 -0.000132723 -0.000132712 -0.000132723 -0.000132712 -9.99805e-05 -9.99828e-05 -9.99805e-05 -9.99828e-05 -5.95531e-05 -5.95526e-05 -5.95531e-05 -5.95526e-05 -2.13099e-05 -2.131e-05 -2.13099e-05 -2.131e-05 5.81603e-06 5.81606e-06 5.81603e-06 5.81606e-06 1.5602e-05 1.5602e-05 1.5602e-05 1.5602e-05
0.422 1.65558e-05 -7.15669e-06 3.37372e-05 1.10899e-05 -5.94256e-05 -5.43295e-05 -6.10746e-05 -5.61915e-05 -0.000111153 -0.000112248 -0.000111 -0.000112053 -0.000142248 -0.000142013 -0.000142261 -0.000142034 -0.000147813 -0.000147864 -0.000147812 -0.000147861 -0.000131379 -0.000131368 -0.000131379 -0.000131368 -9.89113e-05 -9.89137e-05 -9.89113e-05 -9.89136e-05 -5.90612e-05 -5.90607e-05 -5.90612e-05 -5.90607e-05 -2.13889e-05 -2.1389e-05 -2.13889e-05 -2.1389e-05 5.35058e-06 5.35061e-06 5.35058e-06 5.35061e-06 1.50031e-05 1.50031e-05 1.50031e-05 1.50031e-05
0.423 8.49027e-06 -1.5042e-05 2.58463e-05 3.05881e-06 -6.43267e-05 -5.92667e-05 -6.60103e-05 -6.10994e-05 -0.000112952 -0.00011404 -0.000112793 -0.000113851 -0.000141653 -0.000141419 -0.000141668 -0.00014144 -0.000145964 -0.000146014 -0.000145962 -0.000146012 -0.000129379 -0.000129368 -0.000129379 -0.000129369 -9.75401e-05 -9.75425e-05 -9.75402e-05 -9.75424e-05 -5.86616e-05 -5.86611e-05 -5.86616e-05 -5.86611e-05 -2.19219e-05 -2.1922e-05 -2.19219e-05 -2.1922e-05 4.17611e-06 4.17614e-06 4.17611e-06 4.17614e-06 1.36031e-05 1.36031e-05 1.36031e-05 1.36031e-05
0.424 7.73048e-07 -2.24183e-05 1.81766e-05 -4.58644e-06 -6.8491e-05 -6.35018e-05 -7.01965e-05 -6.52932e-05 -0.000113826 -0.000114899 -0.000113661 -0.000114717 -0.000140086 -0.000139855 -0.000140102 -0.000139874 -0.000143251 -0.000143301 -0.00014325 -0.000143299 -0.000126756 -0.000126745 -0.000126756 -0.000126745 -9.58803e-05 -9.58826e-05 -9.58803e-05 -9.58825e-05 -5.83518e-05 -5.83514e-05 -5.83518e-05 -5.83514e-05 -2.28964e-05 -2.28965e-05 -2.28964e-05 -2.28965e-05 2.30981e-06 2.30983e-06 2.30981e-06 2.30983e-06 1.14206e-05 1.14206e-05 1.14206e-05 1.14206e-05
0.425 -6.55448e-06 -2.92532e-05 1.07734e-05 -1.18065e-05 -7.1924e-05 -6.70382e-05 -7.36388e-05 -6.87772e-05 -0.000113812 -0.000114864 -0.000113643 -0.00011469 -0.000137601 -0.000137375 -0.000137618 -0.000137392 -0.000139728 -0.000139777 -0.000139727 -0.000139775 -0.000123544 -0.000123534 -0.000123544 -0.000123534 -9.39469e-05 -9.39491e-05 -9.39469e-05 -9.39491e-05 -5.81284e-05 -5.81279e-05 -5.81284e-05 -5.81279e-05 -2.42959e-05 -2.4296e-05 -2.42959e-05 -2.4296e-05 -2.24532e-07 -2.24508e-07 -2.24532e-07 -2.24508e-07 8.48141e-06 8.4814e-06 8.48141e-06 8.4814e-06
0.426 -1.34561e-05 -3.55207e-05 3.678e-06 -1.85676e-05 -7.46372e-05 -6.98854e-05 -7.63492e-05 -7.15617e-05 -0.000112955 -0.000113978 -0.000112783 -0.000113813 -0.000134258 -0.000134038 -0.000134276 -0.000134054 -0.00013545 -0.000135498 -0.000135448 -0.000135496 -0.000119784 -0.000119774 -0.000119784 -0.000119774 -9.17571e-05 -9.17593e-05 -9.1757e-05 -9.17592e-05 -5.7987e-05 -5.79865e-05 -5.7987e-05 -5.79865e-05 -2.60997e-05 -2.60998e-05 -2.60997e-05 -2.60998e-05 -3.39668e-06 -3.39666e-06 -3.39668e-06 -3.39666e-06 4.819e-06 4.81899e-06 4.819e-06 4.81899e-06
0.427 -1.9901e-05 -4.12011e-05 -3.07263e-06 -2.48411e-05 -7.66478e-05 -7.20582e-05 -7.83452e-05 -7.36625e-05 -0.000111303 -0.000112292 -0.00011113 -0.000112137 -0.000130122 -0.000129909 -0.00013014 -0.000129923 -0.000130477 -0.000130523 -0.000130475 -0.000130522 -0.000115518 -0.000115508 -0.000115518 -0.000115508 -8.933e-05 -8.93321e-05 -8.93299e-05 -8.93321e-05 -5.79227e-05 -5.79223e-05 -5.79227e-05 -5.79223e-05 -2.82837e-05 -2.82838e-05 -2.82837e-05 -2.82838e-05 -7.17026e-06 -7.17023e-06 -7.17026e-06 -7.17023e-06 4.73866e-07 4.73857e-07 4.73866e-07 4.73857e-07
0.428 -2.58634e-05 -4.62804e-05 -9.44604e-06 -3.06043e-05 -7.79777e-05 -7.35759e-05 -7.96493e-05 -7.51e-05 -0.000108911 -0.00010986 -0.000108738 -0.000109716 -0.000125259 -0.000125054 -0.000125278 -0.000125067 -0.000124875 -0.000124919 -0.000124872 -0.000124918 -0.000110794 -0.000110784 -0.000110794 -0.000110784 -8.66868e-05 -8.66888e-05 -8.66867e-05 -8.66888e-05 -5.79304e-05 -5.793e-05 -5.79304e-05 -5.793e-05 -3.08202e-05 -3.08203e-05 -3.08202e-05 -3.08203e-05 -1.1503e-05 -1.1503e-05 -1.1503e-05 -1.1503e-05 -4.50668e-06 -4.50669e-06 -4.50668e-06 -4.50669e-06
0.429 -3.1323e-05 -5.07507e-05 -1.54143e-05 -3.58394e-05 -7.86536e-05 -7.44626e-05 -8.02888e-05 -7.58991e-05 -0.000105836 -0.000106739 -0.000105663 -0.000106606 -0.000119741 -0.000119546 -0.000119761 -0.000119558 -0.000118708 -0.00011875 -0.000118706 -0.00011875 -0.000105659 -0.00010565 -0.00010566 -0.00010565 -8.38506e-05 -8.38526e-05 -8.38506e-05 -8.38526e-05 -5.80046e-05 -5.80042e-05 -5.80047e-05 -5.80042e-05 -3.36789e-05 -3.3679e-05 -3.36789e-05 -3.3679e-05 -1.63473e-05 -1.63473e-05 -1.63473e-05 -1.63473e-05 -1.00689e-05 -1.00689e-05 -1.00689e-05 -1.00689e-05
0.43 -3.62645e-05 -5.46094e-05 -2.09539e-05 -4.05343e-05 -7.87058e-05 -7.47458e-05 -8.02947e-05 -7.60886e-05 -0.000102135 -0.00010299 -0.000101965 -0.000102868 -0.000113642 -0.000113458 -0.000113662 -0.000113467 -0.000112049 -0.000112088 -0.000112046 -0.000112088 -0.000100167 -0.000100159 -0.000100168 -0.000100159 -8.08465e-05 -8.08484e-05 -8.08465e-05 -8.08484e-05 -5.81399e-05 -5.81395e-05 -5.81399e-05 -5.81395e-05 -3.68263e-05 -3.68264e-05 -3.68263e-05 -3.68264e-05 -2.16505e-05 -2.16505e-05 -2.16505e-05 -2.16505e-05 -1.61532e-05 -1.61532e-05 -1.61532e-05 -1.61532e-05
0.431 -4.06776e-05 -5.78593e-05 -2.60462e-05 -4.46815e-05 -7.81679e-05 -7.44566e-05 -7.97016e-05 -7.57004e-05 -9.78722e-05 -9.86737e-05 -9.77046e-05 -9.85639e-05 -0.000107036 -0.000106863 -0.000107056 -0.000106871 -0.000104967 -0.000105004 -0.000104964 -0.000105004 -9.43721e-05 -9.4364e-05 -9.43725e-05 -9.43639e-05 -7.77013e-05 -7.77031e-05 -7.77013e-05 -7.77031e-05 -5.83309e-05 -5.83305e-05 -5.83309e-05 -5.83305e-05 -4.02269e-05 -4.0227e-05 -4.02269e-05 -4.0227e-05 -2.73554e-05 -2.73554e-05 -2.73554e-05 -2.73554e-05 -2.26947e-05 -2.26947e-05 -2.26947e-05 -2.26947e-05
0.432 -4.45567e-05 -6.05076e-05 -3.06765e-05 -4.82785e-05 -7.70767e-05 -7.36287e-05 -7.85467e-05 -7.47694e-05 -9.31091e-05 -9.38542e-05 -9.29457e-05 -9.37565e-05 -9.99989e-05 -9.9838e-05 -0.000100019 -9.98445e-05 -9.75365e-05 -9.75712e-05 -9.75338e-05 -9.75712e-05 -8.83299e-05 -8.83224e-05 -8.83303e-05 -8.83222e-05 -7.44434e-05 -7.4445e-05 -7.44433e-05 -7.44451e-05 -5.85722e-05 -5.85719e-05 -5.85722e-05 -5.85719e-05 -4.38431e-05 -4.38431e-05 -4.38431e-05 -4.38431e-05 -3.3401e-05 -3.3401e-05 -3.3401e-05 -3.3401e-05 -2.96237e-05 -2.96237e-05 -2.96237e-05 -2.96237e-05
0.433 -4.79009e-05 -6.25665e-05 -3.48349e-05 -5.13274e-05 -7.5471e-05 -7.22982e-05 -7.68699e-05 -7.33327e-05 -8.79095e-05 -8.85956e-05 -8.77513e-05 -8.85102e-05 -9.26069e-05 -9.24586e-05 -9.26264e-05 -9.24635e-05 -8.98308e-05 -8.98629e-05 -8.98281e-05 -8.98631e-05 -8.20982e-05 -8.20913e-05 -8.20986e-05 -8.20911e-05 -7.11024e-05 -7.11039e-05 -7.11024e-05 -7.1104e-05 -5.88589e-05 -5.88585e-05 -5.88589e-05 -5.88585e-05 -4.76355e-05 -4.76356e-05 -4.76355e-05 -4.76356e-05 -3.9723e-05 -3.9723e-05 -3.9723e-05 -3.9723e-05 -3.68666e-05 -3.68666e-05 -3.68666e-05 -3.68666e-05
0.434 -5.07134e-05 -6.4052e-05 -3.85154e-05 -5.38344e-05 -7.33913e-05 -7.05029e-05 -7.47127e-05 -7.14291e-05 -8.23371e-05 -8.29623e-05 -8.2185e-05 -8.2889e-05 -8.49357e-05 -8.48005e-05 -8.49549e-05 -8.48039e-05 -8.1924e-05 -8.19533e-05 -8.19213e-05 -8.19537e-05 -7.57356e-05 -7.57293e-05 -7.5736e-05 -7.57291e-05 -6.77091e-05 -6.77105e-05 -6.7709e-05 -6.77105e-05 -5.9186e-05 -5.91857e-05 -5.9186e-05 -5.91856e-05 -5.15639e-05 -5.15639e-05 -5.15639e-05 -5.15639e-05 -4.62544e-05 -4.62544e-05 -4.62544e-05 -4.62544e-05 -4.43468e-05 -4.43468e-05 -4.43468e-05 -4.43468e-05
0.435 -5.30016e-05 -6.49836e-05 -4.17161e-05 -5.58097e-05 -7.08799e-05 -6.82825e-05 -7.21179e-05 -6.90991e-05 -7.64554e-05 -7.70182e-05 -7.63102e-05 -7.6957e-05 -7.70603e-05 -7.69385e-05 -7.70791e-05 -7.69404e-05 -7.38898e-05 -7.39161e-05 -7.3887e-05 -7.39168e-05 -6.9301e-05 -6.92953e-05 -6.93015e-05 -6.92951e-05 -6.42949e-05 -6.42961e-05 -6.42948e-05 -6.42962e-05 -5.95488e-05 -5.95485e-05 -5.95488e-05 -5.95485e-05 -5.55867e-05 -5.55867e-05 -5.55867e-05 -5.55867e-05 -5.29264e-05 -5.29263e-05 -5.29264e-05 -5.29263e-05 -5.19851e-05 -5.19851e-05 -5.19851e-05 -5.19851e-05
0.436 -5.47764e-05 -6.53844e-05 -4.44386e-05 -5.7267e-05 -6.79797e-05 -6.56771e-05 -6.91297e-05 -6.6384e-05 -7.0327e-05 -7.08265e-05 -7.01894e-05 -7.07773e-05 -6.90544e-05 -6.89461e-05 -6.90726e-05 -6.89467e-05 -6.58008e-05 -6.58243e-05 -6.57981e-05 -6.58251e-05 -6.28532e-05 -6.28481e-05 -6.28537e-05 -6.28479e-05 -6.08914e-05 -6.08925e-05 -6.08913e-05 -6.08926e-05 -5.99429e-05 -5.99427e-05 -5.99429e-05 -5.99427e-05 -5.96621e-05 -5.96621e-05 -5.96621e-05 -5.96621e-05 -5.96687e-05 -5.96687e-05 -5.96687e-05 -5.96687e-05 -5.97009e-05 -5.97009e-05 -5.97009e-05 -5.97009e-05
0.437 -5.60521e-05 -6.52802e-05 -4.66886e-05 -5.82234e-05 -6.47343e-05 -6.27281e-05 -6.57924e-05 -6.33258e-05 -6.40134e-05 -6.44492e-05 -6.3884e-05 -6.44117e-05 -6.09897e-05 -6.08951e-05 -6.10073e-05 -6.08944e-05 -5.77285e-05 -5.7749e-05 -5.77258e-05 -5.775e-05 -5.64504e-05 -5.64459e-05 -5.64508e-05 -5.64456e-05 -5.75304e-05 -5.75313e-05 -5.75303e-05 -5.75314e-05 -6.03639e-05 -6.03637e-05 -6.03639e-05 -6.03636e-05 -6.37481e-05 -6.37482e-05 -6.37481e-05 -6.37482e-05 -6.6411e-05 -6.6411e-05 -6.6411e-05 -6.6411e-05 -6.7413e-05 -6.7413e-05 -6.7413e-05 -6.7413e-05
0.438 -5.68462e-05 -6.46993e-05 -4.84745e-05 -5.86989e-05 -6.11877e-05 -5.9477e-05 -6.21509e-05 -5.99668e-05 -5.75747e-05 -5.7947e-05 -5.7454e-05 -5.79208e-05 -5.2936e-05 -5.28551e-05 -5.29529e-05 -5.2853e-05 -4.97422e-05 -4.97598e-05 -4.97396e-05 -4.97609e-05 -5.01493e-05 -5.01455e-05 -5.01498e-05 -5.01452e-05 -5.4243e-05 -5.42438e-05 -5.42429e-05 -5.42439e-05 -6.08072e-05 -6.0807e-05 -6.08072e-05 -6.0807e-05 -6.78031e-05 -6.78031e-05 -6.78031e-05 -6.78032e-05 -7.3083e-05 -7.3083e-05 -7.3083e-05 -7.3083e-05 -7.50405e-05 -7.50405e-05 -7.50405e-05 -7.50405e-05
0.439 -5.71789e-05 -6.36721e-05 -4.98083e-05 -5.8716e-05 -5.73836e-05 -5.59653e-05 -5.82498e-05 -5.63495e-05 -5.10689e-05 -5.13784e-05 -5.09574e-05 -5.13631e-05 -4.49603e-05 -4.48929e-05 -4.49764e-05 -4.48897e-05 -4.19088e-05 -4.19235e-05 -4.19063e-05 -4.19248e-05 -4.40051e-05 -4.40019e-05 -4.40056e-05 -4.40016e-05 -5.10594e-05 -5.10601e-05 -5.10593e-05 -5.10602e-05 -6.12686e-05 -6.12684e-05 -6.12686e-05 -6.12684e-05 -7.17858e-05 -7.17859e-05 -7.17858e-05 -7.17859e-05 -7.96154e-05 -7.96154e-05 -7.96154e-05 -7.96154e-05 -8.25036e-05 -8.25036e-05 -8.25036e-05 -8.25036e-05
0.44 -5.70727e-05 -6.22307e-05 -5.07043e-05 -5.82996e-05 -5.33656e-05 -5.22345e-05 -5.41336e-05 -5.25159e-05 -4.45524e-05 -4.48e-05 -4.44504e-05 -4.47952e-05 -3.71268e-05 -3.70727e-05 -3.7142e-05 -3.70684e-05 -3.42924e-05 -3.43042e-05 -3.42899e-05 -3.43056e-05 -3.80706e-05 -3.8068e-05 -3.80711e-05 -3.80677e-05 -4.80087e-05 -4.80092e-05 -4.80086e-05 -4.80093e-05 -6.17432e-05 -6.17431e-05 -6.17432e-05 -6.17431e-05 -7.56562e-05 -7.56562e-05 -7.56562e-05 -7.56562e-05 -8.59408e-05 -8.59408e-05 -8.59408e-05 -8.59408e-05 -8.97246e-05 -8.97246e-05 -8.97246e-05 -8.97246e-05
0.441 -5.65524e-05 -6.04088e-05 -5.11797e-05 -5.74765e-05 -4.91767e-05 -4.83258e-05 -4.9846e-05 -4.85078e-05 -3.80789e-05 -3.82662e-05 -3.79867e-05 -3.82713e-05 -2.94964e-05 -2.94553e-05 -2.95106e-05 -2.945e-05 -2.69534e-05 -2.69625e-05 -2.69511e-05 -2.6964e-05 -3.23956e-05 -3.23936e-05 -3.2396e-05 -3.23933e-05 -4.51178e-05 -4.51182e-05 -4.51177e-05 -4.51183e-05 -6.22263e-05 -6.22262e-05 -6.22263e-05 -6.22262e-05 -7.93753e-05 -7.93753e-05 -7.93753e-05 -7.93753e-05 -9.19943e-05 -9.19943e-05 -9.19943e-05 -9.19943e-05 -9.66289e-05 -9.66289e-05 -9.66289e-05 -9.66289e-05
0.442 -5.56445e-05 -5.82409e-05 -5.1254e-05 -5.62753e-05 -4.48591e-05 -4.42796e-05 -4.543e-05 -4.43663e-05 -3.17e-05 -3.18289e-05 -3.16177e-05 -3.18433e-05 -2.21265e-05 -2.2098e-05 -2.21397e-05 -2.20918e-05 -1.99488e-05 -1.99551e-05 -1.99465e-05 -1.99567e-05 -2.70266e-05 -2.70252e-05 -2.7027e-05 -2.70249e-05 -4.24118e-05 -4.24121e-05 -4.24117e-05 -4.24122e-05 -6.27126e-05 -6.27125e-05 -6.27126e-05 -6.27125e-05 -8.29059e-05 -8.29059e-05 -8.29059e-05 -8.29059e-05 -9.77142e-05 -9.77142e-05 -9.77142e-05 -9.77142e-05 -0.000103145 -0.000103145 -0.000103145 -0.000103145
0.443 -5.43772e-05 -5.57627e-05 -5.09484e-05 -5.47257e-05 -4.04542e-05 -4.01358e-05 -4.09279e-05 -4.01317e-05 -2.54646e-05 -2.55372e-05 -2.53923e-05 -2.55603e-05 -1.50709e-05 -1.50544e-05 -1.5083e-05 -1.50475e-05 -1.33309e-05 -1.33346e-05 -1.33288e-05 -1.33363e-05 -2.20062e-05 -2.20054e-05 -2.20066e-05 -2.2005e-05 -3.99131e-05 -3.99133e-05 -3.99131e-05 -3.99134e-05 -6.31964e-05 -6.31964e-05 -6.31964e-05 -6.31964e-05 -8.62127e-05 -8.62127e-05 -8.62127e-05 -8.62127e-05 -0.000103042 -0.000103042 -0.000103042 -0.000103042 -0.000109208 -0.000109208 -0.000109208 -0.000109208
0.444 -5.27799e-05 -5.30102e-05 -5.02863e-05 -5.28589e-05 -3.60025e-05 -3.59331e-05 -3.63805e-05 -3.58433e-05 -1.94189e-05 -1.94378e-05 -1.93566e-05 -1.94689e-05 -8.37916e-06 -8.37429e-06 -8.39017e-06 -8.36664e-06 -7.14786e-06 -7.14907e-06 -7.14582e-06 -7.15076e-06 -1.73728e-05 -1.73725e-05 -1.73732e-05 -1.73722e-05 -3.76413e-05 -3.76414e-05 -3.76412e-05 -3.76415e-05 -6.36715e-05 -6.36715e-05 -6.36715e-05 -6.36715e-05 -8.92627e-05 -8.92627e-05 -8.92627e-05 -8.92627e-05 -0.000107926 -0.000107926 -0.000107926 -0.000107926 -0.000114755 -0.000114755 -0.000114755 -0.000114755
0.445 -5.08831e-05 -5.00198e-05 -4.92924e-05 -5.07067e-05 -3.15429e-05 -3.17096e-05 -3.18278e-05 -3.15394e-05 -1.36062e-05 -1.35742e-05 -1.35539e-05 -1.36127e-05 -2.09691e-06 -2.10302e-06 -2.1068e-06 -2.09476e-06 -1.44259e-06 -1.44144e-06 -1.44069e-06 -1.44315e-06 -1.316e-05 -1.31602e-05 -1.31604e-05 -1.31599e-05 -3.56127e-05 -3.56127e-05 -3.56126e-05 -3.56127e-05 -6.41311e-05 -6.41311e-05 -6.41312e-05 -6.41311e-05 -9.20252e-05 -9.20252e-05 -9.20252e-05 -9.20252e-05 -0.000112315 -0.000112315 -0.000112315 -0.000112315 -0.000119732 -0.000119732 -0.000119732 -0.000119732
0.446 -4.87182e-05 -4.6828e-05 -4.79927e-05 -4.83017e-05 -2.71135e-05 -2.75019e-05 -2.73082e-05 -2.72572e-05 -8.06721e-06 -7.98734e-06 -8.0246e-06 -8.03249e-06 3.73467e-06 3.71823e-06 3.72591e-06 3.727e-06 3.74702e-06 3.75041e-06 3.74878e-06 3.74867e-06 -9.39644e-06 -9.39714e-06 -9.39679e-06 -9.39679e-06 -3.38401e-05 -3.384e-05 -3.38401e-05 -3.38401e-05 -6.45679e-05 -6.45679e-05 -6.45679e-05 -6.45679e-05 -9.44725e-05 -9.44725e-05 -9.44725e-05 -9.44725e-05 -0.000116168 -0.000116168 -0.000116168 -0.000116168 -0.00012409 -0.00012409 -0.00012409 -0.00012409
0.447 -4.63169e-05 -4.34713e-05 -4.64146e-05 -4.56768e-05 -2.27508e-05 -2.33456e-05 -2.28587e-05 -2.30324e-05 -2.83927e-06 -2.7148e-06 -2.80623e-06 -2.76588e-06 9.07886e-06 9.05278e-06 9.07123e-06 9.06196e-06 8.38859e-06 8.39406e-06 8.3902e-06 8.39232e-06 -6.10542e-06 -6.10656e-06 -6.10575e-06 -6.10622e-06 -3.23329e-05 -3.23327e-05 -3.23328e-05 -3.23327e-05 -6.49738e-05 -6.49738e-05 -6.49738e-05 -6.49738e-05 -9.65795e-05 -9.65795e-05 -9.65795e-05 -9.65795e-05 -0.000119447 -0.000119447 -0.000119447 -0.000119447 -0.000127786 -0.000127786 -0.000127786 -0.000127786
0.448 -4.37116e-05 -3.99859e-05 -4.4586e-05 -4.28653e-05 -1.84898e-05 -1.9275e-05 -1.8515e-05 -1.88995e-05 2.04311e-06 2.20873e-06 2.06686e-06 2.15245e-06 1.39036e-05 1.38686e-05 1.38971e-05 1.38781e-05 1.24554e-05 1.24628e-05 1.24568e-05 1.2461e-05 -3.30474e-06 -3.3063e-06 -3.30505e-06 -3.30597e-06 -3.10965e-05 -3.10961e-05 -3.10964e-05 -3.10962e-05 -6.53401e-05 -6.53402e-05 -6.53402e-05 -6.53402e-05 -9.83247e-05 -9.83246e-05 -9.83247e-05 -9.83247e-05 -0.000122121 -0.000122121 -0.000122121 -0.000122121 -0.000130788 -0.000130788 -0.000130788 -0.000130788
0.449 -4.09348e-05 -3.64075e-05 -4.25358e-05 -3.99005e-05 -1.43641e-05 -1.53227e-05 -1.43109e-05 -1.48915e-05 6.54862e-06 6.75178e-06 6.56342e-06 6.69105e-06 1.81814e-05 1.81383e-05 1.8176e-05 1.8148e-05 1.59264e-05 1.59355e-05 1.59277e-05 1.59338e-05 -1.00656e-06 -1.0085e-06 -1.00684e-06 -1.00818e-06 -3.01324e-05 -3.0132e-05 -3.01323e-05 -3.0132e-05 -6.56578e-05 -6.56579e-05 -6.56578e-05 -6.56579e-05 -9.96894e-05 -9.96893e-05 -9.96894e-05 -9.96893e-05 -0.000124165 -0.000124165 -0.000124165 -0.000124165 -0.000133066 -0.000133066 -0.000133066 -0.000133066
0.45 -3.80191e-05 -3.27713e-05 -4.02934e-05 -3.68155e-05 -1.04054e-05 -1.15201e-05 -1.02787e-05 -1.10398e-05 1.06492e-05 1.08862e-05 1.06554e-05 1.08217e-05 2.18899e-05 2.18395e-05 2.18857e-05 2.18494e-05 1.87866e-05 1.87974e-05 1.87878e-05 1.87957e-05 7.82729e-07 7.80443e-07 7.82472e-07 7.80751e-07 -2.94384e-05 -2.94379e-05 -2.94384e-05 -2.9438e-05 -6.5917e-05 -6.59171e-05 -6.5917e-05 -6.59171e-05 -0.000100659 -0.000100659 -0.000100659 -0.000100659 -0.000125561 -0.000125561 -0.000125561 -0.000125561 -0.000134604 -0.000134604 -0.000134604 -0.000134604
0.451 -3.49968e-05 -2.91117e-05 -3.78883e-05 -3.36432e-05 -6.6438e-06 -7.89684e-06 -6.44883e-06 -7.37415e-06 1.432e-05 1.4587e-05 1.43181e-05 1.45196e-05 2.50115e-05 2.49546e-05 2.50083e-05 2.49645e-05 2.1027e-05 2.10391e-05 2.1028e-05 2.10375e-05 2.06245e-06 2.05986e-06 2.06222e-06 2.06015e-06 -2.90084e-05 -2.90079e-05 -2.90084e-05 -2.90079e-05 -6.61077e-05 -6.61078e-05 -6.61077e-05 -6.61078e-05 -0.000101221 -0.000101221 -0.000101221 -0.000101221 -0.000126298 -0.000126298 -0.000126298 -0.000126298 -0.000135389 -0.000135389 -0.000135389 -0.000135389
0.452 -3.19002e-05 -2.54625e-05 -3.53505e-05 -3.04162e-05 -3.10758e-06 -4.48072e-06 -2.84975e-06 -3.92244e-06 1.75397e-05 1.78327e-05 1.75301e-05 1.77631e-05 2.75334e-05 2.74709e-05 2.75313e-05 2.74807e-05 2.26443e-05 2.26577e-05 2.26451e-05 2.26561e-05 2.83759e-06 2.83474e-06 2.83739e-06 2.83501e-06 -2.88326e-05 -2.8832e-05 -2.88326e-05 -2.88321e-05 -6.62193e-05 -6.62195e-05 -6.62193e-05 -6.62194e-05 -0.000101368 -0.000101368 -0.000101368 -0.000101368 -0.000126371 -0.000126371 -0.000126371 -0.000126371 -0.000135418 -0.000135418 -0.000135418 -0.000135418
0.453 -2.87607e-05 -2.18561e-05 -3.27097e-05 -2.71662e-05 1.77017e-07 -1.2978e-06 4.92014e-07 -7.10758e-07 2.02904e-05 2.06055e-05 2.02737e-05 2.05344e-05 2.94482e-05 2.93808e-05 2.9447e-05 2.93905e-05 2.36414e-05 2.36558e-05 2.3642e-05 2.36543e-05 3.1187e-06 3.11562e-06 3.11852e-06 3.11587e-06 -2.88977e-05 -2.88971e-05 -2.88977e-05 -2.88971e-05 -6.62413e-05 -6.62414e-05 -6.62413e-05 -6.62414e-05 -0.000101096 -0.000101096 -0.000101096 -0.000101096 -0.000125782 -0.000125782 -0.000125782 -0.000125782 -0.000134695 -0.000134695 -0.000134695 -0.000134695
0.454 -2.56096e-05 -1.83243e-05 -2.99955e-05 -2.39246e-05 3.18584e-06 1.62785e-06 3.5521e-06 2.23686e-06 2.25577e-05 2.2891e-05 2.25343e-05 2.28191e-05 3.0753e-05 3.06817e-05 3.07528e-05 3.06912e-05 2.40267e-05 2.40419e-05 2.40272e-05 2.40405e-05 2.9216e-06 2.91833e-06 2.92145e-06 2.91857e-06 -2.9187e-05 -2.91863e-05 -2.9187e-05 -2.91864e-05 -6.61629e-05 -6.61631e-05 -6.61629e-05 -6.61631e-05 -0.000100403 -0.000100403 -0.000100403 -0.000100403 -0.000124538 -0.000124538 -0.000124538 -0.000124538 -0.000133232 -0.000133232 -0.000133232 -0.000133232
0.455 -2.24772e-05 -1.48972e-05 -2.72374e-05 -2.07217e-05 5.89695e-06 4.2743e-06 6.30841e-06 4.89851e-06 2.43309e-05 2.46783e-05 2.43015e-05 2.46064e-05 3.14503e-05 3.13759e-05 3.1451e-05 3.13851e-05 2.38144e-05 2.38304e-05 2.38148e-05 2.3829e-05 2.26718e-06 2.26377e-06 2.26706e-06 2.26398e-06 -2.96809e-05 -2.96802e-05 -2.96809e-05 -2.96802e-05 -6.59737e-05 -6.59739e-05 -6.59737e-05 -6.59738e-05 -9.92933e-05 -9.92933e-05 -9.92933e-05 -9.92933e-05 -0.000122655 -0.000122655 -0.000122655 -0.000122655 -0.000131048 -0.000131048 -0.000131048 -0.000131048
0.456 -1.93928e-05 -1.16038e-05 -2.44642e-05 -1.75867e-05 8.29073e-06 6.62183e-06 8.74123e-06 7.25458e-06 2.5603e-05 2.59607e-05 2.55682e-05 2.58894e-05 3.15474e-05 3.14708e-05 3.1549e-05 3.14796e-05 2.30242e-05 2.30407e-05 2.30245e-05 2.30394e-05 1.18102e-06 1.1775e-06 1.18093e-06 1.17769e-06 -3.03572e-05 -3.03564e-05 -3.03572e-05 -3.03565e-05 -6.56635e-05 -6.56636e-05 -6.56635e-05 -6.56636e-05 -9.77723e-05 -9.77723e-05 -9.77723e-05 -9.77723e-05 -0.000120152 -0.000120152 -0.000120152 -0.000120152 -0.000128169 -0.000128169 -0.000128169 -0.000128169
0.457 -1.6385e-05 -8.47157e-06 -2.17039e-05 -1.45479e-05 1.03501e-05 8.65314e-06 1.08334e-05 9.28788e-06 2.6371e-05 2.67349e-05 2.63313e-05 2.6665e-05 3.10565e-05 3.09785e-05 3.10589e-05 3.09869e-05 2.16808e-05 2.16976e-05 2.16809e-05 2.16965e-05 -3.0699e-07 -3.10586e-07 -3.0706e-07 -3.10413e-07 -3.11912e-05 -3.11905e-05 -3.11912e-05 -3.11905e-05 -6.52225e-05 -6.52227e-05 -6.52225e-05 -6.52227e-05 -9.58498e-05 -9.58498e-05 -9.58498e-05 -9.58498e-05 -0.000117055 -0.000117055 -0.000117055 -0.000117055 -0.000124627 -0.000124627 -0.000124627 -0.000124627
0.458 -1.3481e-05 -5.52636e-06 -1.89842e-05 -1.16322e-05 1.20605e-05 1.03534e-05 1.25703e-05 1.09838e-05 2.66354e-05 2.70018e-05 2.65915e-05 2.69338e-05 2.99946e-05 2.99159e-05 2.99977e-05 2.99238e-05 1.98139e-05 1.98308e-05 1.98138e-05 1.98297e-05 -2.16311e-06 -2.16674e-06 -2.16316e-06 -2.16659e-06 -3.21566e-05 -3.21559e-05 -3.21566e-05 -3.21559e-05 -6.4642e-05 -6.46421e-05 -6.4642e-05 -6.46421e-05 -9.35388e-05 -9.35388e-05 -9.35388e-05 -9.35388e-05 -0.000113396 -0.000113396 -0.000113396 -0.000113396 -0.00012046 -0.00012046 -0.00012046 -0.00012046
0.459 -1.07068e-05 -2.79218e-06 -1.63313e-05 -8.86513e-06 1.34102e-05 1.17106e-05 1.39403e-05 1.23303e-05 2.64011e-05 2.67662e-05 2.63536e-05 2.67007e-05 2.83832e-05 2.83047e-05 2.83869e-05 2.83121e-05 1.74574e-05 1.74743e-05 1.74572e-05 1.74734e-05 -4.35023e-06 -4.35384e-06 -4.35024e-06 -4.35372e-06 -3.32255e-05 -3.32247e-05 -3.32255e-05 -3.32248e-05 -6.39137e-05 -6.39139e-05 -6.39137e-05 -6.39139e-05 -9.08552e-05 -9.08551e-05 -9.08552e-05 -9.08551e-05 -0.000109209 -0.000109209 -0.000109209 -0.000109209 -0.00011571 -0.00011571 -0.00011571 -0.00011571
0.46 -8.08673e-06 -2.91179e-07 -1.37708e-05 -6.27059e-06 1.43905e-05 1.27152e-05 1.49345e-05 1.33184e-05 2.56765e-05 2.60366e-05 2.5626e-05 2.59743e-05 2.62483e-05 2.6171e-05 2.62527e-05 2.61777e-05 1.46497e-05 1.46663e-05 1.46494e-05 1.46655e-05 -6.82835e-06 -6.83192e-06 -6.82834e-06 -6.83182e-06 -3.4369e-05 -3.43683e-05 -3.4369e-05 -3.43683e-05 -6.30309e-05 -6.30311e-05 -6.30309e-05 -6.3031e-05 -8.78178e-05 -8.78178e-05 -8.78178e-05 -8.78178e-05 -0.000104534 -0.000104534 -0.000104534 -0.000104534 -0.000110425 -0.000110425 -0.000110425 -0.000110425
0.461 -5.64375e-06 1.95659e-06 -1.13266e-05 -3.87082e-06 1.49954e-05 1.33609e-05 1.55473e-05 1.39418e-05 2.44743e-05 2.48258e-05 2.44215e-05 2.47671e-05 2.36205e-05 2.35449e-05 2.36254e-05 2.35509e-05 1.14326e-05 1.14488e-05 1.14322e-05 1.14482e-05 -9.5552e-06 -9.55869e-06 -9.55517e-06 -9.55862e-06 -3.55578e-05 -3.55571e-05 -3.55578e-05 -3.55571e-05 -6.19877e-05 -6.19879e-05 -6.19877e-05 -6.19879e-05 -8.44484e-05 -8.44483e-05 -8.44484e-05 -8.44483e-05 -9.94152e-05 -9.94152e-05 -9.94152e-05 -9.94152e-05 -0.000104657 -0.000104657 -0.000104657 -0.000104657
0.462 -3.39895e-06 3.93324e-06 -9.02155e-06 -1.68615e-06 1.52223e-05 1.36443e-05 1.5776e-05 1.41976e-05 2.28108e-05 2.31504e-05 2.27563e-05 2.3096e-05 2.05338e-05 2.04608e-05 2.05392e-05 2.04661e-05 7.85116e-06 7.86689e-06 7.85063e-06 7.86636e-06 -1.24868e-05 -1.24901e-05 -1.24867e-05 -1.24901e-05 -3.67625e-05 -3.67618e-05 -3.67625e-05 -3.67618e-05 -6.078e-05 -6.07801e-05 -6.078e-05 -6.07801e-05 -8.07708e-05 -8.07708e-05 -8.07708e-05 -8.07708e-05 -9.38978e-05 -9.38978e-05 -9.38978e-05 -9.38978e-05 -9.84599e-05 -9.84599e-05 -9.84599e-05 -9.84599e-05
0.463 -1.37153e-06 5.62327e-06 -6.87676e-06 2.6505e-07 1.50717e-05 1.35652e-05 1.56214e-05 1.40857e-05 2.07066e-05 2.1031e-05 2.0651e-05 2.09812e-05 1.70266e-05 1.69567e-05 1.70323e-05 1.69613e-05 3.95321e-06 3.96826e-06 3.95259e-06 3.96786e-06 -1.55778e-05 -1.55811e-05 -1.55777e-05 -1.5581e-05 -3.79541e-05 -3.79534e-05 -3.79541e-05 -3.79534e-05 -5.94049e-05 -5.94051e-05 -5.94049e-05 -5.94051e-05 -7.68114e-05 -7.68114e-05 -7.68114e-05 -7.68114e-05 -8.80306e-05 -8.80306e-05 -8.80306e-05 -8.80306e-05 -9.18909e-05 -9.18909e-05 -9.18909e-05 -9.18909e-05
0.464 4.21363e-07 7.01363e-06 -4.91169e-06 1.96659e-06 1.45474e-05 1.31264e-05 1.50873e-05 1.36094e-05 1.81857e-05 1.84919e-05 1.81296e-05 1.84472e-05 1.31401e-05 1.30741e-05 1.31462e-05 1.30779e-05 -2.11273e-07 -1.97052e-07 -2.11986e-07 -1.97315e-07 -1.87826e-05 -1.87857e-05 -1.87825e-05 -1.87857e-05 -3.91043e-05 -3.91037e-05 -3.91044e-05 -3.91037e-05 -5.78616e-05 -5.78617e-05 -5.78616e-05 -5.78617e-05 -7.25983e-05 -7.25982e-05 -7.25983e-05 -7.25982e-05 -8.18641e-05 -8.18641e-05 -8.18641e-05 -8.18641e-05 -8.50088e-05 -8.50088e-05 -8.50088e-05 -8.50088e-05
0.465 1.96476e-06 8.09388e-06 -3.14398e-06 3.40453e-06 1.36566e-05 1.23342e-05 1.41813e-05 1.27753e-05 1.52759e-05 1.55611e-05 1.522e-05 1.55219e-05 8.91891e-06 8.85739e-06 8.92526e-06 8.86042e-06 -4.59065e-06 -4.57739e-06 -4.59145e-06 -4.57752e-06 -2.20553e-05 -2.20582e-05 -2.20552e-05 -2.20582e-05 -4.01863e-05 -4.01857e-05 -4.01863e-05 -4.01857e-05 -5.61507e-05 -5.61508e-05 -5.61507e-05 -5.61508e-05 -6.81612e-05 -6.81611e-05 -6.81612e-05 -6.81611e-05 -7.54499e-05 -7.54499e-05 -7.54499e-05 -7.54499e-05 -7.78733e-05 -7.78733e-05 -7.78733e-05 -7.78733e-05
0.466 3.24598e-06 8.85632e-06 -1.58926e-06 4.56736e-06 1.24096e-05 1.11979e-05 1.29139e-05 1.15933e-05 1.20085e-05 1.22701e-05 1.19533e-05 1.22366e-05 4.41028e-06 4.3538e-06 4.41682e-06 4.35601e-06 -9.13217e-06 -9.11998e-06 -9.13303e-06 -9.11998e-06 -2.53506e-05 -2.53533e-05 -2.53505e-05 -2.53533e-05 -4.11747e-05 -4.11741e-05 -4.11747e-05 -4.11741e-05 -5.42748e-05 -5.42749e-05 -5.42748e-05 -5.42749e-05 -6.35313e-05 -6.35312e-05 -6.35313e-05 -6.35312e-05 -6.88404e-05 -6.88404e-05 -6.88404e-05 -6.88404e-05 -7.05446e-05 -7.05446e-05 -7.05446e-05 -7.05446e-05
0.467 4.25481e-06 9.29607e-06 -2.61077e-07 5.44607e-06 1.08204e-05 9.73024e-06 1.12994e-05 1.00764e-05 8.41806e-06 8.65372e-06 8.36411e-06 8.62628e-06 -3.36381e-07 -3.87307e-07 -3.29725e-07 -3.85937e-07 -1.37825e-05 -1.37715e-05 -1.37834e-05 -1.37713e-05 -2.86244e-05 -2.86267e-05 -2.86242e-05 -2.86268e-05 -4.2046e-05 -4.20455e-05 -4.20461e-05 -4.20455e-05 -5.22383e-05 -5.22384e-05 -5.22383e-05 -5.22384e-05 -5.87406e-05 -5.87406e-05 -5.87406e-05 -5.87406e-05 -6.2088e-05 -6.2088e-05 -6.2088e-05 -6.2088e-05 -6.30826e-05 -6.30826e-05 -6.30826e-05 -6.30826e-05
0.468 4.98353e-06 9.41116e-06 8.29226e-07 6.03427e-06 8.90598e-06 7.94699e-06 9.35508e-06 8.24097e-06 4.54209e-06 4.74969e-06 4.48995e-06 4.72851e-06 -5.26983e-06 -5.31475e-06 -5.26313e-06 -5.31423e-06 -1.84882e-05 -1.84785e-05 -1.84892e-05 -1.84782e-05 -3.18338e-05 -3.18359e-05 -3.18336e-05 -3.1836e-05 -4.27793e-05 -4.27788e-05 -4.27793e-05 -4.27788e-05 -5.00475e-05 -5.00476e-05 -5.00475e-05 -5.00477e-05 -5.38222e-05 -5.38221e-05 -5.38222e-05 -5.38221e-05 -5.52446e-05 -5.52446e-05 -5.52446e-05 -5.52446e-05 -5.55462e-05 -5.55462e-05 -5.55462e-05 -5.55462e-05
0.469 5.42706e-06 9.2026e-06 1.67264e-06 6.32826e-06 6.68656e-06 5.8671e-06 7.10152e-06 6.10644e-06 4.20821e-07 5.98564e-07 3.71009e-07 5.83794e-07 -1.03375e-05 -1.0376e-05 -1.03308e-05 -1.03763e-05 -2.31965e-05 -2.31881e-05 -2.31975e-05 -2.31877e-05 -3.49381e-05 -3.49399e-05 -3.4938e-05 -3.49401e-05 -4.33557e-05 -4.33553e-05 -4.33557e-05 -4.33553e-05 -4.77106e-05 -4.77107e-05 -4.77106e-05 -4.77107e-05 -4.88091e-05 -4.88091e-05 -4.88091e-05 -4.88091e-05 -4.83614e-05 -4.83614e-05 -4.83614e-05 -4.83614e-05 -4.79928e-05 -4.79928e-05 -4.79928e-05 -4.79928e-05
0.47 5.583e-06 8.6744e-06 2.26254e-06 6.32713e-06 4.18541e-06 3.51244e-06 4.56238e-06 3.6952e-06 -3.90315e-06 -3.75679e-06 -3.95017e-06 -3.76505e-06 -1.5486e-05 -1.55178e-05 -1.54794e-05 -1.5519e-05 -2.78555e-05 -2.78486e-05 -2.78565e-05 -2.78481e-05 -3.78992e-05 -3.79007e-05 -3.7899e-05 -3.79008e-05 -4.37593e-05 -4.3759e-05 -4.37594e-05 -4.3759e-05 -4.52373e-05 -4.52374e-05 -4.52373e-05 -4.52374e-05 -4.37349e-05 -4.37349e-05 -4.37349e-05 -4.37349e-05 -4.1488e-05 -4.1488e-05 -4.1488e-05 -4.1488e-05 -4.04779e-05 -4.04779e-05 -4.04779e-05 -4.04779e-05
0.471 5.45168e-06 7.83359e-06 2.59481e-06 6.03273e-06 1.42862e-06 9.07682e-07 1.76415e-06 1.03247e-06 -8.38528e-06 -8.2715e-06 -8.42905e-06 -8.27322e-06 -2.06617e-05 -2.06865e-05 -2.06552e-05 -2.06884e-05 -3.24149e-05 -3.24095e-05 -3.2416e-05 -3.24089e-05 -4.06814e-05 -4.06826e-05 -4.06812e-05 -4.06827e-05 -4.3977e-05 -4.39768e-05 -4.39771e-05 -4.39768e-05 -4.26393e-05 -4.26393e-05 -4.26393e-05 -4.26393e-05 -3.86327e-05 -3.86327e-05 -3.86327e-05 -3.86326e-05 -3.46722e-05 -3.46722e-05 -3.46722e-05 -3.46722e-05 -3.30544e-05 -3.30544e-05 -3.30544e-05 -3.30544e-05
0.472 5.03619e-06 6.69019e-06 2.66781e-06 5.44975e-06 -1.55507e-06 -1.91993e-06 -1.26398e-06 -1.85394e-06 -1.29794e-05 -1.28991e-05 -1.30196e-05 -1.28944e-05 -2.58109e-05 -2.58285e-05 -2.58046e-05 -2.58312e-05 -3.68264e-05 -3.68226e-05 -3.68275e-05 -3.68218e-05 -4.32523e-05 -4.32531e-05 -4.32521e-05 -4.32533e-05 -4.39986e-05 -4.39984e-05 -4.39987e-05 -4.39984e-05 -3.99294e-05 -3.99294e-05 -3.99294e-05 -3.99294e-05 -3.35351e-05 -3.35351e-05 -3.35351e-05 -3.35351e-05 -2.79595e-05 -2.79595e-05 -2.79595e-05 -2.79595e-05 -2.57724e-05 -2.57724e-05 -2.57724e-05 -2.57724e-05
0.473 4.3424e-06 5.25718e-06 2.48248e-06 4.58566e-06 -4.73456e-06 -4.94081e-06 -4.49045e-06 -4.93388e-06 -1.76384e-05 -1.75922e-05 -1.76746e-05 -1.7581e-05 -3.08809e-05 -3.08912e-05 -3.08749e-05 -3.08947e-05 -4.10442e-05 -4.10419e-05 -4.10453e-05 -4.10411e-05 -4.55828e-05 -4.55833e-05 -4.55826e-05 -4.55835e-05 -4.38168e-05 -4.38167e-05 -4.38168e-05 -4.38166e-05 -3.71221e-05 -3.71222e-05 -3.71221e-05 -3.71222e-05 -2.84741e-05 -2.84741e-05 -2.84741e-05 -2.84741e-05 -2.1393e-05 -2.1393e-05 -2.1393e-05 -2.1393e-05 -1.86784e-05 -1.86784e-05 -1.86784e-05 -1.86784e-05
0.474 3.37886e-06 3.55037e-06 2.0423e-06 3.4507e-06 -8.07668e-06 -8.12336e-06 -7.88163e-06 -8.17517e-06 -2.23144e-05 -2.23024e-05 -2.23462e-05 -2.2285e-05 -3.58201e-05 -3.5823e-05 -3.58144e-05 -3.58272e-05 -4.50253e-05 -4.50246e-05 -4.50263e-05 -4.50237e-05 -4.76474e-05 -4.76475e-05 -4.76471e-05 -4.76477e-05 -4.34272e-05 -4.34272e-05 -4.34272e-05 -4.34271e-05 -3.42331e-05 -3.42331e-05 -3.42331e-05 -3.42331e-05 -2.34805e-05 -2.34805e-05 -2.34805e-05 -2.34805e-05 -1.50126e-05 -1.50126e-05 -1.50126e-05 -1.50126e-05 -1.18158e-05 -1.18158e-05 -1.18158e-05 -1.18158e-05
0.475 2.15683e-06 1.58832e-06 1.3533e-06 2.0578e-06 -1.15465e-05 -1.14342e-05 -1.14021e-05 -1.15439e-05 -2.69594e-05 -2.69816e-05 -2.69866e-05 -2.69581e-05 -4.05786e-05 -4.05743e-05 -4.05734e-05 -4.05791e-05 -4.87299e-05 -4.87307e-05 -4.87309e-05 -4.87297e-05 -4.94241e-05 -4.9424e-05 -4.94239e-05 -4.94242e-05 -4.28284e-05 -4.28284e-05 -4.28284e-05 -4.28284e-05 -3.12788e-05 -3.12788e-05 -3.12788e-05 -3.12788e-05 -1.8584e-05 -1.8584e-05 -1.8584e-05 -1.8584e-05 -8.85539e-06 -8.85539e-06 -8.85539e-06 -8.85539e-06 -5.22378e-06 -5.22379e-06 -5.22379e-06 -5.22378e-06
0.476 6.90116e-07 -6.07836e-07 4.23974e-07 4.22433e-07 -1.51077e-05 -1.48387e-05 -1.5015e-05 -1.50047e-05 -3.15259e-05 -3.15817e-05 -3.15482e-05 -3.15524e-05 -4.51089e-05 -4.50973e-05 -4.51041e-05 -4.51028e-05 -5.21217e-05 -5.21241e-05 -5.21227e-05 -5.2123e-05 -5.08951e-05 -5.08946e-05 -5.08949e-05 -5.08948e-05 -4.20217e-05 -4.20218e-05 -4.20218e-05 -4.20218e-05 -2.82768e-05 -2.82768e-05 -2.82768e-05 -2.82768e-05 -1.38126e-05 -1.38126e-05 -1.38126e-05 -1.38126e-05 -2.95503e-06 -2.95503e-06 -2.95503e-06 -2.95503e-06 1.06234e-06 1.06234e-06 1.06234e-06 1.06234e-06
0.477 -1.005e-06 -3.01459e-06 -7.34763e-07 -1.43745e-06 -1.87231e-05 -1.8301e-05 -1.86826e-05 -1.85213e-05 -3.59669e-05 -3.60557e-05 -3.59842e-05 -3.60209e-05 -4.93661e-05 -4.93474e-05 -4.93618e-05 -4.93535e-05 -5.51684e-05 -5.51724e-05 -5.51694e-05 -5.51712e-05 -5.20459e-05 -5.20451e-05 -5.20457e-05 -5.20453e-05 -4.10111e-05 -4.10113e-05 -4.10111e-05 -4.10112e-05 -2.52448e-05 -2.52448e-05 -2.52448e-05 -2.52448e-05 -9.19264e-06 -9.19265e-06 -9.19265e-06 -9.19265e-06 2.65833e-06 2.65833e-06 2.65833e-06 2.65833e-06 7.01139e-06 7.01139e-06 7.01139e-06 7.01139e-06
0.478 -2.90994e-06 -5.60625e-06 -2.10969e-06 -3.50165e-06 -2.23547e-05 -2.17848e-05 -2.23665e-05 -2.20569e-05 -4.02374e-05 -4.03579e-05 -4.02495e-05 -4.03181e-05 -5.33084e-05 -5.32828e-05 -5.33045e-05 -5.32894e-05 -5.78417e-05 -5.78472e-05 -5.78427e-05 -5.7846e-05 -5.28663e-05 -5.28652e-05 -5.28661e-05 -5.28654e-05 -3.98029e-05 -3.98031e-05 -3.98029e-05 -3.98031e-05 -2.22012e-05 -2.22011e-05 -2.22011e-05 -2.22011e-05 -4.74852e-06 -4.74853e-06 -4.74852e-06 -4.74853e-06 7.9581e-06 7.9581e-06 7.9581e-06 7.9581e-06 1.25964e-05 1.25964e-05 1.25964e-05 1.25964e-05
0.479 -5.00399e-06 -8.35525e-06 -3.68539e-06 -5.74786e-06 -2.59645e-05 -2.52535e-05 -2.60281e-05 -2.55743e-05 -4.42937e-05 -4.44446e-05 -4.43005e-05 -4.44002e-05 -5.68975e-05 -5.68654e-05 -5.68942e-05 -5.68724e-05 -6.01176e-05 -6.01244e-05 -6.01184e-05 -6.01232e-05 -5.33496e-05 -5.33482e-05 -5.33494e-05 -5.33484e-05 -3.84056e-05 -3.84059e-05 -3.84057e-05 -3.84059e-05 -1.91641e-05 -1.9164e-05 -1.91641e-05 -1.9164e-05 -5.02569e-07 -5.02583e-07 -5.02571e-07 -5.02581e-07 1.29213e-05 1.29213e-05 1.29213e-05 1.29213e-05 1.77945e-05 1.77945e-05 1.77945e-05 1.77945e-05
0.48 -7.26451e-06 -1.12324e-05 -5.44443e-06 -8.15195e-06 -2.95147e-05 -2.86708e-05 -2.9629e-05 -2.90367e-05 -4.80948e-05 -4.82744e-05 -4.80964e-05 -4.82258e-05 -6.00992e-05 -6.00609e-05 -6.00965e-05 -6.00683e-05 -6.19763e-05 -6.19844e-05 -6.19771e-05 -6.19832e-05 -5.34928e-05 -5.34911e-05 -5.34926e-05 -5.34913e-05 -3.683e-05 -3.68303e-05 -3.683e-05 -3.68303e-05 -1.61518e-05 -1.61517e-05 -1.61517e-05 -1.61517e-05 3.52509e-06 3.52508e-06 3.52509e-06 3.52508e-06 1.75288e-05 1.75288e-05 1.75288e-05 1.75288e-05 2.25873e-05 2.25873e-05 2.25873e-05 2.25873e-05
0.481 -9.66721e-06 -1.42071e-05 -7.36754e-06 -1.06882e-05 -3.29682e-05 -3.2001e-05 -3.31319e-05 -3.24079e-05 -5.16025e-05 -5.18088e-05 -5.15989e-05 -5.17565e-05 -6.28834e-05 -6.28394e-05 -6.28813e-05 -6.2847e-05 -6.34026e-05 -6.3412e-05 -6.34033e-05 -6.34107e-05 -5.32964e-05 -5.32944e-05 -5.32963e-05 -5.32947e-05 -3.50881e-05 -3.50885e-05 -3.50881e-05 -3.50885e-05 -1.31818e-05 -1.31817e-05 -1.31818e-05 -1.31817e-05 7.3167e-06 7.31668e-06 7.3167e-06 7.31668e-06 2.17648e-05 2.17648e-05 2.17648e-05 2.17648e-05 2.69602e-05 2.69602e-05 2.69602e-05 2.69602e-05
0.482 -1.21863e-05 -1.7248e-05 -9.43376e-06 -1.33294e-05 -3.62892e-05 -3.52092e-05 -3.65001e-05 -3.56528e-05 -5.47819e-05 -5.50124e-05 -5.4773e-05 -5.49571e-05 -6.52247e-05 -6.51754e-05 -6.52232e-05 -6.51832e-05 -6.43858e-05 -6.43964e-05 -6.43865e-05 -6.43951e-05 -5.27644e-05 -5.27621e-05 -5.27642e-05 -5.27623e-05 -3.31938e-05 -3.31943e-05 -3.31938e-05 -3.31942e-05 -1.02713e-05 -1.02712e-05 -1.02713e-05 -1.02712e-05 1.08569e-05 1.08569e-05 1.08569e-05 1.08569e-05 2.56173e-05 2.56173e-05 2.56173e-05 2.56173e-05 3.09028e-05 3.09028e-05 3.09028e-05 3.09028e-05
0.483 -1.47949e-05 -2.03228e-05 -1.16207e-05 -1.60476e-05 -3.94432e-05 -3.82623e-05 -3.96988e-05 -3.87377e-05 -5.76015e-05 -5.78538e-05 -5.75875e-05 -5.7796e-05 -6.71021e-05 -6.70481e-05 -6.71012e-05 -6.7056e-05 -6.49198e-05 -6.49313e-05 -6.49203e-05 -6.49301e-05 -5.19036e-05 -5.19011e-05 -5.19034e-05 -5.19013e-05 -3.11618e-05 -3.11624e-05 -3.11619e-05 -3.11623e-05 -7.43649e-06 -7.43637e-06 -7.43648e-06 -7.43638e-06 1.41329e-05 1.41329e-05 1.41329e-05 1.41329e-05 2.90779e-05 2.90779e-05 2.90779e-05 2.90779e-05 3.44085e-05 3.44085e-05 3.44085e-05 3.44085e-05
0.484 -1.74652e-05 -2.33991e-05 -1.39049e-05 -1.88138e-05 -4.23976e-05 -4.11289e-05 -4.26951e-05 -4.16309e-05 -6.0034e-05 -6.03054e-05 -6.00152e-05 -6.02457e-05 -6.84997e-05 -6.84416e-05 -6.84995e-05 -6.84496e-05 -6.50026e-05 -6.5015e-05 -6.5003e-05 -6.50139e-05 -5.0724e-05 -5.07213e-05 -5.07239e-05 -5.07215e-05 -2.9008e-05 -2.90086e-05 -2.9008e-05 -2.90085e-05 -4.69242e-06 -4.6923e-06 -4.69242e-06 -4.69231e-06 1.71343e-05 1.71342e-05 1.71343e-05 1.71342e-05 3.21415e-05 3.21415e-05 3.21415e-05 3.21415e-05 3.74743e-05 3.74743e-05 3.74743e-05 3.74743e-05
0.485 -2.0169e-05 -2.64446e-05 -1.62619e-05 -2.15988e-05 -4.51225e-05 -4.37795e-05 -4.54585e-05 -4.43028e-05 -6.20563e-05 -6.23438e-05 -6.20328e-05 -6.2283e-05 -6.94067e-05 -6.93452e-05 -6.94071e-05 -6.9353e-05 -6.46369e-05 -6.46501e-05 -6.46372e-05 -6.46489e-05 -4.92381e-05 -4.92353e-05 -4.9238e-05 -4.92355e-05 -2.67486e-05 -2.67493e-05 -2.67487e-05 -2.67492e-05 -2.05303e-06 -2.0529e-06 -2.05302e-06 -2.0529e-06 1.98533e-05 1.98533e-05 1.98533e-05 1.98533e-05 3.48061e-05 3.48061e-05 3.48061e-05 3.48061e-05 4.01008e-05 4.01008e-05 4.01008e-05 4.01008e-05
0.486 -2.28775e-05 -2.94274e-05 -1.86664e-05 -2.43732e-05 -4.75903e-05 -4.61876e-05 -4.7961e-05 -4.67266e-05 -6.36499e-05 -6.39504e-05 -6.3622e-05 -6.3889e-05 -6.98172e-05 -6.97528e-05 -6.98182e-05 -6.97605e-05 -6.38292e-05 -6.3843e-05 -6.38295e-05 -6.38419e-05 -4.74608e-05 -4.74578e-05 -4.74607e-05 -4.7458e-05 -2.44004e-05 -2.4401e-05 -2.44004e-05 -2.4401e-05 4.69196e-07 4.69332e-07 4.69201e-07 4.69326e-07 2.22847e-05 2.22847e-05 2.22847e-05 2.22847e-05 3.7073e-05 3.7073e-05 3.7073e-05 3.7073e-05 4.2292e-05 4.2292e-05 4.2292e-05 4.2292e-05
0.487 -2.55624e-05 -3.23164e-05 -2.10931e-05 -2.71079e-05 -4.97765e-05 -4.8329e-05 -5.01779e-05 -4.88779e-05 -6.48008e-05 -6.51112e-05 -6.47689e-05 -6.50498e-05 -6.97303e-05 -6.96638e-05 -6.9732e-05 -6.96713e-05 -6.25904e-05 -6.26046e-05 -6.25905e-05 -6.26036e-05 -4.54091e-05 -4.54061e-05 -4.5409e-05 -4.54062e-05 -2.198e-05 -2.19807e-05 -2.198e-05 -2.19806e-05 2.86327e-06 2.86341e-06 2.86327e-06 2.86341e-06 2.44258e-05 2.44258e-05 2.44258e-05 2.44258e-05 3.89466e-05 3.89466e-05 3.89466e-05 3.89466e-05 4.40546e-05 4.40546e-05 4.40546e-05 4.40546e-05
0.488 -2.81955e-05 -3.50816e-05 -2.35162e-05 -2.97744e-05 -5.16598e-05 -5.0183e-05 -5.20875e-05 -5.0736e-05 -6.55e-05 -6.58168e-05 -6.54644e-05 -6.57562e-05 -6.91503e-05 -6.90823e-05 -6.91525e-05 -6.90895e-05 -6.09347e-05 -6.09493e-05 -6.09347e-05 -6.09483e-05 -4.31018e-05 -4.30987e-05 -4.31018e-05 -4.30989e-05 -1.9504e-05 -1.95047e-05 -1.95041e-05 -1.95047e-05 5.11984e-06 5.11999e-06 5.11985e-06 5.11998e-06 2.62763e-05 2.62762e-05 2.62763e-05 2.62762e-05 4.04337e-05 4.04337e-05 4.04337e-05 4.04337e-05 4.53985e-05 4.53985e-05 4.53985e-05 4.53985e-05
0.489 -3.07494e-05 -3.76947e-05 -2.59103e-05 -3.2345e-05 -5.32223e-05 -5.17318e-05 -5.36718e-05 -5.22832e-05 -6.57433e-05 -6.60632e-05 -6.57043e-05 -6.60038e-05 -6.80859e-05 -6.80172e-05 -6.80887e-05 -6.80241e-05 -5.88802e-05 -5.8895e-05 -5.88802e-05 -5.88941e-05 -4.05593e-05 -4.05562e-05 -4.05593e-05 -4.05563e-05 -1.69887e-05 -1.69894e-05 -1.69887e-05 -1.69894e-05 7.23127e-06 7.23141e-06 7.23127e-06 7.23141e-06 2.78381e-05 2.78381e-05 2.78381e-05 2.78381e-05 4.15438e-05 4.15438e-05 4.15438e-05 4.15438e-05 4.63359e-05 4.63359e-05 4.63359e-05 4.63359e-05
0.49 -3.31978e-05 -4.01291e-05 -2.82505e-05 -3.47932e-05 -5.44499e-05 -5.29615e-05 -5.49162e-05 -5.35054e-05 -6.5531e-05 -6.58507e-05 -6.54892e-05 -6.57933e-05 -6.6551e-05 -6.64823e-05 -6.65543e-05 -6.64887e-05 -5.64481e-05 -5.64628e-05 -5.64479e-05 -5.6462e-05 -3.78032e-05 -3.78e-05 -3.78032e-05 -3.78001e-05 -1.44497e-05 -1.44504e-05 -1.44497e-05 -1.44504e-05 9.19164e-06 9.19178e-06 9.19164e-06 9.19178e-06 2.91157e-05 2.91157e-05 2.91157e-05 2.91157e-05 4.2289e-05 4.2289e-05 4.2289e-05 4.2289e-05 4.68816e-05 4.68816e-05 4.68816e-05 4.68816e-05
0.491 -3.55155e-05 -4.23601e-05 -3.05126e-05 -3.7094e-05 -5.5332e-05 -5.38613e-05 -5.58103e-05 -5.43921e-05 -6.48687e-05 -6.51848e-05 -6.48244e-05 -6.513e-05 -6.45634e-05 -6.44955e-05 -6.45672e-05 -6.45014e-05 -5.36624e-05 -5.3677e-05 -5.36621e-05 -5.36763e-05 -3.48561e-05 -3.48529e-05 -3.48561e-05 -3.4853e-05 -1.1902e-05 -1.19027e-05 -1.1902e-05 -1.19027e-05 1.09968e-05 1.0997e-05 1.09968e-05 1.0997e-05 3.01155e-05 3.01155e-05 3.01155e-05 3.01155e-05 4.26832e-05 4.26832e-05 4.26832e-05 4.26832e-05 4.70523e-05 4.70523e-05 4.70523e-05 4.70523e-05
0.492 -3.76791e-05 -4.43657e-05 -3.26733e-05 -3.92243e-05 -5.58621e-05 -5.44243e-05 -5.63472e-05 -5.49365e-05 -6.37663e-05 -6.40755e-05 -6.372e-05 -6.40238e-05 -6.21455e-05 -6.2079e-05 -6.21498e-05 -6.20844e-05 -5.05499e-05 -5.05642e-05 -5.05495e-05 -5.05636e-05 -3.17412e-05 -3.17382e-05 -3.17413e-05 -3.17382e-05 -9.35965e-06 -9.36031e-06 -9.35965e-06 -9.3603e-06 1.26444e-05 1.26446e-05 1.26444e-05 1.26446e-05 3.08461e-05 3.08461e-05 3.08461e-05 3.08461e-05 4.27425e-05 4.27425e-05 4.27425e-05 4.27425e-05 4.68669e-05 4.68669e-05 4.68669e-05 4.68669e-05
0.493 -3.96669e-05 -4.61264e-05 -3.47106e-05 -4.11627e-05 -5.60372e-05 -5.46473e-05 -5.6524e-05 -5.51356e-05 -6.22381e-05 -6.25372e-05 -6.21904e-05 -6.24891e-05 -5.93232e-05 -5.92588e-05 -5.93278e-05 -5.92635e-05 -4.71396e-05 -4.71535e-05 -4.71392e-05 -4.7153e-05 -2.84826e-05 -2.84796e-05 -2.84826e-05 -2.84797e-05 -6.83588e-06 -6.83652e-06 -6.83588e-06 -6.83652e-06 1.41338e-05 1.4134e-05 1.41338e-05 1.4134e-05 3.13178e-05 3.13178e-05 3.13178e-05 3.13178e-05 4.24848e-05 4.24848e-05 4.24848e-05 4.24848e-05 4.63456e-05 4.63456e-05 4.63456e-05 4.63456e-05
0.494 -4.14592e-05 -4.76254e-05 -3.66041e-05 -4.28904e-05 -5.58584e-05 -5.45306e-05 -5.63418e-05 -5.49901e-05 -6.03027e-05 -6.05887e-05 -6.0254e-05 -6.05447e-05 -5.61259e-05 -5.60643e-05 -5.61309e-05 -5.60684e-05 -4.34625e-05 -4.34758e-05 -4.3462e-05 -4.34754e-05 -2.51042e-05 -2.51014e-05 -2.51043e-05 -2.51014e-05 -4.34286e-06 -4.34347e-06 -4.34285e-06 -4.34347e-06 1.54659e-05 1.54661e-05 1.54659e-05 1.54661e-05 3.15428e-05 3.15428e-05 3.15428e-05 3.15428e-05 4.19294e-05 4.19294e-05 4.19294e-05 4.19294e-05 4.55104e-05 4.55104e-05 4.55104e-05 4.55104e-05
0.495 -4.30387e-05 -4.8849e-05 -3.83349e-05 -4.43907e-05 -5.53303e-05 -5.40781e-05 -5.58054e-05 -5.45042e-05 -5.79826e-05 -5.82524e-05 -5.79334e-05 -5.8213e-05 -5.25862e-05 -5.2528e-05 -5.25915e-05 -5.25314e-05 -3.95511e-05 -3.95636e-05 -3.95504e-05 -3.95634e-05 -2.16304e-05 -2.16277e-05 -2.16304e-05 -2.16277e-05 -1.8917e-06 -1.89228e-06 -1.89169e-06 -1.89229e-06 1.66434e-05 1.66435e-05 1.66434e-05 1.66435e-05 3.15349e-05 3.15348e-05 3.15349e-05 3.15348e-05 4.1097e-05 4.10971e-05 4.1097e-05 4.10971e-05 4.43843e-05 4.43843e-05 4.43843e-05 4.43843e-05
0.496 -4.43904e-05 -4.97863e-05 -3.98862e-05 -4.56495e-05 -5.44612e-05 -5.32972e-05 -5.4923e-05 -5.36856e-05 -5.53036e-05 -5.55546e-05 -5.52544e-05 -5.55201e-05 -4.87392e-05 -4.8685e-05 -4.87447e-05 -4.86877e-05 -3.54391e-05 -3.54508e-05 -3.54384e-05 -3.54507e-05 -1.8085e-05 -1.80825e-05 -1.80851e-05 -1.80825e-05 5.0754e-07 5.06998e-07 5.07556e-07 5.0699e-07 1.76701e-05 1.76702e-05 1.76701e-05 1.76702e-05 3.1309e-05 3.1309e-05 3.1309e-05 3.1309e-05 4.00097e-05 4.00097e-05 4.00097e-05 4.00097e-05 4.29916e-05 4.29916e-05 4.29916e-05 4.29916e-05
0.497 -4.55018e-05 -5.04299e-05 -4.12429e-05 -4.66556e-05 -5.32629e-05 -5.21986e-05 -5.37065e-05 -5.25455e-05 -5.22948e-05 -5.25246e-05 -5.22462e-05 -5.24953e-05 -4.46222e-05 -4.45726e-05 -4.4628e-05 -4.45745e-05 -3.11613e-05 -3.1172e-05 -3.11605e-05 -3.1172e-05 -1.4492e-05 -1.44897e-05 -1.44921e-05 -1.44896e-05 2.84587e-06 2.84538e-06 2.84589e-06 2.84536e-06 1.85514e-05 1.85515e-05 1.85514e-05 1.85515e-05 3.08816e-05 3.08816e-05 3.08816e-05 3.08816e-05 3.86903e-05 3.86903e-05 3.86903e-05 3.86903e-05 4.13574e-05 4.13574e-05 4.13574e-05 4.13574e-05
0.498 -4.63632e-05 -5.07753e-05 -4.23924e-05 -4.74003e-05 -5.175e-05 -5.07959e-05 -5.2171e-05 -5.1098e-05 -4.89881e-05 -4.91944e-05 -4.89406e-05 -4.91706e-05 -4.02744e-05 -4.02298e-05 -4.02802e-05 -4.02309e-05 -2.67528e-05 -2.67624e-05 -2.67519e-05 -2.67625e-05 -1.08745e-05 -1.08724e-05 -1.08746e-05 -1.08724e-05 5.11534e-06 5.11489e-06 5.11537e-06 5.11488e-06 1.92938e-05 1.92939e-05 1.92937e-05 1.92939e-05 3.02701e-05 3.027e-05 3.02701e-05 3.027e-05 3.71627e-05 3.71627e-05 3.71627e-05 3.71627e-05 3.95075e-05 3.95075e-05 3.95075e-05 3.95075e-05
0.499 -4.69675e-05 -5.08212e-05 -4.33243e-05 -4.7878e-05 -4.99404e-05 -4.91056e-05 -5.03346e-05 -4.93602e-05 -4.54176e-05 -4.55983e-05 -4.53717e-05 -4.55803e-05 -3.5736e-05 -3.56969e-05 -3.57419e-05 -3.56973e-05 -2.2249e-05 -2.22575e-05 -2.22482e-05 -2.22578e-05 -7.25538e-06 -7.25355e-06 -7.25552e-06 -7.25347e-06 7.30897e-06 7.30858e-06 7.309e-06 7.30856e-06 1.99048e-05 1.99049e-05 1.99048e-05 1.99049e-05 2.94925e-05 2.94925e-05 2.94925e-05 2.94925e-05 3.54511e-05 3.54511e-05 3.54511e-05 3.54511e-05 3.74683e-05 3.74683e-05 3.74683e-05 3.74683e-05
0.5 -4.73104e-05 -5.05695e-05 -4.40305e-05 -4.80855e-05 -4.78545e-05 -4.71469e-05 -4.8218e-05 -4.73516e-05 -4.16192e-05 -4.17728e-05 -4.15754e-05 -4.17606e-05 -3.10483e-05 -3.1015e-05 -3.10542e-05 -3.10146e-05 -1.76854e-05 -1.76926e-05 -1.76845e-05 -1.7693e-05 -3.6566e-06 -3.65504e-06 -3.65675e-06 -3.65494e-06 9.42072e-06 9.42038e-06 9.42074e-06 9.42035e-06 2.03928e-05 2.03928e-05 2.03928e-05 2.03929e-05 2.8568e-05 2.85679e-05 2.8568e-05 2.85679e-05 3.35806e-05 3.35806e-05 3.35806e-05 3.35806e-05 3.52667e-05 3.52666e-05 3.52667e-05 3.52666e-05
0.501 -4.73901e-05 -5.0025e-05 -4.45051e-05 -4.80229e-05 -4.55151e-05 -4.49411e-05 -4.58442e-05 -4.5094e-05 -3.76303e-05 -3.77553e-05 -3.7589e-05 -3.77491e-05 -2.62528e-05 -2.62256e-05 -2.62586e-05 -2.62245e-05 -1.30968e-05 -1.31027e-05 -1.30958e-05 -1.31031e-05 -9.93882e-08 -9.81075e-08 -9.95506e-08 -9.79907e-08 1.14454e-05 1.14451e-05 1.14454e-05 1.14451e-05 2.07669e-05 2.07669e-05 2.07668e-05 2.07669e-05 2.75157e-05 2.75156e-05 2.75157e-05 2.75156e-05 3.15763e-05 3.15763e-05 3.15763e-05 3.15763e-05 3.29296e-05 3.29296e-05 3.29296e-05 3.29296e-05
0.502 -4.72077e-05 -4.91956e-05 -4.4745e-05 -4.76926e-05 -4.29468e-05 -4.25114e-05 -4.32383e-05 -4.26115e-05 -3.34891e-05 -3.35843e-05 -3.34507e-05 -3.35841e-05 -2.13909e-05 -2.13701e-05 -2.13966e-05 -2.13682e-05 -8.51729e-06 -8.52183e-06 -8.51635e-06 -8.5224e-06 3.39594e-06 3.39692e-06 3.39576e-06 3.39706e-06 1.33785e-05 1.33783e-05 1.33785e-05 1.33782e-05 2.10366e-05 2.10366e-05 2.10366e-05 2.10366e-05 2.63553e-05 2.63553e-05 2.63553e-05 2.63553e-05 2.94637e-05 2.94637e-05 2.94637e-05 2.94637e-05 3.04843e-05 3.04843e-05 3.04843e-05 3.04843e-05
0.503 -4.6767e-05 -4.80916e-05 -4.47491e-05 -4.70999e-05 -4.0176e-05 -3.98829e-05 -4.04272e-05 -3.99293e-05 -2.92342e-05 -2.92989e-05 -2.91991e-05 -2.93046e-05 -1.65035e-05 -1.64892e-05 -1.6509e-05 -1.64866e-05 -3.9802e-06 -3.98334e-06 -3.97925e-06 -3.98401e-06 6.81001e-06 6.8107e-06 6.80984e-06 6.81085e-06 1.52163e-05 1.52162e-05 1.52164e-05 1.52161e-05 2.12119e-05 2.1212e-05 2.12119e-05 2.1212e-05 2.51067e-05 2.51066e-05 2.51067e-05 2.51066e-05 2.72681e-05 2.72681e-05 2.72681e-05 2.72681e-05 2.7958e-05 2.7958e-05 2.7958e-05 2.7958e-05
0.504 -4.60739e-05 -4.6726e-05 -4.4519e-05 -4.62524e-05 -3.72303e-05 -3.70815e-05 -3.74388e-05 -3.70741e-05 -2.49043e-05 -2.4938e-05 -2.48728e-05 -2.49496e-05 -1.16306e-05 -1.1623e-05 -1.16359e-05 -1.16197e-05 4.8253e-07 4.80826e-07 4.83485e-07 4.80066e-07 1.01245e-05 1.01249e-05 1.01243e-05 1.01251e-05 1.69557e-05 1.69556e-05 1.69557e-05 1.69556e-05 2.1303e-05 2.1303e-05 2.1303e-05 2.1303e-05 2.37895e-05 2.37894e-05 2.37895e-05 2.37894e-05 2.50147e-05 2.50147e-05 2.50147e-05 2.50147e-05 2.53777e-05 2.53777e-05 2.53777e-05 2.53777e-05
0.505 -4.51372e-05 -4.51141e-05 -4.40582e-05 -4.51603e-05 -3.41383e-05 -3.41344e-05 -3.43022e-05 -3.40737e-05 -2.05374e-05 -2.05401e-05 -2.05099e-05 -2.05573e-05 -6.81098e-06 -6.81006e-06 -6.81597e-06 -6.80611e-06 4.8404e-06 4.84013e-06 4.84134e-06 4.83929e-06 1.33222e-05 1.33223e-05 1.3322e-05 1.33225e-05 1.8594e-05 1.85939e-05 1.8594e-05 1.85939e-05 2.13199e-05 2.13199e-05 2.13199e-05 2.13199e-05 2.24232e-05 2.24232e-05 2.24232e-05 2.24232e-05 2.27285e-05 2.27285e-05 2.27285e-05 2.27285e-05 2.277e-05 2.277e-05 2.277e-05 2.277e-05
0.506 -4.39673e-05 -4.32733e-05 -4.33726e-05 -4.38358e-05 -3.0929e-05 -3.10692e-05 -3.10468e-05 -3.09561e-05 -1.6171e-05 -1.61427e-05 -1.61477e-05 -1.61654e-05 -2.08157e-06 -2.08731e-06 -2.08621e-06 -2.08275e-06 9.06458e-06 9.06574e-06 9.0655e-06 9.06482e-06 1.6387e-05 1.63867e-05 1.63868e-05 1.63869e-05 2.01289e-05 2.01289e-05 2.01289e-05 2.01289e-05 2.12727e-05 2.12727e-05 2.12727e-05 2.12727e-05 2.10269e-05 2.10269e-05 2.10269e-05 2.10269e-05 2.04341e-05 2.04341e-05 2.04341e-05 2.04341e-05 2.01613e-05 2.01613e-05 2.01613e-05 2.01613e-05
0.507 -4.25771e-05 -4.12227e-05 -4.247e-05 -4.2293e-05 -2.76316e-05 -2.79138e-05 -2.77024e-05 -2.77496e-05 -1.1841e-05 -1.17822e-05 -1.18221e-05 -1.18102e-05 2.52257e-06 2.51027e-06 2.51833e-06 2.51539e-06 1.31281e-05 1.31307e-05 1.3129e-05 1.31297e-05 1.93039e-05 1.93034e-05 1.93037e-05 1.93035e-05 2.15586e-05 2.15587e-05 2.15586e-05 2.15587e-05 2.11712e-05 2.11711e-05 2.11712e-05 2.11712e-05 1.96193e-05 1.96193e-05 1.96193e-05 1.96193e-05 1.81552e-05 1.81552e-05 1.81552e-05 1.81552e-05 1.75773e-05 1.75773e-05 1.75773e-05 1.75773e-05
0.508 -4.0981e-05 -3.89831e-05 -4.13601e-05 -4.05479e-05 -2.42754e-05 -2.4696e-05 -2.42987e-05 -2.44826e-05 -7.58196e-06 -7.49331e-06 -7.56764e-06 -7.52622e-06 6.96866e-06 6.94996e-06 6.96486e-06 6.95558e-06 1.7006e-05 1.70099e-05 1.70068e-05 1.70089e-05 2.20592e-05 2.20584e-05 2.2059e-05 2.20586e-05 2.28815e-05 2.28817e-05 2.28815e-05 2.28816e-05 2.10247e-05 2.10247e-05 2.10247e-05 2.10247e-05 1.82182e-05 1.82182e-05 1.82182e-05 1.82182e-05 1.59152e-05 1.59152e-05 1.59152e-05 1.59152e-05 1.50428e-05 1.50428e-05 1.50428e-05 1.50428e-05
0.509 -3.91952e-05 -3.65762e-05 -4.00546e-05 -3.86181e-05 -2.08889e-05 -2.14432e-05 -2.08646e-05 -2.11829e-05 -3.42624e-06 -3.30881e-06 -3.41664e-06 -3.34632e-06 1.12265e-05 1.12016e-05 1.12231e-05 1.12076e-05 2.06754e-05 2.06807e-05 2.06762e-05 2.06796e-05 2.46405e-05 2.46394e-05 2.46403e-05 2.46396e-05 2.40962e-05 2.40964e-05 2.40962e-05 2.40964e-05 2.08422e-05 2.08422e-05 2.08422e-05 2.08422e-05 1.68407e-05 1.68407e-05 1.68407e-05 1.68407e-05 1.37363e-05 1.37363e-05 1.37363e-05 1.37363e-05 1.25821e-05 1.25821e-05 1.25821e-05 1.25821e-05
0.51 -3.72372e-05 -3.4025e-05 -3.85663e-05 -3.65222e-05 -1.75e-05 -1.81821e-05 -1.74286e-05 -1.78776e-05 5.95807e-07 7.40761e-07 6.00608e-07 6.99025e-07 1.52684e-05 1.52376e-05 1.52656e-05 1.5244e-05 2.41159e-05 2.41225e-05 2.41167e-05 2.41214e-05 2.70365e-05 2.70351e-05 2.70363e-05 2.70353e-05 2.52016e-05 2.52019e-05 2.52017e-05 2.52019e-05 2.0632e-05 2.0632e-05 2.0632e-05 2.0632e-05 1.55029e-05 1.5503e-05 1.55029e-05 1.5503e-05 1.16398e-05 1.16398e-05 1.16398e-05 1.16398e-05 1.02183e-05 1.02183e-05 1.02183e-05 1.02183e-05
0.511 -3.51255e-05 -3.13531e-05 -3.69097e-05 -3.42799e-05 -1.41355e-05 -1.49384e-05 -1.40179e-05 -1.45927e-05 4.45633e-06 4.62732e-06 4.4563e-06 4.58177e-06 1.90698e-05 1.90334e-05 1.90675e-05 1.90401e-05 2.73093e-05 2.73171e-05 2.731e-05 2.7316e-05 2.92372e-05 2.92356e-05 2.92371e-05 2.92358e-05 2.61968e-05 2.61971e-05 2.61968e-05 2.61971e-05 2.04019e-05 2.04019e-05 2.04019e-05 2.04019e-05 1.42201e-05 1.42201e-05 1.42201e-05 1.42201e-05 9.64598e-06 9.64598e-06 9.64598e-06 9.64598e-06 7.97325e-06 7.97325e-06 7.97325e-06 7.97325e-06
0.512 -3.28797e-05 -2.85842e-05 -3.51003e-05 -3.19119e-05 -1.0821e-05 -1.17367e-05 -1.06584e-05 -1.13531e-05 8.1301e-06 8.32544e-06 8.12527e-06 8.27649e-06 2.2609e-05 2.25673e-05 2.26073e-05 2.25744e-05 3.02399e-05 3.02488e-05 3.02405e-05 3.02476e-05 3.12342e-05 3.12323e-05 3.12341e-05 3.12325e-05 2.70808e-05 2.70812e-05 2.70808e-05 2.70812e-05 2.01589e-05 2.01589e-05 2.01589e-05 2.01589e-05 1.30061e-05 1.30061e-05 1.30061e-05 1.30061e-05 7.7736e-06 7.7736e-06 7.7736e-06 7.7736e-06 5.86765e-06 5.86765e-06 5.86765e-06 5.86765e-06
0.513 -3.05198e-05 -2.57425e-05 -3.31547e-05 -2.94392e-05 -7.58041e-06 -8.60024e-06 -7.37453e-06 -8.18236e-06 1.15947e-05 1.18125e-05 1.15851e-05 1.17606e-05 2.58675e-05 2.58209e-05 2.58663e-05 2.58282e-05 3.28943e-05 3.29043e-05 3.28949e-05 3.29032e-05 3.30202e-05 3.30181e-05 3.30201e-05 3.30183e-05 2.78532e-05 2.78536e-05 2.78532e-05 2.78536e-05 1.99094e-05 1.99093e-05 1.99093e-05 1.99093e-05 1.18738e-05 1.18738e-05 1.18738e-05 1.18738e-05 6.04017e-06 6.04017e-06 6.04017e-06 6.04017e-06 3.9207e-06 3.9207e-06 3.9207e-06 3.9207e-06
0.514 -2.80665e-05 -2.28518e-05 -3.109e-05 -2.68831e-05 -4.43607e-06 -5.55049e-06 -4.18892e-06 -5.1021e-06 1.48305e-05 1.50688e-05 1.48163e-05 1.50144e-05 2.88298e-05 2.87788e-05 2.88291e-05 2.87862e-05 3.5262e-05 3.52729e-05 3.52624e-05 3.52717e-05 3.45893e-05 3.4587e-05 3.45892e-05 3.45872e-05 2.85134e-05 2.85139e-05 2.85134e-05 2.85139e-05 1.96588e-05 1.96587e-05 1.96588e-05 1.96587e-05 1.08346e-05 1.08346e-05 1.08346e-05 1.08346e-05 4.46164e-06 4.46163e-06 4.46163e-06 4.46163e-06 2.15e-06 2.15e-06 2.15e-06 2.15e-06
0.515 -2.55403e-05 -1.99354e-05 -2.8924e-05 -2.42649e-05 -1.40839e-06 -2.6073e-06 -1.12234e-06 -2.13238e-06 1.7821e-05 1.80776e-05 1.78023e-05 1.80211e-05 3.14836e-05 3.14286e-05 3.14835e-05 3.14361e-05 3.73345e-05 3.73463e-05 3.73349e-05 3.73452e-05 3.59371e-05 3.59345e-05 3.59369e-05 3.59347e-05 2.90613e-05 2.90618e-05 2.90613e-05 2.90618e-05 1.9412e-05 1.94119e-05 1.9412e-05 1.94119e-05 9.89873e-06 9.89876e-06 9.89873e-06 9.89875e-06 3.05228e-06 3.05227e-06 3.05228e-06 3.05227e-06 5.71415e-07 5.71417e-07 5.71415e-07 5.71417e-07
0.516 -2.2962e-05 -1.70162e-05 -2.66748e-05 -2.16058e-05 1.48418e-06 2.11333e-07 1.80647e-06 7.08711e-07 2.05525e-05 2.08251e-05 2.05295e-05 2.07671e-05 3.38197e-05 3.37613e-05 3.38202e-05 3.37688e-05 3.91063e-05 3.91188e-05 3.91066e-05 3.91177e-05 3.70604e-05 3.70578e-05 3.70603e-05 3.70579e-05 2.94968e-05 2.94974e-05 2.94969e-05 2.94974e-05 1.91733e-05 1.91732e-05 1.91733e-05 1.91732e-05 9.07493e-06 9.07495e-06 9.07493e-06 9.07495e-06 1.82464e-06 1.82463e-06 1.82464e-06 1.82463e-06 -8.01055e-07 -8.01053e-07 -8.01055e-07 -8.01053e-07
0.517 -2.03518e-05 -1.41161e-05 -2.43608e-05 -1.89266e-05 4.22528e-06 2.88939e-06 4.58087e-06 3.40507e-06 2.30143e-05 2.33006e-05 2.29873e-05 2.32416e-05 3.58322e-05 3.57708e-05 3.58333e-05 3.57783e-05 4.0574e-05 4.05871e-05 4.05742e-05 4.05861e-05 3.79578e-05 3.7955e-05 3.79577e-05 3.79552e-05 2.98205e-05 2.98211e-05 2.98205e-05 2.98211e-05 1.8946e-05 1.89459e-05 1.8946e-05 1.89459e-05 8.37052e-06 8.37055e-06 8.37052e-06 8.37055e-06 7.89386e-07 7.89379e-07 7.89385e-07 7.8938e-07 -1.95541e-06 -1.95541e-06 -1.95541e-06 -1.95541e-06
0.518 -1.77298e-05 -1.12559e-05 -2.20001e-05 -1.62474e-05 6.80064e-06 5.41283e-06 7.1864e-06 5.94264e-06 2.51988e-05 2.54964e-05 2.51679e-05 2.54367e-05 3.75179e-05 3.74541e-05 3.75195e-05 3.74614e-05 4.17367e-05 4.17504e-05 4.17368e-05 4.17493e-05 3.86291e-05 3.86262e-05 3.8629e-05 3.86263e-05 3.00329e-05 3.00335e-05 3.00329e-05 3.00335e-05 1.87329e-05 1.87328e-05 1.87329e-05 1.87328e-05 7.79141e-06 7.79144e-06 7.79141e-06 7.79143e-06 -4.47429e-08 -4.47494e-08 -4.47431e-08 -4.47493e-08 -2.88176e-06 -2.88175e-06 -2.88176e-06 -2.88175e-06
0.519 -1.5115e-05 -8.45525e-06 -1.96106e-05 -1.35875e-05 9.19819e-06 7.76967e-06 9.61079e-06 8.30945e-06 2.71009e-05 2.74074e-05 2.70665e-05 2.73476e-05 3.88766e-05 3.88108e-05 3.88787e-05 3.8818e-05 4.25959e-05 4.261e-05 4.2596e-05 4.26091e-05 3.90756e-05 3.90726e-05 3.90755e-05 3.90727e-05 3.01352e-05 3.01359e-05 3.01353e-05 3.01359e-05 1.85363e-05 1.85362e-05 1.85363e-05 1.85362e-05 7.34201e-06 7.34204e-06 7.34201e-06 7.34204e-06 -6.71028e-07 -6.71035e-07 -6.71028e-07 -6.71035e-07 -3.57242e-06 -3.57242e-06 -3.57242e-06 -3.57242e-06
0.52 -1.2526e-05 -5.73246e-06 -1.721e-05 -1.09654e-05 1.1408e-05 9.94993e-06 1.18439e-05 1.04956e-05 2.87184e-05 2.90314e-05 2.86808e-05 2.89719e-05 3.99107e-05 3.98435e-05 3.99134e-05 3.98505e-05 4.31554e-05 4.31699e-05 4.31554e-05 4.3169e-05 3.93001e-05 3.9297e-05 3.93e-05 3.92971e-05 3.01291e-05 3.01298e-05 3.01291e-05 3.01298e-05 1.83577e-05 1.83576e-05 1.83577e-05 1.83576e-05 7.02533e-06 7.02536e-06 7.02533e-06 7.02536e-06 -1.08482e-06 -1.08483e-06 -1.08482e-06 -1.08483e-06 -4.02202e-06 -4.02202e-06 -4.02202e-06 -4.02202e-06
0.521 -9.98024e-06 -3.10434e-06 -1.48152e-05 -8.39845e-06 1.34222e-05 1.19457e-05 1.3878e-05 1.24932e-05 3.00518e-05 3.03689e-05 3.00113e-05 3.031e-05 4.06256e-05 4.05575e-05 4.06287e-05 4.05642e-05 4.34212e-05 4.34358e-05 4.34211e-05 4.3435e-05 3.93068e-05 3.93036e-05 3.93067e-05 3.93037e-05 3.00167e-05 3.00173e-05 3.00167e-05 3.00173e-05 1.81984e-05 1.81982e-05 1.81984e-05 1.81983e-05 6.84289e-06 6.84293e-06 6.84289e-06 6.84292e-06 -1.2836e-06 -1.28361e-06 -1.2836e-06 -1.28361e-06 -4.22754e-06 -4.22753e-06 -4.22754e-06 -4.22753e-06
0.522 -7.49405e-06 -5.86107e-07 -1.24425e-05 -5.90276e-06 1.52351e-05 1.37509e-05 1.5707e-05 1.42965e-05 3.11038e-05 3.14227e-05 3.10607e-05 3.13649e-05 4.10286e-05 4.09601e-05 4.10321e-05 4.09665e-05 4.34012e-05 4.34159e-05 4.3401e-05 4.34151e-05 3.91014e-05 3.90983e-05 3.91014e-05 3.90984e-05 2.98006e-05 2.98013e-05 2.98006e-05 2.98013e-05 1.8059e-05 1.80589e-05 1.8059e-05 1.80589e-05 6.79485e-06 6.79488e-06 6.79485e-06 6.79488e-06 -1.26697e-06 -1.26698e-06 -1.26697e-06 -1.26698e-06 -4.18837e-06 -4.18836e-06 -4.18837e-06 -4.18836e-06
0.523 -5.08264e-06 1.80861e-06 -1.01074e-05 -3.49318e-06 1.6843e-05 1.53616e-05 1.73274e-05 1.59015e-05 3.18794e-05 3.21979e-05 3.18341e-05 3.21415e-05 4.11296e-05 4.10611e-05 4.11335e-05 4.10673e-05 4.31054e-05 4.31201e-05 4.31051e-05 4.31194e-05 3.86912e-05 3.8688e-05 3.86912e-05 3.86881e-05 2.94844e-05 2.94851e-05 2.94844e-05 2.94851e-05 1.79399e-05 1.79398e-05 1.79399e-05 1.79398e-05 6.87997e-06 6.88e-06 6.87997e-06 6.88e-06 -1.03668e-06 -1.03669e-06 -1.03668e-06 -1.03669e-06 -3.90633e-06 -3.90633e-06 -3.90633e-06 -3.90633e-06
0.524 -2.75992e-06 4.06789e-06 -7.82442e-06 -1.1832e-06 1.82439e-05 1.67755e-05 1.87371e-05 1.73061e-05 3.23858e-05 3.27017e-05 3.23388e-05 3.26471e-05 4.09404e-05 4.08724e-05 4.09447e-05 4.08782e-05 4.25456e-05 4.25602e-05 4.25453e-05 4.25596e-05 3.80845e-05 3.80814e-05 3.80845e-05 3.80815e-05 2.9072e-05 2.90727e-05 2.9072e-05 2.90727e-05 1.78413e-05 1.78411e-05 1.78413e-05 1.78411e-05 7.09567e-06 7.0957e-06 7.09567e-06 7.0957e-06 -5.96629e-07 -5.96637e-07 -5.96629e-07 -5.96636e-07 -3.38569e-06 -3.38568e-06 -3.38569e-06 -3.38568e-06
0.525 -5.38454e-07 6.18149e-06 -5.60715e-06 1.01515e-06 1.94379e-05 1.79919e-05 1.99364e-05 1.85101e-05 3.26321e-05 3.29432e-05 3.25836e-05 3.28908e-05 4.04747e-05 4.04077e-05 4.04793e-05 4.04131e-05 4.17353e-05 4.17497e-05 4.17349e-05 4.17492e-05 3.72914e-05 3.72883e-05 3.72914e-05 3.72883e-05 2.85682e-05 2.85689e-05 2.85682e-05 2.85689e-05 1.77628e-05 1.77627e-05 1.77628e-05 1.77627e-05 7.43811e-06 7.43814e-06 7.43811e-06 7.43814e-06 4.72131e-08 4.72062e-08 4.72131e-08 4.72062e-08 -2.6331e-06 -2.63309e-06 -2.6331e-06 -2.63309e-06
0.526 1.57057e-06 8.14087e-06 -3.468e-06 3.09127e-06 2.04266e-05 1.90121e-05 2.09268e-05 1.95147e-05 3.26288e-05 3.29334e-05 3.25793e-05 3.28833e-05 3.97478e-05 3.96822e-05 3.97527e-05 3.96872e-05 4.06896e-05 4.07037e-05 4.06892e-05 4.07032e-05 3.63229e-05 3.63198e-05 3.63229e-05 3.63199e-05 2.79785e-05 2.79791e-05 2.79785e-05 2.79791e-05 1.77043e-05 1.77041e-05 1.77043e-05 1.77041e-05 7.90225e-06 7.90228e-06 7.90225e-06 7.90228e-06 8.86832e-07 8.86825e-07 8.86832e-07 8.86825e-07 -1.65757e-06 -1.65757e-06 -1.65757e-06 -1.65757e-06
0.527 3.55737e-06 9.93916e-06 -1.41826e-06 5.03604e-06 2.12131e-05 1.98386e-05 2.17117e-05 2.03228e-05 3.23883e-05 3.26843e-05 3.2338e-05 3.26369e-05 3.87765e-05 3.87128e-05 3.87817e-05 3.87174e-05 3.9425e-05 3.94387e-05 3.94244e-05 3.94383e-05 3.51914e-05 3.51884e-05 3.51915e-05 3.51885e-05 2.73089e-05 2.73096e-05 2.73089e-05 2.73096e-05 1.76651e-05 1.7665e-05 1.76651e-05 1.7665e-05 8.48189e-06 8.48192e-06 8.48189e-06 8.48192e-06 1.91226e-06 1.91225e-06 1.91226e-06 1.91225e-06 -4.70399e-07 -4.70396e-07 -4.70399e-07 -4.70396e-07
0.528 5.41363e-06 1.15711e-05 5.31965e-07 6.84185e-06 2.18022e-05 2.04753e-05 2.22958e-05 2.09386e-05 3.19238e-05 3.22097e-05 3.18732e-05 3.21651e-05 3.75789e-05 3.75173e-05 3.75843e-05 3.75215e-05 3.79591e-05 3.79724e-05 3.79585e-05 3.7972e-05 3.39105e-05 3.39076e-05 3.39106e-05 3.39077e-05 2.65664e-05 2.65671e-05 2.65664e-05 2.65671e-05 1.76447e-05 1.76446e-05 1.76447e-05 1.76446e-05 9.16979e-06 9.16982e-06 9.16979e-06 9.16982e-06 3.11167e-06 3.11166e-06 3.11167e-06 3.11166e-06 9.14974e-07 9.14977e-07 9.14974e-07 9.14977e-07
0.529 7.1324e-06 1.30331e-05 2.37379e-06 8.50251e-06 2.21997e-05 2.09274e-05 2.26853e-05 2.13675e-05 3.125e-05 3.15243e-05 3.11994e-05 3.14827e-05 3.6174e-05 3.61149e-05 3.61795e-05 3.61186e-05 3.63108e-05 3.63236e-05 3.63102e-05 3.63233e-05 3.24947e-05 3.2492e-05 3.24948e-05 3.2492e-05 2.57586e-05 2.57592e-05 2.57586e-05 2.57592e-05 1.76425e-05 1.76424e-05 1.76425e-05 1.76424e-05 9.95773e-06 9.95776e-06 9.95773e-06 9.95776e-06 4.4715e-06 4.4715e-06 4.4715e-06 4.4715e-06 2.48307e-06 2.48307e-06 2.48307e-06 2.48307e-06
0.53 8.70817e-06 1.43231e-05 4.09956e-06 1.00133e-05 2.24127e-05 2.12013e-05 2.28872e-05 2.16163e-05 3.03823e-05 3.06436e-05 3.0332e-05 3.06052e-05 3.45818e-05 3.45255e-05 3.45874e-05 3.45287e-05 3.44999e-05 3.4512e-05 3.44992e-05 3.45118e-05 3.09596e-05 3.0957e-05 3.09597e-05 3.09569e-05 2.48935e-05 2.4894e-05 2.48935e-05 2.4894e-05 1.76577e-05 1.76576e-05 1.76577e-05 1.76576e-05 1.08366e-05 1.08366e-05 1.08366e-05 1.08366e-05 5.97662e-06 5.97661e-06 5.97662e-06 5.97661e-06 4.21653e-06 4.21653e-06 4.21653e-06 4.21653e-06
0.531 1.01368e-05 1.54402e-05 5.70284e-06 1.13708e-05 2.24492e-05 2.13043e-05 2.291e-05 2.16924e-05 2.93369e-05 2.9584e-05 2.92873e-05 2.95489e-05 3.28229e-05 3.27695e-05 3.28285e-05 3.27723e-05 3.25467e-05 3.25583e-05 3.2546e-05 3.25581e-05 2.93213e-05 2.93188e-05 2.93214e-05 2.93188e-05 2.39798e-05 2.39804e-05 2.39798e-05 2.39804e-05 1.76897e-05 1.76896e-05 1.76897e-05 1.76896e-05 1.17965e-05 1.17965e-05 1.17965e-05 1.17965e-05 7.61043e-06 7.61043e-06 7.61043e-06 7.61043e-06 6.09632e-06 6.09633e-06 6.09632e-06 6.09633e-06
0.532 1.14154e-05 1.63853e-05 7.17844e-06 1.2573e-05 2.23182e-05 2.12446e-05 2.27627e-05 2.16044e-05 2.81306e-05 2.83624e-05 2.80819e-05 2.83307e-05 3.09182e-05 3.08682e-05 3.09239e-05 3.08705e-05 3.04726e-05 3.04834e-05 3.04718e-05 3.04833e-05 2.75968e-05 2.75945e-05 2.75969e-05 2.75945e-05 2.30268e-05 2.30273e-05 2.30268e-05 2.30273e-05 1.77378e-05 1.77377e-05 1.77378e-05 1.77376e-05 1.28269e-05 1.28269e-05 1.28269e-05 1.28269e-05 9.35511e-06 9.35511e-06 9.35511e-06 9.35511e-06 8.10193e-06 8.10193e-06 8.10193e-06 8.10193e-06
0.533 1.25424e-05 1.71602e-05 8.52233e-06 1.36192e-05 2.20293e-05 2.10311e-05 2.24553e-05 2.13615e-05 2.67803e-05 2.69961e-05 2.6733e-05 2.69678e-05 2.88894e-05 2.88427e-05 2.8895e-05 2.88446e-05 2.82989e-05 2.83089e-05 2.82981e-05 2.83089e-05 2.58036e-05 2.58015e-05 2.58038e-05 2.58014e-05 2.2044e-05 2.20445e-05 2.2044e-05 2.20445e-05 1.78011e-05 1.7801e-05 1.78011e-05 1.7801e-05 1.39167e-05 1.39167e-05 1.39167e-05 1.39167e-05 1.11918e-05 1.11917e-05 1.11918e-05 1.11917e-05 1.02116e-05 1.02116e-05 1.02116e-05 1.02116e-05
0.534 1.35174e-05 1.77681e-05 9.73165e-06 1.45098e-05 2.1593e-05 2.06735e-05 2.19984e-05 2.09736e-05 2.53037e-05 2.55026e-05 2.52579e-05 2.54778e-05 2.67578e-05 2.67148e-05 2.67634e-05 2.67162e-05 2.60474e-05 2.60567e-05 2.60466e-05 2.60567e-05 2.39595e-05 2.39575e-05 2.39596e-05 2.39574e-05 2.10412e-05 2.10417e-05 2.10412e-05 2.10417e-05 1.7879e-05 1.78789e-05 1.7879e-05 1.78789e-05 1.50542e-05 1.50542e-05 1.50542e-05 1.50542e-05 1.31006e-05 1.31006e-05 1.31006e-05 1.31006e-05 1.24025e-05 1.24025e-05 1.24025e-05 1.24025e-05
0.535 1.43413e-05 1.82131e-05 1.08047e-05 1.52464e-05 2.10202e-05 2.01818e-05 2.14032e-05 2.0451e-05 2.37182e-05 2.38996e-05 2.36741e-05 2.38783e-05 2.4545e-05 2.45058e-05 2.45506e-05 2.45068e-05 2.374e-05 2.37484e-05 2.37392e-05 2.37486e-05 2.20824e-05 2.20806e-05 2.20825e-05 2.20805e-05 2.00286e-05 2.0029e-05 2.00286e-05 2.0029e-05 1.79707e-05 1.79706e-05 1.79707e-05 1.79706e-05 1.62274e-05 1.62275e-05 1.62274e-05 1.62275e-05 1.50612e-05 1.50612e-05 1.50612e-05 1.50612e-05 1.46511e-05 1.46511e-05 1.46511e-05 1.46511e-05
0.536 1.50159e-05 1.85006e-05 1.17407e-05 1.58317e-05 2.03221e-05 1.95667e-05 2.06811e-05 1.98047e-05 2.20412e-05 2.22049e-05 2.19992e-05 2.2187e-05 2.22725e-05 2.22371e-05 2.2278e-05 2.22377e-05 2.13983e-05 2.1406e-05 2.13976e-05 2.14062e-05 2.01903e-05 2.01887e-05 2.01905e-05 2.01886e-05 1.90161e-05 1.90164e-05 1.9016e-05 1.90164e-05 1.80753e-05 1.80752e-05 1.80753e-05 1.80752e-05 1.74243e-05 1.74243e-05 1.74243e-05 1.74243e-05 1.70529e-05 1.70529e-05 1.70529e-05 1.70529e-05 1.69333e-05 1.69333e-05 1.69333e-05 1.69333e-05
0.537 1.5544e-05 1.86365e-05 1.25402e-05 1.62691e-05 1.95103e-05 1.88392e-05 1.9844e-05 1.90458e-05 2.02904e-05 2.04359e-05 2.02505e-05 2.04214e-05 1.99614e-05 1.99299e-05 1.99667e-05 1.99301e-05 1.9044e-05 1.90509e-05 1.90433e-05 1.90511e-05 1.83011e-05 1.82997e-05 1.83013e-05 1.82996e-05 1.80137e-05 1.8014e-05 1.80137e-05 1.8014e-05 1.81919e-05 1.81918e-05 1.81919e-05 1.81918e-05 1.86325e-05 1.86325e-05 1.86325e-05 1.86325e-05 1.90545e-05 1.90545e-05 1.90545e-05 1.90545e-05 1.92249e-05 1.92249e-05 1.92249e-05 1.92249e-05
0.538 1.59294e-05 1.86277e-05 1.32044e-05 1.65632e-05 1.85968e-05 1.80103e-05 1.89042e-05 1.81858e-05 1.84828e-05 1.86102e-05 1.84453e-05 1.8599e-05 1.76324e-05 1.76047e-05 1.76374e-05 1.76045e-05 1.66981e-05 1.67041e-05 1.66973e-05 1.67043e-05 1.64323e-05 1.6431e-05 1.64325e-05 1.64309e-05 1.70312e-05 1.70315e-05 1.70312e-05 1.70315e-05 1.83195e-05 1.83195e-05 1.83195e-05 1.83195e-05 1.98395e-05 1.98396e-05 1.98395e-05 1.98396e-05 2.1045e-05 2.1045e-05 2.1045e-05 2.1045e-05 2.15017e-05 2.15017e-05 2.15017e-05 2.15017e-05
0.539 1.61766e-05 1.84817e-05 1.37355e-05 1.67194e-05 1.75937e-05 1.70917e-05 1.78739e-05 1.72363e-05 1.66356e-05 1.67448e-05 1.66006e-05 1.67369e-05 1.53055e-05 1.52818e-05 1.53104e-05 1.52813e-05 1.43809e-05 1.43861e-05 1.43801e-05 1.43864e-05 1.46008e-05 1.45997e-05 1.4601e-05 1.45996e-05 1.60781e-05 1.60783e-05 1.6078e-05 1.60783e-05 1.8457e-05 1.84569e-05 1.8457e-05 1.84569e-05 2.10333e-05 2.10333e-05 2.10333e-05 2.10333e-05 2.30039e-05 2.30039e-05 2.30039e-05 2.30039e-05 2.37398e-05 2.37398e-05 2.37398e-05 2.37398e-05
0.54 1.62911e-05 1.82068e-05 1.41367e-05 1.67435e-05 1.65131e-05 1.60948e-05 1.67654e-05 1.62092e-05 1.47652e-05 1.48564e-05 1.47328e-05 1.48516e-05 1.30005e-05 1.29806e-05 1.30051e-05 1.29797e-05 1.21123e-05 1.21166e-05 1.21115e-05 1.21169e-05 1.2823e-05 1.28221e-05 1.28232e-05 1.2822e-05 1.51632e-05 1.51634e-05 1.51632e-05 1.51634e-05 1.8603e-05 1.8603e-05 1.8603e-05 1.8603e-05 2.22016e-05 2.22016e-05 2.22016e-05 2.22016e-05 2.49107e-05 2.49107e-05 2.49107e-05 2.49107e-05 2.59159e-05 2.59159e-05 2.59159e-05 2.59159e-05
0.541 1.62789e-05 1.78115e-05 1.44118e-05 1.66424e-05 1.53671e-05 1.50313e-05 1.55913e-05 1.51161e-05 1.28879e-05 1.29614e-05 1.28582e-05 1.29596e-05 1.0736e-05 1.07199e-05 1.07404e-05 1.07188e-05 9.91095e-06 9.91446e-06 9.91024e-06 9.91485e-06 1.11143e-05 1.11135e-05 1.11144e-05 1.11134e-05 1.4295e-05 1.42952e-05 1.4295e-05 1.42952e-05 1.87562e-05 1.87561e-05 1.87562e-05 1.87561e-05 2.33329e-05 2.33329e-05 2.33329e-05 2.33329e-05 2.6746e-05 2.6746e-05 2.6746e-05 2.6746e-05 2.80074e-05 2.80074e-05 2.80074e-05 2.80074e-05
0.542 1.61468e-05 1.73052e-05 1.45654e-05 1.64233e-05 1.41681e-05 1.39128e-05 1.4364e-05 1.3969e-05 1.10193e-05 1.10755e-05 1.09925e-05 1.10765e-05 8.52999e-06 8.51767e-06 8.53409e-06 8.5162e-06 7.79477e-06 7.79747e-06 7.79408e-06 7.79789e-06 9.48909e-06 9.4885e-06 9.48922e-06 9.4884e-06 1.3481e-05 1.34812e-05 1.3481e-05 1.34812e-05 1.89147e-05 1.89147e-05 1.89147e-05 1.89147e-05 2.44157e-05 2.44157e-05 2.44156e-05 2.44157e-05 2.84912e-05 2.84912e-05 2.84912e-05 2.84912e-05 2.99932e-05 2.99932e-05 2.99932e-05 2.99932e-05
0.543 1.59019e-05 1.66973e-05 1.46027e-05 1.6094e-05 1.29281e-05 1.2751e-05 1.30957e-05 1.27796e-05 9.17474e-06 9.21405e-06 9.15075e-06 9.21781e-06 6.39947e-06 6.39077e-06 6.40329e-06 6.38904e-06 5.78031e-06 5.78223e-06 5.77965e-06 5.78268e-06 7.9607e-06 7.96028e-06 7.96083e-06 7.96018e-06 1.27282e-05 1.27283e-05 1.27281e-05 1.27283e-05 1.90767e-05 1.90767e-05 1.90767e-05 1.90767e-05 2.54392e-05 2.54392e-05 2.54392e-05 2.54392e-05 3.01287e-05 3.01287e-05 3.01287e-05 3.01287e-05 3.18531e-05 3.18531e-05 3.18531e-05 3.18531e-05
0.544 1.55521e-05 1.59976e-05 1.45297e-05 1.56627e-05 1.16591e-05 1.15573e-05 1.17987e-05 1.15597e-05 7.36862e-06 7.39168e-06 7.34749e-06 7.39797e-06 4.36041e-06 4.35521e-06 4.36392e-06 4.35325e-06 3.88291e-06 3.88407e-06 3.88228e-06 3.88454e-06 6.54112e-06 6.54086e-06 6.54124e-06 6.54076e-06 1.20422e-05 1.20423e-05 1.20422e-05 1.20423e-05 1.92402e-05 1.92402e-05 1.92402e-05 1.92402e-05 2.63932e-05 2.63932e-05 2.63932e-05 2.63932e-05 3.16423e-05 3.16423e-05 3.16423e-05 3.16423e-05 3.35687e-05 3.35687e-05 3.35687e-05 3.35687e-05
0.545 1.51054e-05 1.52163e-05 1.43528e-05 1.5138e-05 1.03729e-05 1.03434e-05 1.04851e-05 1.03209e-05 5.61489e-06 5.62239e-06 5.59663e-06 5.63103e-06 2.42768e-06 2.42584e-06 2.43088e-06 2.42366e-06 2.11647e-06 2.11691e-06 2.11588e-06 2.11739e-06 5.24092e-06 5.24081e-06 5.24103e-06 5.24071e-06 1.14281e-05 1.14281e-05 1.14281e-05 1.14281e-05 1.94027e-05 1.94026e-05 1.94027e-05 1.94026e-05 2.72682e-05 2.72682e-05 2.72682e-05 2.72682e-05 3.30171e-05 3.30171e-05 3.30171e-05 3.30171e-05 3.51231e-05 3.51231e-05 3.51231e-05 3.51231e-05
0.546 1.45704e-05 1.43636e-05 1.40788e-05 1.4529e-05 9.0813e-06 9.12029e-06 9.16661e-06 9.07438e-06 3.92675e-06 3.91947e-06 3.91134e-06 3.93027e-06 6.14968e-07 6.16312e-07 6.1785e-07 6.13958e-07 4.93411e-07 4.93167e-07 4.92859e-07 4.9366e-07 4.06918e-06 4.06922e-06 4.06929e-06 4.06912e-06 1.08896e-05 1.08896e-05 1.08896e-05 1.08896e-05 1.95616e-05 1.95616e-05 1.95616e-05 1.95616e-05 2.80554e-05 2.80554e-05 2.80554e-05 2.80554e-05 3.42399e-05 3.42399e-05 3.42399e-05 3.42399e-05 3.65016e-05 3.65016e-05 3.65016e-05 3.65016e-05
0.547 1.3956e-05 1.345e-05 1.37151e-05 1.38447e-05 7.79559e-06 7.89917e-06 7.85485e-06 7.83145e-06 2.31668e-06 2.29546e-06 2.30407e-06 2.30822e-06 -1.06528e-06 -1.06093e-06 -1.06272e-06 -1.06344e-06 -9.75442e-07 -9.76335e-07 -9.75954e-07 -9.75835e-07 3.03339e-06 3.03358e-06 3.0335e-06 3.03348e-06 1.04294e-05 1.04294e-05 1.04294e-05 1.04294e-05 1.97141e-05 1.97141e-05 1.97141e-05 1.97141e-05 2.87468e-05 2.87468e-05 2.87468e-05 2.87468e-05 3.52991e-05 3.52991e-05 3.52991e-05 3.52991e-05 3.76912e-05 3.76912e-05 3.76912e-05 3.76912e-05
0.548 1.32713e-05 1.2486e-05 1.32694e-05 1.30947e-05 6.52691e-06 6.69081e-06 6.56106e-06 6.60299e-06 7.96326e-07 7.62075e-07 7.86475e-07 7.76591e-07 -2.60194e-06 -2.59477e-06 -2.5997e-06 -2.5974e-06 -2.28093e-06 -2.28243e-06 -2.2814e-06 -2.28193e-06 2.13939e-06 2.1397e-06 2.13949e-06 2.13961e-06 1.0049e-05 1.0049e-05 1.0049e-05 1.0049e-05 1.98571e-05 1.98571e-05 1.98571e-05 1.98571e-05 2.93355e-05 2.93355e-05 2.93355e-05 2.93355e-05 3.61849e-05 3.61849e-05 3.61849e-05 3.61849e-05 3.86812e-05 3.86812e-05 3.86812e-05 3.86812e-05
0.549 1.25254e-05 1.14821e-05 1.27497e-05 1.22885e-05 5.28602e-06 5.50572e-06 5.29619e-06 5.39958e-06 -6.23481e-07 -6.69791e-07 -6.30655e-07 -6.53729e-07 -3.98522e-06 -3.97545e-06 -3.98331e-06 -3.97818e-06 -3.41561e-06 -3.41767e-06 -3.41603e-06 -3.41717e-06 1.39131e-06 1.39175e-06 1.3914e-06 1.39166e-06 9.74885e-06 9.74876e-06 9.74883e-06 9.74878e-06 1.99875e-05 1.99876e-05 1.99875e-05 1.99876e-05 2.98153e-05 2.98152e-05 2.98153e-05 2.98152e-05 3.68895e-05 3.68895e-05 3.68895e-05 3.68895e-05 3.9463e-05 3.9463e-05 3.9463e-05 3.9463e-05
0.55 1.1728e-05 1.04488e-05 1.21643e-05 1.14358e-05 4.08333e-06 4.35406e-06 4.07075e-06 4.23145e-06 -1.93282e-06 -1.99016e-06 -1.93741e-06 -1.97277e-06 -5.2068e-06 -5.19464e-06 -5.20521e-06 -5.19744e-06 -4.37379e-06 -4.37637e-06 -4.37417e-06 -4.37587e-06 7.91597e-07 7.92145e-07 7.9168e-07 7.92052e-07 9.52809e-06 9.52798e-06 9.52808e-06 9.528e-06 2.01019e-05 2.01019e-05 2.01019e-05 2.01019e-05 3.0181e-05 3.0181e-05 3.0181e-05 3.0181e-05 3.74069e-05 3.74069e-05 3.74069e-05 3.74069e-05 4.00305e-05 4.00305e-05 4.00305e-05 4.00305e-05
0.551 1.08884e-05 9.3966e-06 1.15217e-05 1.05464e-05 2.92882e-06 3.2456e-06 2.89484e-06 3.10843e-06 -3.1227e-06 -3.19002e-06 -3.12481e-06 -3.17151e-06 -6.25978e-06 -6.24546e-06 -6.2585e-06 -6.24831e-06 -5.15158e-06 -5.15462e-06 -5.15191e-06 -5.15414e-06 3.40957e-07 3.41606e-07 3.41032e-07 3.41516e-07 9.38484e-06 9.3847e-06 9.38482e-06 9.38472e-06 2.01967e-05 2.01967e-05 2.01967e-05 2.01967e-05 3.04287e-05 3.04286e-05 3.04287e-05 3.04286e-05 3.77329e-05 3.77329e-05 3.77329e-05 3.77329e-05 4.03797e-05 4.03797e-05 4.03797e-05 4.03797e-05
0.552 1.00162e-05 8.3358e-06 1.08306e-05 9.6299e-06 1.83197e-06 2.18966e-06 1.77805e-06 2.03988e-06 -4.18514e-06 -4.26132e-06 -4.18489e-06 -4.24192e-06 -7.13877e-06 -7.12254e-06 -7.13781e-06 -7.1254e-06 -5.74687e-06 -5.75033e-06 -5.74716e-06 -5.74986e-06 3.84259e-08 3.91645e-08 3.84935e-08 3.90794e-08 9.31609e-06 9.31593e-06 9.31608e-06 9.31595e-06 2.02683e-05 2.02684e-05 2.02683e-05 2.02684e-05 3.05552e-05 3.05552e-05 3.05552e-05 3.05552e-05 3.78655e-05 3.78655e-05 3.78655e-05 3.78655e-05 4.05087e-05 4.05087e-05 4.05087e-05 4.05087e-05
0.553 9.12106e-06 7.27657e-06 1.00997e-05 8.69611e-06 8.0175e-07 1.19508e-06 7.29438e-07 1.03467e-06 -5.11319e-06 -5.19711e-06 -5.11071e-06 -5.17703e-06 -7.83992e-06 -7.82201e-06 -7.83926e-06 -7.82486e-06 -6.15934e-06 -6.16317e-06 -6.15959e-06 -6.16271e-06 -1.18606e-07 -1.17788e-07 -1.18546e-07 -1.17869e-07 9.31783e-06 9.31766e-06 9.31782e-06 9.31767e-06 2.03132e-05 2.03133e-05 2.03132e-05 2.03132e-05 3.05586e-05 3.05586e-05 3.05586e-05 3.05586e-05 3.78043e-05 3.78043e-05 3.78043e-05 3.78043e-05 4.04182e-05 4.04182e-05 4.04182e-05 4.04182e-05
0.554 8.21238e-06 6.22887e-06 9.338e-06 7.75459e-06 -1.5347e-07 2.70119e-07 -2.42538e-07 1.01097e-07 -5.901e-06 -5.9915e-06 -5.89644e-06 -5.97096e-06 -8.36092e-06 -8.34158e-06 -8.36055e-06 -8.34439e-06 -6.39044e-06 -6.39458e-06 -6.39064e-06 -6.39414e-06 -1.34324e-07 -1.33439e-07 -1.34272e-07 -1.33514e-07 9.38511e-06 9.38492e-06 9.38509e-06 9.38493e-06 2.03277e-05 2.03278e-05 2.03277e-05 2.03278e-05 3.04381e-05 3.0438e-05 3.04381e-05 3.0438e-05 3.75512e-05 3.75512e-05 3.75512e-05 3.75512e-05 4.01108e-05 4.01108e-05 4.01108e-05 4.01108e-05
0.555 7.29954e-06 5.20237e-06 8.55421e-06 6.81479e-06 -1.02596e-06 -5.77557e-07 -1.13008e-06 -7.53179e-07 -6.54386e-06 -6.63977e-06 -6.53736e-06 -6.61899e-06 -8.70102e-06 -8.68049e-06 -8.70092e-06 -8.68325e-06 -6.44332e-06 -6.44771e-06 -6.44347e-06 -6.4473e-06 -1.44076e-08 -1.34669e-08 -1.43631e-08 -1.35366e-08 9.5121e-06 9.5119e-06 9.51209e-06 9.51191e-06 2.03084e-05 2.03084e-05 2.03084e-05 2.03084e-05 3.01937e-05 3.01936e-05 3.01937e-05 3.01936e-05 3.71094e-05 3.71094e-05 3.71094e-05 3.71094e-05 3.95912e-05 3.95912e-05 3.95912e-05 3.95912e-05
0.556 6.39177e-06 4.20645e-06 7.75715e-06 5.88596e-06 -1.80869e-06 -1.34095e-06 -1.92611e-06 -1.52116e-06 -7.03824e-06 -7.13838e-06 -7.02997e-06 -7.11757e-06 -8.86101e-06 -8.83957e-06 -8.86118e-06 -8.84224e-06 -6.3228e-06 -6.32739e-06 -6.32291e-06 -6.32701e-06 2.34075e-07 2.3506e-07 2.34112e-07 2.34996e-07 9.69227e-06 9.69206e-06 9.69226e-06 9.69207e-06 2.02518e-05 2.02519e-05 2.02518e-05 2.02519e-05 2.98266e-05 2.98266e-05 2.98266e-05 2.98266e-05 3.64842e-05 3.64842e-05 3.64842e-05 3.64842e-05 3.88662e-05 3.88662e-05 3.88662e-05 3.88662e-05
0.557 5.49803e-06 3.25007e-06 6.95552e-06 4.97706e-06 -2.49539e-06 -2.01381e-06 -2.62431e-06 -2.19661e-06 -7.38182e-06 -7.48502e-06 -7.37196e-06 -7.46439e-06 -8.84327e-06 -8.82115e-06 -8.84368e-06 -8.82371e-06 -6.0353e-06 -6.04004e-06 -6.03536e-06 -6.03968e-06 6.02783e-07 6.038e-07 6.02812e-07 6.03743e-07 9.91842e-06 9.9182e-06 9.91841e-06 9.91821e-06 2.01549e-05 2.01549e-05 2.01549e-05 2.01549e-05 2.93392e-05 2.93392e-05 2.93392e-05 2.93392e-05 3.56824e-05 3.56824e-05 3.56824e-05 3.56824e-05 3.79443e-05 3.79443e-05 3.79443e-05 3.79443e-05
0.558 4.62704e-06 2.34179e-06 6.15786e-06 4.09679e-06 -3.08062e-06 -2.59064e-06 -3.21921e-06 -2.77406e-06 -7.57357e-06 -7.67865e-06 -7.56228e-06 -7.6584e-06 -8.65165e-06 -8.62911e-06 -8.6523e-06 -8.63155e-06 -5.58871e-06 -5.59355e-06 -5.58874e-06 -5.59322e-06 1.08224e-06 1.08327e-06 1.08226e-06 1.08322e-06 1.01829e-05 1.01826e-05 1.01829e-05 1.01826e-05 2.00146e-05 2.00146e-05 2.00146e-05 2.00146e-05 2.87346e-05 2.87345e-05 2.87346e-05 2.87345e-05 3.47121e-05 3.47121e-05 3.47121e-05 3.47121e-05 3.68357e-05 3.68357e-05 3.68357e-05 3.68357e-05
0.559 3.78717e-06 1.48967e-06 5.37249e-06 3.25343e-06 -3.55979e-06 -3.06681e-06 -3.7062e-06 -3.24891e-06 -7.61369e-06 -7.71949e-06 -7.60116e-06 -7.69982e-06 -8.29154e-06 -8.26883e-06 -8.2924e-06 -8.27112e-06 -4.99236e-06 -4.99724e-06 -4.99235e-06 -4.99694e-06 1.66195e-06 1.663e-06 1.66197e-06 1.66296e-06 1.04775e-05 1.04773e-05 1.04775e-05 1.04773e-05 1.98285e-05 1.98285e-05 1.98285e-05 1.98285e-05 2.80169e-05 2.80168e-05 2.80169e-05 2.80168e-05 3.3583e-05 3.3583e-05 3.3583e-05 3.3583e-05 3.55522e-05 3.55522e-05 3.55522e-05 3.55522e-05
0.56 2.9864e-06 7.01216e-07 4.60747e-06 2.45486e-06 -3.92927e-06 -3.43857e-06 -4.08164e-06 -3.61747e-06 -7.50372e-06 -7.6091e-06 -7.49012e-06 -7.59019e-06 -7.76974e-06 -7.7471e-06 -7.7708e-06 -7.74923e-06 -4.25682e-06 -4.26169e-06 -4.25677e-06 -4.26142e-06 2.33061e-06 2.33165e-06 2.33061e-06 2.33162e-06 1.07941e-05 1.07939e-05 1.07941e-05 1.07939e-05 1.95942e-05 1.95943e-05 1.95942e-05 1.95943e-05 2.71911e-05 2.71911e-05 2.71911e-05 2.71911e-05 3.2306e-05 3.2306e-05 3.2306e-05 3.2306e-05 3.41067e-05 3.41067e-05 3.41067e-05 3.41067e-05
0.561 2.23228e-06 -1.66683e-08 3.87051e-06 1.70847e-06 -4.18637e-06 -3.7031e-06 -4.34285e-06 -3.87698e-06 -7.24647e-06 -7.35032e-06 -7.23199e-06 -7.33236e-06 -7.09444e-06 -7.07212e-06 -7.09569e-06 -7.07407e-06 -3.39384e-06 -3.39864e-06 -3.39376e-06 -3.39841e-06 3.07619e-06 3.07722e-06 3.07619e-06 3.0772e-06 1.11242e-05 1.11239e-05 1.11242e-05 1.11239e-05 1.93102e-05 1.93102e-05 1.93102e-05 1.93102e-05 2.62633e-05 2.62632e-05 2.62633e-05 2.62632e-05 3.0893e-05 3.0893e-05 3.0893e-05 3.0893e-05 3.25136e-05 3.25136e-05 3.25136e-05 3.25136e-05
0.562 1.53182e-06 -6.57741e-07 3.16898e-06 1.02111e-06 -4.32942e-06 -3.85857e-06 -4.48818e-06 -4.0257e-06 -6.84606e-06 -6.94731e-06 -6.83089e-06 -6.93047e-06 -6.27516e-06 -6.25339e-06 -6.27657e-06 -6.25513e-06 -2.41617e-06 -2.42085e-06 -2.41605e-06 -2.42067e-06 3.88617e-06 3.88718e-06 3.88616e-06 3.88716e-06 1.14593e-05 1.14591e-05 1.14593e-05 1.14591e-05 1.89749e-05 1.89749e-05 1.89749e-05 1.89749e-05 2.52398e-05 2.52398e-05 2.52398e-05 2.52398e-05 2.93567e-05 2.93567e-05 2.93567e-05 2.93567e-05 3.07879e-05 3.07878e-05 3.07879e-05 3.07878e-05
0.563 8.91524e-07 -1.21648e-06 2.50978e-06 3.99057e-07 -4.35781e-06 -3.90417e-06 -4.51704e-06 -4.06289e-06 -6.30789e-06 -6.40552e-06 -6.29222e-06 -6.38994e-06 -5.32262e-06 -5.30161e-06 -5.32416e-06 -5.30314e-06 -1.33744e-06 -1.34196e-06 -1.33729e-06 -1.34181e-06 4.74765e-06 4.74862e-06 4.74763e-06 4.74861e-06 1.17912e-05 1.1791e-05 1.17912e-05 1.1791e-05 1.85876e-05 1.85877e-05 1.85876e-05 1.85877e-05 2.41282e-05 2.41282e-05 2.41282e-05 2.41282e-05 2.77107e-05 2.77107e-05 2.77107e-05 2.77107e-05 2.89454e-05 2.89454e-05 2.89454e-05 2.89454e-05
0.564 3.17246e-07 -1.68813e-06 1.89936e-06 -1.52092e-07 -4.272e-06 -3.84009e-06 -4.42992e-06 -3.98886e-06 -5.63862e-06 -5.73164e-06 -5.62263e-06 -5.71747e-06 -4.24867e-06 -4.22864e-06 -4.25034e-06 -4.22994e-06 -1.71998e-07 -1.76312e-07 -1.71817e-07 -1.76202e-07 5.64754e-06 5.64847e-06 5.64752e-06 5.64846e-06 1.2112e-05 1.21118e-05 1.2112e-05 1.21118e-05 1.81481e-05 1.81481e-05 1.81481e-05 1.81481e-05 2.29362e-05 2.29362e-05 2.29362e-05 2.29362e-05 2.59691e-05 2.59691e-05 2.59691e-05 2.59691e-05 2.70028e-05 2.70028e-05 2.70028e-05 2.70028e-05
0.565 -1.85802e-07 -2.06875e-06 1.34359e-06 -6.27417e-07 -4.07351e-06 -3.66761e-06 -4.22842e-06 -3.80499e-06 -4.84611e-06 -4.93359e-06 -4.82998e-06 -4.92096e-06 -3.06619e-06 -3.04734e-06 -3.06795e-06 -3.0484e-06 1.06525e-06 1.06118e-06 1.06546e-06 1.06125e-06 6.57273e-06 6.57361e-06 6.5727e-06 6.57361e-06 1.24139e-05 1.24137e-05 1.24139e-05 1.24137e-05 1.76565e-05 1.76565e-05 1.76565e-05 1.76565e-05 2.16723e-05 2.16723e-05 2.16723e-05 2.16723e-05 2.41465e-05 2.41466e-05 2.41465e-05 2.41466e-05 2.49766e-05 2.49766e-05 2.49766e-05 2.49766e-05
0.566 -6.13123e-07 -2.35528e-06 8.47777e-07 -1.02274e-06 -3.76497e-06 -3.38905e-06 -3.91523e-06 -3.51372e-06 -3.93935e-06 -4.02045e-06 -3.92327e-06 -4.00947e-06 -1.78894e-06 -1.77145e-06 -1.79078e-06 -1.77227e-06 2.35898e-06 2.35521e-06 2.35922e-06 2.35524e-06 7.51022e-06 7.51104e-06 7.51019e-06 7.51104e-06 1.26899e-05 1.26897e-05 1.26899e-05 1.26897e-05 1.71137e-05 1.71138e-05 1.71137e-05 1.71138e-05 2.03454e-05 2.03454e-05 2.03454e-05 2.03454e-05 2.22577e-05 2.22577e-05 2.22577e-05 2.22577e-05 2.2884e-05 2.2884e-05 2.2884e-05 2.2884e-05
0.567 -9.60969e-07 -2.54553e-06 4.16591e-07 -1.33468e-06 -3.35007e-06 -3.00777e-06 -3.49412e-06 -3.11856e-06 -2.92844e-06 -3.00236e-06 -2.91258e-06 -2.99313e-06 -4.31451e-07 -4.15491e-07 -4.33347e-07 -4.16064e-07 3.69366e-06 3.69022e-06 3.69392e-06 3.69021e-06 8.44729e-06 8.44804e-06 8.44725e-06 8.44805e-06 1.29333e-05 1.29331e-05 1.29333e-05 1.29331e-05 1.65212e-05 1.65213e-05 1.65212e-05 1.65213e-05 1.89647e-05 1.89647e-05 1.89647e-05 1.89647e-05 2.03176e-05 2.03176e-05 2.03176e-05 2.03176e-05 2.07419e-05 2.07419e-05 2.07419e-05 2.07419e-05
0.568 -1.22638e-06 -2.63825e-06 5.40217e-08 -1.56067e-06 -2.83359e-06 -2.52817e-06 -2.96994e-06 -2.62405e-06 -1.82444e-06 -1.89049e-06 -1.80897e-06 -1.88309e-06 9.91127e-07 1.0054e-06 9.89196e-07 1.00508e-06 5.05365e-06 5.05057e-06 5.05393e-06 5.05052e-06 9.37163e-06 9.3723e-06 9.37159e-06 9.37232e-06 1.31382e-05 1.31381e-05 1.31382e-05 1.31381e-05 1.58809e-05 1.5881e-05 1.58809e-05 1.5881e-05 1.75398e-05 1.75397e-05 1.75398e-05 1.75397e-05 1.83409e-05 1.83409e-05 1.83409e-05 1.83409e-05 1.8567e-05 1.8567e-05 1.8567e-05 1.8567e-05
0.569 -1.40723e-06 -2.63314e-06 -2.36653e-07 -1.69899e-06 -2.2213e-06 -1.95563e-06 -2.34856e-06 -2.03572e-06 -6.39325e-07 -6.9687e-07 -6.24406e-07 -6.9136e-07 2.46316e-06 2.47562e-06 2.46122e-06 2.47555e-06 6.42341e-06 6.42071e-06 6.42369e-06 6.42062e-06 1.02715e-05 1.0272e-05 1.02714e-05 1.02721e-05 1.32995e-05 1.32994e-05 1.32995e-05 1.32994e-05 1.51954e-05 1.51954e-05 1.51954e-05 1.51954e-05 1.60801e-05 1.60801e-05 1.60801e-05 1.60801e-05 1.63424e-05 1.63424e-05 1.63424e-05 1.63424e-05 1.63757e-05 1.63757e-05 1.63757e-05 1.63757e-05
0.57 -1.50221e-06 -2.53087e-06 -4.52897e-07 -1.74878e-06 -1.51996e-06 -1.29649e-06 -1.63687e-06 -1.36009e-06 6.14172e-07 5.65662e-07 6.28387e-07 5.69239e-07 3.96871e-06 3.97924e-06 3.96677e-06 3.97942e-06 7.78761e-06 7.78533e-06 7.78791e-06 7.78521e-06 1.11357e-05 1.11362e-05 1.11356e-05 1.11362e-05 1.34126e-05 1.34125e-05 1.34126e-05 1.34125e-05 1.44676e-05 1.44676e-05 1.44676e-05 1.44676e-05 1.45956e-05 1.45956e-05 1.45956e-05 1.45956e-05 1.43363e-05 1.43363e-05 1.43363e-05 1.43363e-05 1.4184e-05 1.4184e-05 1.4184e-05 1.4184e-05
0.571 -1.5109e-06 -2.33305e-06 -5.92944e-07 -1.7101e-06 -7.37234e-07 -5.57983e-07 -8.42651e-07 -6.04537e-07 1.92266e-06 1.88362e-06 1.93603e-06 1.88524e-06 5.49166e-06 5.50015e-06 5.48975e-06 5.50059e-06 9.13134e-06 9.12949e-06 9.13164e-06 9.12933e-06 1.19539e-05 1.19543e-05 1.19538e-05 1.19543e-05 1.34738e-05 1.34738e-05 1.34739e-05 1.34738e-05 1.3701e-05 1.37011e-05 1.3701e-05 1.37011e-05 1.3096e-05 1.30959e-05 1.3096e-05 1.30959e-05 1.23365e-05 1.23365e-05 1.23365e-05 1.23365e-05 1.20072e-05 1.20072e-05 1.20072e-05 1.20072e-05
0.572 -1.43374e-06 -2.04228e-06 -6.55812e-07 -1.58387e-06 1.1836e-07 2.51836e-07 2.54599e-08 2.22695e-07 3.27223e-06 3.243e-06 3.28461e-06 3.24266e-06 7.01589e-06 7.02228e-06 7.01402e-06 7.02295e-06 1.04402e-05 1.04388e-05 1.04405e-05 1.04386e-05 1.27166e-05 1.27169e-05 1.27165e-05 1.27169e-05 1.34804e-05 1.34803e-05 1.34804e-05 1.34803e-05 1.28998e-05 1.28998e-05 1.28998e-05 1.28998e-05 1.15907e-05 1.15907e-05 1.15907e-05 1.15907e-05 1.03563e-05 1.03563e-05 1.03563e-05 1.03563e-05 9.85976e-06 9.85976e-06 9.85976e-06 9.85976e-06
0.573 -1.27205e-06 -1.66207e-06 -6.41319e-07 -1.37192e-06 1.03756e-06 1.12418e-06 9.58055e-07 1.11264e-06 4.64859e-06 4.62942e-06 4.65988e-06 4.62714e-06 8.52544e-06 8.52968e-06 8.52364e-06 8.53058e-06 1.17004e-05 1.16994e-05 1.17007e-05 1.16992e-05 1.34151e-05 1.34153e-05 1.34151e-05 1.34154e-05 1.34302e-05 1.34302e-05 1.34302e-05 1.34302e-05 1.20681e-05 1.20681e-05 1.20681e-05 1.20681e-05 1.00894e-05 1.00894e-05 1.00894e-05 1.00894e-05 8.4084e-06 8.4084e-06 8.40839e-06 8.4084e-06 7.7555e-06 7.7555e-06 7.7555e-06 7.7555e-06
0.574 -1.028e-06 -1.19686e-06 -5.50078e-07 -1.07693e-06 2.01043e-06 2.04959e-06 1.94506e-06 2.05567e-06 6.03726e-06 6.02826e-06 6.04733e-06 6.02408e-06 1.00047e-05 1.00067e-05 1.0003e-05 1.00079e-05 1.2899e-05 1.28985e-05 1.28993e-05 1.28983e-05 1.40419e-05 1.4042e-05 1.40419e-05 1.40421e-05 1.33221e-05 1.33221e-05 1.33221e-05 1.3322e-05 1.12108e-05 1.12108e-05 1.12108e-05 1.12108e-05 8.60129e-06 8.60129e-06 8.60129e-06 8.60129e-06 6.50459e-06 6.50459e-06 6.50459e-06 6.50459e-06 5.70717e-06 5.70717e-06 5.70717e-06 5.70717e-06
0.575 -7.04612e-07 -6.51942e-07 -3.835e-07 -7.02446e-07 3.0265e-06 3.0181e-06 2.97586e-06 3.04162e-06 7.42364e-06 7.42486e-06 7.4324e-06 7.41882e-06 1.14385e-05 1.14383e-05 1.14368e-05 1.14397e-05 1.40239e-05 1.40239e-05 1.40242e-05 1.40236e-05 1.45904e-05 1.45904e-05 1.45903e-05 1.45904e-05 1.31555e-05 1.31555e-05 1.31555e-05 1.31555e-05 1.03328e-05 1.03328e-05 1.03328e-05 1.03328e-05 7.13513e-06 7.13513e-06 7.13513e-06 7.13513e-06 4.656e-06 4.656e-06 4.656e-06 4.656e-06 3.72654e-06 3.72654e-06 3.72654e-06 3.72654e-06
0.576 -3.05714e-07 -3.3443e-08 -1.43771e-07 -2.52825e-07 4.07486e-06 4.01928e-06 4.03937e-06 4.05989e-06 8.79328e-06 8.80463e-06 8.80064e-06 8.79681e-06 1.28122e-05 1.28099e-05 1.28107e-05 1.28114e-05 1.50641e-05 1.50645e-05 1.50644e-05 1.50642e-05 1.50548e-05 1.50547e-05 1.50547e-05 1.50548e-05 1.29307e-05 1.29308e-05 1.29308e-05 1.29307e-05 9.43919e-06 9.43918e-06 9.43918e-06 9.43918e-06 5.69944e-06 5.69944e-06 5.69944e-06 5.69944e-06 2.87283e-06 2.87283e-06 2.87283e-06 2.87283e-06 1.82434e-06 1.82434e-06 1.82434e-06 1.82434e-06
0.577 1.64084e-07 6.51764e-07 1.66163e-07 2.66806e-07 5.14427e-06 5.04239e-06 5.12421e-06 5.09956e-06 1.01319e-05 1.01532e-05 1.01378e-05 1.01437e-05 1.41122e-05 1.41078e-05 1.41109e-05 1.41095e-05 1.60094e-05 1.60104e-05 1.60097e-05 1.601e-05 1.54307e-05 1.54305e-05 1.54307e-05 1.54306e-05 1.26489e-05 1.26489e-05 1.26489e-05 1.26489e-05 8.53542e-06 8.53541e-06 8.53542e-06 8.53541e-06 4.30222e-06 4.30222e-06 4.30222e-06 4.30222e-06 1.16438e-06 1.16438e-06 1.16438e-06 1.16438e-06 1.02117e-08 1.02119e-08 1.02118e-08 1.02119e-08
0.578 6.99447e-07 1.39612e-06 5.42635e-07 8.50602e-07 6.22333e-06 6.07649e-06 6.2188e-06 6.14953e-06 1.14258e-05 1.14568e-05 1.14302e-05 1.14457e-05 1.53256e-05 1.5319e-05 1.53244e-05 1.53209e-05 1.68511e-05 1.68525e-05 1.68514e-05 1.68522e-05 1.57147e-05 1.57144e-05 1.57146e-05 1.57144e-05 1.23115e-05 1.23115e-05 1.23115e-05 1.23115e-05 7.62685e-06 7.62684e-06 7.62685e-06 7.62684e-06 2.95096e-06 2.95096e-06 2.95096e-06 2.95096e-06 -4.6104e-07 -4.61041e-07 -4.6104e-07 -4.6104e-07 -1.70734e-06 -1.70734e-06 -1.70734e-06 -1.70734e-06
0.579 1.29437e-06 2.19147e-06 9.81291e-07 1.49206e-06 7.30055e-06 7.11057e-06 7.3115e-06 7.19861e-06 1.26615e-05 1.27018e-05 1.26644e-05 1.26893e-05 1.64405e-05 1.6432e-05 1.64394e-05 1.6434e-05 1.75815e-05 1.75833e-05 1.75818e-05 1.7583e-05 1.59042e-05 1.59038e-05 1.59041e-05 1.59039e-05 1.19209e-05 1.19209e-05 1.19209e-05 1.19209e-05 6.71888e-06 6.71886e-06 6.71888e-06 6.71887e-06 1.65257e-06 1.65257e-06 1.65257e-06 1.65257e-06 -1.99608e-06 -1.99609e-06 -1.99608e-06 -1.99609e-06 -3.32094e-06 -3.32094e-06 -3.32094e-06 -3.32094e-06
0.58 1.94225e-06 3.02914e-06 1.47714e-06 2.1841e-06 8.36455e-06 8.13367e-06 8.39077e-06 8.23571e-06 1.38267e-05 1.38758e-05 1.3828e-05 1.38619e-05 1.74463e-05 1.74359e-05 1.74454e-05 1.7438e-05 1.81941e-05 1.81963e-05 1.81944e-05 1.8196e-05 1.59978e-05 1.59973e-05 1.59978e-05 1.59974e-05 1.14797e-05 1.14798e-05 1.14798e-05 1.14798e-05 5.81684e-06 5.81682e-06 5.81684e-06 5.81682e-06 4.13338e-07 4.13343e-07 4.13339e-07 4.13342e-07 -3.43441e-06 -3.43441e-06 -3.43441e-06 -3.43441e-06 -4.82432e-06 -4.82432e-06 -4.82432e-06 -4.82432e-06
0.581 2.63593e-06 3.90004e-06 2.02462e-06 2.91912e-06 9.40413e-06 9.13504e-06 9.44525e-06 9.24992e-06 1.49095e-05 1.49669e-05 1.49093e-05 1.49519e-05 1.83335e-05 1.83213e-05 1.83328e-05 1.83235e-05 1.86838e-05 1.86865e-05 1.86841e-05 1.86861e-05 1.59951e-05 1.59946e-05 1.59951e-05 1.59946e-05 1.09914e-05 1.09915e-05 1.09914e-05 1.09915e-05 4.92591e-06 4.92589e-06 4.92591e-06 4.92589e-06 -7.6109e-07 -7.61085e-07 -7.6109e-07 -7.61085e-07 -4.77066e-06 -4.77066e-06 -4.77066e-06 -4.77066e-06 -6.21234e-06 -6.21234e-06 -6.21234e-06 -6.21234e-06
0.582 3.36782e-06 4.79478e-06 2.61763e-06 3.68912e-06 1.04085e-05 1.01042e-05 1.04639e-05 1.02306e-05 1.58993e-05 1.59642e-05 1.58975e-05 1.59482e-05 1.9094e-05 1.90802e-05 1.90935e-05 1.90824e-05 1.90468e-05 1.90498e-05 1.9047e-05 1.90494e-05 1.58966e-05 1.58959e-05 1.58965e-05 1.5896e-05 1.04593e-05 1.04594e-05 1.04593e-05 1.04594e-05 4.05108e-06 4.05105e-06 4.05108e-06 4.05105e-06 -1.86576e-06 -1.86575e-06 -1.86576e-06 -1.86575e-06 -6.00048e-06 -6.00048e-06 -6.00048e-06 -6.00048e-06 -7.48096e-06 -7.48096e-06 -7.48096e-06 -7.48096e-06
0.583 4.12997e-06 5.70373e-06 3.24964e-06 4.48574e-06 1.13671e-05 1.10311e-05 1.14363e-05 1.11677e-05 1.67863e-05 1.68581e-05 1.6783e-05 1.68413e-05 1.97211e-05 1.97057e-05 1.97207e-05 1.97081e-05 1.92805e-05 1.92838e-05 1.92806e-05 1.92834e-05 1.57035e-05 1.57028e-05 1.57034e-05 1.57028e-05 9.88749e-06 9.88764e-06 9.8875e-06 9.88763e-06 3.19707e-06 3.19704e-06 3.19707e-06 3.19704e-06 -2.89642e-06 -2.89642e-06 -2.89642e-06 -2.89642e-06 -7.12049e-06 -7.12049e-06 -7.12049e-06 -7.12049e-06 -8.62721e-06 -8.62721e-06 -8.62721e-06 -8.62721e-06
0.584 4.91414e-06 6.61722e-06 3.91374e-06 5.30041e-06 1.22703e-05 1.19064e-05 1.23524e-05 1.20516e-05 1.75622e-05 1.764e-05 1.75573e-05 1.76226e-05 2.02094e-05 2.01928e-05 2.02093e-05 2.01951e-05 1.93835e-05 1.93871e-05 1.93837e-05 1.93867e-05 1.5418e-05 1.54173e-05 1.5418e-05 1.54173e-05 9.28002e-06 9.28018e-06 9.28002e-06 9.28017e-06 2.36828e-06 2.36825e-06 2.36828e-06 2.36825e-06 -3.84955e-06 -3.84954e-06 -3.84955e-06 -3.84954e-06 -8.12827e-06 -8.12827e-06 -8.12827e-06 -8.12827e-06 -9.64914e-06 -9.64914e-06 -9.64914e-06 -9.64914e-06
0.585 5.7119e-06 7.52553e-06 4.60271e-06 6.12442e-06 1.31089e-05 1.2721e-05 1.3203e-05 1.28733e-05 1.82196e-05 1.83027e-05 1.82134e-05 1.82848e-05 2.05552e-05 2.05374e-05 2.05552e-05 2.05398e-05 1.93559e-05 1.93598e-05 1.93561e-05 1.93594e-05 1.50432e-05 1.50424e-05 1.50431e-05 1.50424e-05 8.64117e-06 8.64135e-06 8.64118e-06 8.64134e-06 1.56875e-06 1.56872e-06 1.56875e-06 1.56872e-06 -4.72235e-06 -4.72234e-06 -4.72234e-06 -4.72234e-06 -9.0223e-06 -9.02231e-06 -9.0223e-06 -9.02231e-06 -1.05458e-05 -1.05458e-05 -1.05458e-05 -1.05458e-05
0.586 6.51475e-06 8.41912e-06 5.30914e-06 6.949e-06 1.38747e-05 1.3467e-05 1.39796e-05 1.36247e-05 1.87528e-05 1.88402e-05 1.87452e-05 1.8822e-05 2.07561e-05 2.07374e-05 2.07563e-05 2.07397e-05 1.91989e-05 1.92029e-05 1.9199e-05 1.92026e-05 1.45824e-05 1.45816e-05 1.45824e-05 1.45816e-05 7.97532e-06 7.97551e-06 7.97533e-06 7.9755e-06 8.02108e-07 8.02069e-07 8.02106e-07 8.0207e-07 -5.51275e-06 -5.51274e-06 -5.51274e-06 -5.51274e-06 -9.80199e-06 -9.802e-06 -9.80199e-06 -9.802e-06 -1.13171e-05 -1.13171e-05 -1.13171e-05 -1.13171e-05
0.587 7.3142e-06 9.28866e-06 6.02547e-06 7.76545e-06 1.456e-05 1.4137e-05 1.46746e-05 1.42984e-05 1.91573e-05 1.9248e-05 1.91484e-05 1.92297e-05 2.08113e-05 2.07919e-05 2.08117e-05 2.07941e-05 1.89148e-05 1.8919e-05 1.89148e-05 1.89186e-05 1.40401e-05 1.40392e-05 1.40401e-05 1.40392e-05 7.28686e-06 7.28705e-06 7.28687e-06 7.28704e-06 7.15268e-08 7.14857e-08 7.15255e-08 7.14873e-08 -6.21941e-06 -6.2194e-06 -6.21941e-06 -6.2194e-06 -1.04676e-05 -1.04676e-05 -1.04676e-05 -1.04676e-05 -1.1964e-05 -1.1964e-05 -1.1964e-05 -1.1964e-05
0.588 8.10184e-06 1.01251e-05 6.74409e-06 8.56525e-06 1.51585e-05 1.47247e-05 1.52816e-05 1.48881e-05 1.943e-05 1.9523e-05 1.94199e-05 1.95049e-05 2.07213e-05 2.07014e-05 2.07219e-05 2.07036e-05 1.8507e-05 1.85113e-05 1.85071e-05 1.8511e-05 1.34208e-05 1.34199e-05 1.34208e-05 1.342e-05 6.58013e-06 6.58033e-06 6.58014e-06 6.58032e-06 -6.20277e-07 -6.2032e-07 -6.20278e-07 -6.20318e-07 -6.84172e-06 -6.84171e-06 -6.84172e-06 -6.84171e-06 -1.10201e-05 -1.10201e-05 -1.10201e-05 -1.10201e-05 -1.24881e-05 -1.24881e-05 -1.24881e-05 -1.24881e-05
0.589 8.8695e-06 1.092e-05 7.45745e-06 9.3401e-06 1.56646e-05 1.52247e-05 1.57948e-05 1.53884e-05 1.95692e-05 1.96636e-05 1.95581e-05 1.96458e-05 2.04883e-05 2.0468e-05 2.0489e-05 2.04701e-05 1.79802e-05 1.79845e-05 1.79802e-05 1.79842e-05 1.27299e-05 1.2729e-05 1.27299e-05 1.27291e-05 5.85941e-06 5.85961e-06 5.85941e-06 5.8596e-06 -1.27108e-06 -1.27112e-06 -1.27108e-06 -1.27112e-06 -7.37975e-06 -7.37974e-06 -7.37975e-06 -7.37975e-06 -1.14614e-05 -1.14614e-05 -1.14614e-05 -1.14614e-05 -1.28919e-05 -1.28919e-05 -1.28919e-05 -1.28919e-05
0.59 9.60926e-06 1.16653e-05 8.15812e-06 1.00821e-05 1.6074e-05 1.56326e-05 1.62099e-05 1.57948e-05 1.95748e-05 1.96695e-05 1.95628e-05 1.96523e-05 2.01156e-05 2.00952e-05 2.01165e-05 2.00972e-05 1.73397e-05 1.73441e-05 1.73396e-05 1.73438e-05 1.1973e-05 1.19721e-05 1.1973e-05 1.19721e-05 5.12882e-06 5.12902e-06 5.12882e-06 5.12901e-06 -1.87916e-06 -1.8792e-06 -1.87916e-06 -1.8792e-06 -7.83425e-06 -7.83424e-06 -7.83425e-06 -7.83424e-06 -1.17941e-05 -1.17941e-05 -1.17941e-05 -1.17941e-05 -1.31787e-05 -1.31787e-05 -1.31787e-05 -1.31787e-05
0.591 1.03136e-05 1.23536e-05 8.83885e-06 1.07836e-05 1.63833e-05 1.59451e-05 1.65234e-05 1.61041e-05 1.94478e-05 1.9542e-05 1.9435e-05 1.95254e-05 1.96079e-05 1.95877e-05 1.9609e-05 1.95895e-05 1.65919e-05 1.65963e-05 1.65919e-05 1.65961e-05 1.1156e-05 1.11551e-05 1.1156e-05 1.11551e-05 4.39232e-06 4.39252e-06 4.39233e-06 4.39252e-06 -2.44329e-06 -2.44334e-06 -2.44329e-06 -2.44334e-06 -8.20661e-06 -8.2066e-06 -8.20661e-06 -8.2066e-06 -1.20213e-05 -1.20213e-05 -1.20213e-05 -1.20213e-05 -1.33523e-05 -1.33523e-05 -1.33523e-05 -1.33523e-05
0.592 1.09755e-05 1.29781e-05 9.49271e-06 1.14378e-05 1.65902e-05 1.61597e-05 1.6733e-05 1.63141e-05 1.9191e-05 1.92835e-05 1.91775e-05 1.92678e-05 1.89712e-05 1.89513e-05 1.89724e-05 1.8953e-05 1.57441e-05 1.57484e-05 1.5744e-05 1.57482e-05 1.02852e-05 1.02843e-05 1.02852e-05 1.02843e-05 3.65369e-06 3.65389e-06 3.65369e-06 3.65389e-06 -2.96275e-06 -2.96279e-06 -2.96275e-06 -2.96279e-06 -8.49883e-06 -8.49882e-06 -8.49882e-06 -8.49882e-06 -1.21469e-05 -1.21469e-05 -1.21469e-05 -1.21469e-05 -1.34172e-05 -1.34171e-05 -1.34172e-05 -1.34171e-05
0.593 1.15883e-05 1.3533e-05 1.01131e-05 1.20382e-05 1.66938e-05 1.62755e-05 1.68378e-05 1.64234e-05 1.8808e-05 1.88979e-05 1.8794e-05 1.88832e-05 1.82127e-05 1.81933e-05 1.8214e-05 1.81948e-05 1.48041e-05 1.48083e-05 1.4804e-05 1.48081e-05 9.36693e-06 9.36603e-06 9.36694e-06 9.36605e-06 2.91647e-06 2.91666e-06 2.91647e-06 2.91666e-06 -3.43728e-06 -3.43732e-06 -3.43728e-06 -3.43732e-06 -8.71349e-06 -8.71348e-06 -8.71349e-06 -8.71348e-06 -1.21753e-05 -1.21753e-05 -1.21753e-05 -1.21753e-05 -1.33784e-05 -1.33784e-05 -1.33784e-05 -1.33784e-05
0.594 1.21461e-05 1.4013e-05 1.06938e-05 1.2579e-05 1.66939e-05 1.62921e-05 1.68377e-05 1.64322e-05 1.83039e-05 1.83904e-05 1.82895e-05 1.83768e-05 1.73403e-05 1.73217e-05 1.73417e-05 1.7323e-05 1.37805e-05 1.37845e-05 1.37803e-05 1.37843e-05 8.40784e-06 8.40698e-06 8.40786e-06 8.40699e-06 2.18395e-06 2.18414e-06 2.18395e-06 2.18413e-06 -3.86709e-06 -3.86713e-06 -3.86709e-06 -3.86713e-06 -8.8537e-06 -8.85369e-06 -8.8537e-06 -8.85369e-06 -1.21116e-05 -1.21116e-05 -1.21116e-05 -1.21116e-05 -1.32415e-05 -1.32415e-05 -1.32415e-05 -1.32415e-05
0.595 1.26437e-05 1.4414e-05 1.12293e-05 1.30552e-05 1.65918e-05 1.62104e-05 1.67337e-05 1.63413e-05 1.76848e-05 1.7767e-05 1.76703e-05 1.77547e-05 1.63632e-05 1.63455e-05 1.63647e-05 1.63466e-05 1.26821e-05 1.26859e-05 1.26819e-05 1.26858e-05 7.4146e-06 7.41378e-06 7.41462e-06 7.41378e-06 1.4592e-06 1.45938e-06 1.4592e-06 1.45938e-06 -4.25282e-06 -4.25286e-06 -4.25282e-06 -4.25286e-06 -8.92307e-06 -8.92306e-06 -8.92307e-06 -8.92306e-06 -1.1961e-05 -1.1961e-05 -1.1961e-05 -1.1961e-05 -1.30126e-05 -1.30126e-05 -1.30126e-05 -1.30126e-05
0.596 1.30763e-05 1.47326e-05 1.17143e-05 1.34624e-05 1.63894e-05 1.60323e-05 1.65281e-05 1.61526e-05 1.69581e-05 1.70351e-05 1.69435e-05 1.70242e-05 1.52911e-05 1.52745e-05 1.52928e-05 1.52754e-05 1.15186e-05 1.15221e-05 1.15184e-05 1.15221e-05 6.3939e-06 6.39313e-06 6.39393e-06 6.39313e-06 7.45041e-07 7.45207e-07 7.45037e-07 7.45209e-07 -4.59552e-06 -4.59555e-06 -4.59552e-06 -4.59555e-06 -8.92564e-06 -8.92564e-06 -8.92564e-06 -8.92564e-06 -1.17295e-05 -1.17295e-05 -1.17295e-05 -1.17295e-05 -1.26981e-05 -1.26981e-05 -1.26981e-05 -1.26981e-05
0.597 1.34403e-05 1.49662e-05 1.21442e-05 1.3797e-05 1.60899e-05 1.57606e-05 1.6224e-05 1.58693e-05 1.61318e-05 1.62029e-05 1.61173e-05 1.61934e-05 1.41347e-05 1.41194e-05 1.41364e-05 1.412e-05 1.02996e-05 1.03029e-05 1.02994e-05 1.03029e-05 5.35247e-06 5.35176e-06 5.3525e-06 5.35175e-06 4.40382e-08 4.41921e-08 4.40331e-08 4.4195e-08 -4.89658e-06 -4.89661e-06 -4.89658e-06 -4.89661e-06 -8.86585e-06 -8.86584e-06 -8.86585e-06 -8.86584e-06 -1.14233e-05 -1.14233e-05 -1.14233e-05 -1.14233e-05 -1.23049e-05 -1.23049e-05 -1.23049e-05 -1.23049e-05
0.598 1.37324e-05 1.51133e-05 1.25152e-05 1.40564e-05 1.56974e-05 1.5399e-05 1.58254e-05 1.5495e-05 1.52148e-05 1.52793e-05 1.52006e-05 1.52714e-05 1.29049e-05 1.28909e-05 1.29066e-05 1.28914e-05 9.03515e-06 9.03815e-06 9.03491e-06 9.03817e-06 4.29696e-06 4.29631e-06 4.297e-06 4.2963e-06 -6.41463e-07 -6.41323e-07 -6.41469e-07 -6.41319e-07 -5.15773e-06 -5.15776e-06 -5.15772e-06 -5.15776e-06 -8.74846e-06 -8.74846e-06 -8.74846e-06 -8.74846e-06 -1.10489e-05 -1.10489e-05 -1.10489e-05 -1.10489e-05 -1.184e-05 -1.184e-05 -1.184e-05 -1.184e-05
0.599 1.39504e-05 1.51733e-05 1.2824e-05 1.42386e-05 1.52166e-05 1.49519e-05 1.53373e-05 1.50344e-05 1.42167e-05 1.4274e-05 1.42029e-05 1.42678e-05 1.16131e-05 1.16007e-05 1.16149e-05 1.16009e-05 7.7354e-06 7.73808e-06 7.73515e-06 7.73813e-06 3.23395e-06 3.23337e-06 3.23399e-06 3.23335e-06 -1.30934e-06 -1.30921e-06 -1.30935e-06 -1.30921e-06 -5.38096e-06 -5.38098e-06 -5.38096e-06 -5.38099e-06 -8.57855e-06 -8.57854e-06 -8.57855e-06 -8.57854e-06 -1.06133e-05 -1.06133e-05 -1.06133e-05 -1.06133e-05 -1.13109e-05 -1.13109e-05 -1.13109e-05 -1.13109e-05
0.6 1.40926e-05 1.51464e-05 1.3068e-05 1.43424e-05 1.46533e-05 1.44247e-05 1.47654e-05 1.44929e-05 1.31477e-05 1.31973e-05 1.31345e-05 1.31928e-05 1.02712e-05 1.02604e-05 1.02729e-05 1.02604e-05 6.41051e-06 6.41283e-06 6.41025e-06 6.41292e-06 2.16989e-06 2.16938e-06 2.16993e-06 2.16936e-06 -1.95767e-06 -1.95756e-06 -1.95767e-06 -1.95755e-06 -5.56851e-06 -5.56853e-06 -5.56851e-06 -5.56853e-06 -8.3614e-06 -8.3614e-06 -8.3614e-06 -8.3614e-06 -1.01234e-05 -1.01234e-05 -1.01234e-05 -1.01234e-05 -1.07253e-05 -1.07253e-05 -1.07253e-05 -1.07253e-05
