0.001 -2.25654e-15 -3.28454e-15 -1.91482e-15 -2.69761e-15 -3.50912e-15 -3.25255e-15 -3.59206e-15 -3.39636e-15 -3.20224e-15 -3.26628e-15 -3.18211e-15 -3.23104e-15 -3.27745e-15 -3.26147e-15 -3.28234e-15 -3.27011e-15 -3.25901e-15 -3.263e-15 -3.25783e-15 -3.26089e-15 -3.26354e-15 -3.26254e-15 -3.26382e-15 -3.26306e-15 -3.26243e-15 -3.26268e-15 -3.26236e-15 -3.26255e-15 -3.2627e-15 -3.26264e-15 -3.26272e-15 -3.26267e-15 -3.26263e-15 -3.26265e-15 -3.26263e-15 -3.26264e-15 -3.26265e-15 -3.26265e-15 -3.26265e-15 -3.26265e-15 -3.26264e-15 -3.26265e-15 -3.26264e-15 -3.26265e-15
0.002 -6.06111e-15 -9.63148e-15 -4.73707e-15 -7.15165e-15 -1.19258e-14 -1.10848e-14 -1.22158e-14 -1.1648e-14 -1.05935e-14 -1.07909e-14 -1.05307e-14 -1.06637e-14 -1.08947e-14 -1.08486e-14 -1.09081e-14 -1.08771e-14 -1.0827e-14 -1.08377e-14 -1.08242e-14 -1.08314e-14 -1.08421e-14 -1.08396e-14 -1.08427e-14 -1.0841e-14 -1.08388e-14 -1.08393e-14 -1.08386e-14 -1.0839e-14 -1.08395e-14 -1.08394e-14 -1.08395e-14 -1.08394e-14 -1.08393e-14 -1.08394e-14 -1.08393e-14 -1.08393e-14 -1.08394e-14 -1.08394e-14 -1.08394e-14 -1.08394e-14 -1.08394e-14 -1.08394e-14 -1.08394e-14 -1.08394e-14
0.003 -9.40018e-15 -1.4771e-14 -7.09973e-15 -1.03579e-14 -2.30969e-14 -2.19638e-14 -2.34843e-14 -2.27994e-14 -2.04201e-14 -2.06536e-14 -2.03651e-14 -2.05055e-14 -2.09218e-14 -2.08752e-14 -2.09263e-14 -2.08985e-14 -2.08338e-14 -2.08426e-14 -2.08347e-14 -2.08399e-14 -2.08475e-14 -2.08459e-14 -2.08468e-14 -2.08459e-14 -2.08459e-14 -2.08461e-14 -2.08461e-14 -2.08463e-14 -2.08459e-14 -2.08459e-14 -2.08458e-14 -2.08458e-14 -2.0846e-14 -2.0846e-14 -2.0846e-14 -2.0846e-14 -2.08459e-14 -2.08459e-14 -2.08459e-14 -2.08459e-14 -2.08459e-14 -2.08459e-14 -2.08459e-14 -2.08459e-14
0.004 -1.36541e-14 -1.99894e-14 -1.06246e-14 -1.48877e-14 -3.7124e-14 -3.5893e-14 -3.74129e-14 -3.6528e-14 -3.36695e-14 -3.39012e-14 -3.36895e-14 -3.38722e-14 -3.40444e-14 -3.40026e-14 -3.40219e-14 -3.39843e-14 -3.40474e-14 -3.40546e-14 -3.40562e-14 -3.4064e-14 -3.40281e-14 -3.4027e-14 -3.40254e-14 -3.40238e-14 -3.40364e-14 -3.40365e-14 -3.40371e-14 -3.40374e-14 -3.40337e-14 -3.40337e-14 -3.40335e-14 -3.40334e-14 -3.40345e-14 -3.40345e-14 -3.40345e-14 -3.40345e-14 -3.40343e-14 -3.40343e-14 -3.40342e-14 -3.40342e-14 -3.40343e-14 -3.40343e-14 -3.40343e-14 -3.40343e-14
0.005 -1.98577e-14 -2.85419e-14 -1.55888e-14 -2.22257e-14 -5.43532e-14 -5.2523e-14 -5.46041e-14 -5.31012e-14 -5.14963e-14 -5.18917e-14 -5.15637e-14 -5.191e-14 -5.12123e-14 -5.11239e-14 -5.11783e-14 -5.10969e-14 -5.14413e-14 -5.14618e-14 -5.1451e-14 -5.14705e-14 -5.13632e-14 -5.13582e-14 -5.13611e-14 -5.13563e-14 -5.13842e-14 -5.13855e-14 -5.13845e-14 -5.13857e-14 -5.13793e-14 -5.1379e-14 -5.13793e-14 -5.1379e-14 -5.13803e-14 -5.13804e-14 -5.13803e-14 -5.13804e-14 -5.13801e-14 -5.13801e-14 -5.13801e-14 -5.13801e-14 -5.13801e-14 -5.13802e-14 -5.13801e-14 -5.13801e-14
0.006 -2.88596e-14 -4.12682e-14 -2.26851e-14 -3.18027e-14 -7.55015e-14 -7.27048e-14 -7.58999e-14 -7.38217e-14 -7.52033e-14 -7.58469e-14 -7.52345e-14 -7.57082e-14 -7.374e-14 -7.35893e-14 -7.37278e-14 -7.36202e-14 -7.42469e-14 -7.42826e-14 -7.42463e-14 -7.42705e-14 -7.41286e-14 -7.41201e-14 -7.41304e-14 -7.4125e-14 -7.41487e-14 -7.41507e-14 -7.41477e-14 -7.41489e-14 -7.41471e-14 -7.41467e-14 -7.41475e-14 -7.41473e-14 -7.41465e-14 -7.41466e-14 -7.41464e-14 -7.41465e-14 -7.41469e-14 -7.41469e-14 -7.4147e-14 -7.4147e-14 -7.41467e-14 -7.41467e-14 -7.41467e-14 -7.41467e-14
0.007 -4.06786e-14 -5.79001e-14 -3.20976e-14 -4.45199e-14 -1.02063e-13 -9.82277e-14 -1.02785e-13 -1.00055e-13 -1.06182e-13 -1.0703e-13 -1.06106e-13 -1.06696e-13 -1.03421e-13 -1.03236e-13 -1.0345e-13 -1.03326e-13 -1.04035e-13 -1.04074e-13 -1.0402e-13 -1.04046e-13 -1.03974e-13 -1.03966e-13 -1.0398e-13 -1.03975e-13 -1.03958e-13 -1.03959e-13 -1.03956e-13 -1.03957e-13 -1.0397e-13 -1.0397e-13 -1.0397e-13 -1.0397e-13 -1.03965e-13 -1.03965e-13 -1.03965e-13 -1.03965e-13 -1.03967e-13 -1.03967e-13 -1.03967e-13 -1.03967e-13 -1.03966e-13 -1.03966e-13 -1.03966e-13 -1.03966e-13
0.008 -5.58604e-14 -7.88283e-14 -4.42167e-14 -6.12441e-14 -1.36114e-13 -1.31215e-13 -1.37308e-13 -1.3364e-13 -1.46109e-13 -1.47131e-13 -1.45914e-13 -1.46696e-13 -1.42565e-13 -1.42359e-13 -1.42623e-13 -1.42457e-13 -1.42854e-13 -1.42894e-13 -1.42837e-13 -1.42872e-13 -1.43012e-13 -1.43004e-13 -1.43016e-13 -1.43008e-13 -1.42917e-13 -1.42918e-13 -1.42916e-13 -1.42918e-13 -1.4295e-13 -1.4295e-13 -1.4295e-13 -1.4295e-13 -1.42941e-13 -1.42941e-13 -1.42941e-13 -1.42941e-13 -1.42943e-13 -1.42943e-13 -1.42943e-13 -1.42943e-13 -1.42943e-13 -1.42943e-13 -1.42943e-13 -1.42943e-13
0.009 -7.55555e-14 -1.05485e-13 -6.00496e-14 -8.24805e-14 -1.80299e-13 -1.74021e-13 -1.8199e-13 -1.77125e-13 -1.97219e-13 -1.98526e-13 -1.96978e-13 -1.98043e-13 -1.94027e-13 -1.93755e-13 -1.94064e-13 -1.93827e-13 -1.9341e-13 -1.93467e-13 -1.9341e-13 -1.93464e-13 -1.93927e-13 -1.93914e-13 -1.93922e-13 -1.9391e-13 -1.93743e-13 -1.93746e-13 -1.93746e-13 -1.93749e-13 -1.9379e-13 -1.93789e-13 -1.93789e-13 -1.93788e-13 -1.93781e-13 -1.93781e-13 -1.93782e-13 -1.93782e-13 -1.93782e-13 -1.93782e-13 -1.93782e-13 -1.93782e-13 -1.93782e-13 -1.93782e-13 -1.93782e-13 -1.93782e-13
0.01 -1.00847e-13 -1.40076e-13 -8.04318e-14 -1.09962e-13 -2.37918e-13 -2.29533e-13 -2.40052e-13 -2.33522e-13 -2.62596e-13 -2.64413e-13 -2.62413e-13 -2.63874e-13 -2.61279e-13 -2.60876e-13 -2.61252e-13 -2.60922e-13 -2.59262e-13 -2.59354e-13 -2.5929e-13 -2.59365e-13 -2.60142e-13 -2.6012e-13 -2.60129e-13 -2.60112e-13 -2.59929e-13 -2.59934e-13 -2.59933e-13 -2.59937e-13 -2.59955e-13 -2.59954e-13 -2.59954e-13 -2.59953e-13 -2.5996e-13 -2.5996e-13 -2.5996e-13 -2.5996e-13 -2.59955e-13 -2.59955e-13 -2.59955e-13 -2.59955e-13 -2.59958e-13 -2.59958e-13 -2.59958e-13 -2.59958e-13
0.011 -1.33696e-13 -1.84731e-13 -1.06947e-13 -1.45583e-13 -3.12734e-13 -3.01638e-13 -3.15327e-13 -3.0675e-13 -3.46517e-13 -3.48958e-13 -3.46423e-13 -3.48322e-13 -3.48581e-13 -3.48039e-13 -3.48501e-13 -3.48085e-13 -3.45016e-13 -3.45137e-13 -3.45056e-13 -3.45146e-13 -3.46042e-13 -3.46015e-13 -3.4603e-13 -3.46011e-13 -3.45934e-13 -3.4594e-13 -3.45936e-13 -3.4594e-13 -3.45893e-13 -3.45892e-13 -3.45893e-13 -3.45892e-13 -3.45922e-13 -3.45923e-13 -3.45922e-13 -3.45922e-13 -3.45911e-13 -3.45911e-13 -3.45911e-13 -3.45911e-13 -3.45915e-13 -3.45915e-13 -3.45915e-13 -3.45915e-13
0.012 -1.76322e-13 -2.42497e-13 -1.41384e-13 -1.91697e-13 -4.09475e-13 -3.95105e-13 -4.12718e-13 -4.01674e-13 -4.5456e-13 -4.57673e-13 -4.54469e-13 -4.56863e-13 -4.61333e-13 -4.60666e-13 -4.61262e-13 -4.60751e-13 -4.56518e-13 -4.56658e-13 -4.56538e-13 -4.56644e-13 -4.57271e-13 -4.57243e-13 -4.57272e-13 -4.5725e-13 -4.57437e-13 -4.57443e-13 -4.57434e-13 -4.57438e-13 -4.57291e-13 -4.5729e-13 -4.57293e-13 -4.57292e-13 -4.57346e-13 -4.57346e-13 -4.57345e-13 -4.57346e-13 -4.57332e-13 -4.57332e-13 -4.57332e-13 -4.57332e-13 -4.57335e-13 -4.57335e-13 -4.57334e-13 -4.57334e-13
0.013 -2.31354e-13 -3.17341e-13 -1.85872e-13 -2.51395e-13 -5.34276e-13 -5.15774e-13 -5.38521e-13 -5.24255e-13 -5.93791e-13 -5.97736e-13 -5.93557e-13 -5.96644e-13 -6.06482e-13 -6.05651e-13 -6.06484e-13 -6.05816e-13 -6.01118e-13 -6.0129e-13 -6.01099e-13 -6.01245e-13 -6.01089e-13 -6.01054e-13 -6.01104e-13 -6.01072e-13 -6.01649e-13 -6.01657e-13 -6.01642e-13 -6.0165e-13 -6.01409e-13 -6.01407e-13 -6.01411e-13 -6.01409e-13 -6.01468e-13 -6.01468e-13 -6.01467e-13 -6.01468e-13 -6.01462e-13 -6.01462e-13 -6.01462e-13 -6.01462e-13 -6.01458e-13 -6.01458e-13 -6.01458e-13 -6.01458e-13
0.014 -3.02486e-13 -4.13809e-13 -2.43446e-13 -3.28352e-13 -6.94922e-13 -6.71078e-13 -7.0058e-13 -6.82053e-13 -7.7315e-13 -7.78243e-13 -7.72681e-13 -7.76746e-13 -7.92965e-13 -7.91875e-13 -7.93047e-13 -7.92144e-13 -7.88049e-13 -7.88284e-13 -7.88008e-13 -7.88211e-13 -7.86784e-13 -7.86733e-13 -7.86801e-13 -7.86754e-13 -7.87732e-13 -7.87744e-13 -7.87728e-13 -7.87739e-13 -7.87474e-13 -7.87472e-13 -7.87475e-13 -7.87472e-13 -7.87495e-13 -7.87496e-13 -7.87496e-13 -7.87496e-13 -7.87512e-13 -7.87512e-13 -7.87512e-13 -7.87512e-13 -7.87498e-13 -7.87498e-13 -7.87498e-13 -7.87498e-13
0.015 -3.94063e-13 -5.37913e-13 -3.17587e-13 -4.27484e-13 -9.01339e-13 -8.70442e-13 -9.08802e-13 -8.8466e-13 -1.00393e-12 -1.0106e-12 -1.00324e-12 -1.00858e-12 -1.03223e-12 -1.03078e-12 -1.03234e-12 -1.03115e-12 -1.02892e-12 -1.02924e-12 -1.0289e-12 -1.02916e-12 -1.02617e-12 -1.0261e-12 -1.02617e-12 -1.02611e-12 -1.02732e-12 -1.02734e-12 -1.02733e-12 -1.02734e-12 -1.02719e-12 -1.02719e-12 -1.02719e-12 -1.02718e-12 -1.02712e-12 -1.02712e-12 -1.02712e-12 -1.02712e-12 -1.02717e-12 -1.02717e-12 -1.02717e-12 -1.02717e-12 -1.02715e-12 -1.02715e-12 -1.02715e-12 -1.02715e-12
0.016 -5.11667e-13 -6.97155e-13 -4.12865e-13 -5.5478e-13 -1.16595e-12 -1.12597e-12 -1.1756e-12 -1.14437e-12 -1.30039e-12 -1.30905e-12 -1.29954e-12 -1.30641e-12 -1.3389e-12 -1.33702e-12 -1.33895e-12 -1.33745e-12 -1.33836e-12 -1.33876e-12 -1.33838e-12 -1.3387e-12 -1.3342e-12 -1.33411e-12 -1.33418e-12 -1.33411e-12 -1.33518e-12 -1.3352e-12 -1.33519e-12 -1.33521e-12 -1.33535e-12 -1.33534e-12 -1.33534e-12 -1.33534e-12 -1.33515e-12 -1.33515e-12 -1.33515e-12 -1.33515e-12 -1.33523e-12 -1.33523e-12 -1.33523e-12 -1.33523e-12 -1.33521e-12 -1.33521e-12 -1.33521e-12 -1.33521e-12
0.017 -6.62418e-13 -9.00927e-13 -5.35085e-13 -7.17774e-13 -1.5044e-12 -1.45298e-12 -1.51673e-12 -1.47666e-12 -1.68043e-12 -1.69151e-12 -1.67947e-12 -1.68819e-12 -1.73154e-12 -1.72916e-12 -1.73151e-12 -1.72962e-12 -1.7348e-12 -1.7353e-12 -1.73487e-12 -1.73527e-12 -1.72971e-12 -1.7296e-12 -1.72967e-12 -1.72959e-12 -1.73001e-12 -1.73003e-12 -1.73002e-12 -1.73004e-12 -1.73062e-12 -1.73062e-12 -1.73062e-12 -1.73061e-12 -1.73031e-12 -1.73031e-12 -1.73031e-12 -1.73031e-12 -1.73039e-12 -1.73039e-12 -1.73039e-12 -1.73039e-12 -1.73039e-12 -1.73039e-12 -1.73039e-12 -1.73039e-12
0.018 -8.55128e-13 -1.16121e-12 -6.91381e-13 -9.26172e-13 -1.93646e-12 -1.8706e-12 -1.95221e-12 -1.90088e-12 -2.16644e-12 -2.18058e-12 -2.16532e-12 -2.17649e-12 -2.23363e-12 -2.2306e-12 -2.23354e-12 -2.23111e-12 -2.24152e-12 -2.24216e-12 -2.2416e-12 -2.24213e-12 -2.23633e-12 -2.2362e-12 -2.23631e-12 -2.23619e-12 -2.23544e-12 -2.23547e-12 -2.23545e-12 -2.23547e-12 -2.23653e-12 -2.23652e-12 -2.23653e-12 -2.23652e-12 -2.23618e-12 -2.23618e-12 -2.23618e-12 -2.23618e-12 -2.23621e-12 -2.23621e-12 -2.23621e-12 -2.23621e-12 -2.23625e-12 -2.23625e-12 -2.23625e-12 -2.23625e-12
0.019 -1.10105e-12 -1.49293e-12 -8.9097e-13 -1.19195e-12 -2.48699e-12 -2.40275e-12 -2.50713e-12 -2.44132e-12 -2.78654e-12 -2.80464e-12 -2.78513e-12 -2.79954e-12 -2.87466e-12 -2.87077e-12 -2.87459e-12 -2.87141e-12 -2.8879e-12 -2.88874e-12 -2.88795e-12 -2.88866e-12 -2.8837e-12 -2.88351e-12 -2.88369e-12 -2.88354e-12 -2.88123e-12 -2.88127e-12 -2.88122e-12 -2.88126e-12 -2.88265e-12 -2.88265e-12 -2.88266e-12 -2.88265e-12 -2.88242e-12 -2.88242e-12 -2.88241e-12 -2.88242e-12 -2.88234e-12 -2.88234e-12 -2.88234e-12 -2.88234e-12 -2.88243e-12 -2.88243e-12 -2.88243e-12 -2.88243e-12
0.02 -1.41422e-12 -1.91489e-12 -1.14528e-12 -1.53028e-12 -3.18703e-12 -3.07936e-12 -3.2128e-12 -3.12844e-12 -3.576e-12 -3.59919e-12 -3.57416e-12 -3.5927e-12 -3.69155e-12 -3.68654e-12 -3.69153e-12 -3.68745e-12 -3.71094e-12 -3.71203e-12 -3.71095e-12 -3.71185e-12 -3.70886e-12 -3.70862e-12 -3.70888e-12 -3.70868e-12 -3.70472e-12 -3.70477e-12 -3.7047e-12 -3.70474e-12 -3.70615e-12 -3.70614e-12 -3.70615e-12 -3.70614e-12 -3.70621e-12 -3.70621e-12 -3.70621e-12 -3.70621e-12 -3.70598e-12 -3.70598e-12 -3.70598e-12 -3.70598e-12 -3.70611e-12 -3.70611e-12 -3.70611e-12 -3.70611e-12
0.021 -1.8122e-12 -2.45059e-12 -1.46863e-12 -1.96014e-12 -4.07522e-12 -3.93784e-12 -4.10811e-12 -4.00033e-12 -4.57899e-12 -4.6086e-12 -4.57658e-12 -4.60021e-12 -4.73037e-12 -4.72398e-12 -4.73042e-12 -4.72526e-12 -4.75708e-12 -4.75846e-12 -4.75707e-12 -4.75819e-12 -4.75817e-12 -4.75787e-12 -4.75819e-12 -4.75795e-12 -4.75261e-12 -4.75267e-12 -4.7526e-12 -4.75265e-12 -4.75356e-12 -4.75354e-12 -4.75356e-12 -4.75355e-12 -4.75408e-12 -4.75409e-12 -4.75409e-12 -4.75409e-12 -4.75373e-12 -4.75373e-12 -4.75373e-12 -4.75373e-12 -4.75384e-12 -4.75384e-12 -4.75384e-12 -4.75384e-12
0.022 -2.31697e-12 -3.12922e-12 -1.87898e-12 -2.5051e-12 -5.1996e-12 -5.02482e-12 -5.24146e-12 -5.1043e-12 -5.85062e-12 -5.88824e-12 -5.84749e-12 -5.87744e-12 -6.04857e-12 -6.04048e-12 -6.04868e-12 -6.04217e-12 -6.08439e-12 -6.08613e-12 -6.0844e-12 -6.0858e-12 -6.08953e-12 -6.08916e-12 -6.08952e-12 -6.08922e-12 -6.08317e-12 -6.08324e-12 -6.08318e-12 -6.08324e-12 -6.08309e-12 -6.08307e-12 -6.08308e-12 -6.08306e-12 -6.08416e-12 -6.08416e-12 -6.08416e-12 -6.08417e-12 -6.08375e-12 -6.08374e-12 -6.08374e-12 -6.08374e-12 -6.08377e-12 -6.08377e-12 -6.08377e-12 -6.08377e-12
0.023 -2.9558e-12 -3.98719e-12 -2.3986e-12 -3.19459e-12 -6.61994e-12 -6.39811e-12 -6.67312e-12 -6.49896e-12 -7.45943e-12 -7.50713e-12 -7.45539e-12 -7.49341e-12 -7.71769e-12 -7.70743e-12 -7.71781e-12 -7.70951e-12 -7.76526e-12 -7.76746e-12 -7.76532e-12 -7.76713e-12 -7.77515e-12 -7.77468e-12 -7.77511e-12 -7.77471e-12 -7.76888e-12 -7.76899e-12 -7.76891e-12 -7.769e-12 -7.76731e-12 -7.76728e-12 -7.76729e-12 -7.76727e-12 -7.76884e-12 -7.76885e-12 -7.76884e-12 -7.76885e-12 -7.76852e-12 -7.76852e-12 -7.76852e-12 -7.76852e-12 -7.76837e-12 -7.76838e-12 -7.76837e-12 -7.76837e-12
0.024 -3.76261e-12 -5.06954e-12 -3.05522e-12 -4.06507e-12 -8.41035e-12 -8.12932e-12 -8.47781e-12 -8.25689e-12 -9.49049e-12 -9.55094e-12 -9.48537e-12 -9.5337e-12 -9.82653e-12 -9.81352e-12 -9.82661e-12 -9.81601e-12 -9.88964e-12 -9.89245e-12 -9.88978e-12 -9.89212e-12 -9.90494e-12 -9.90433e-12 -9.90486e-12 -9.90434e-12 -9.89978e-12 -9.89992e-12 -9.89982e-12 -9.89993e-12 -9.89647e-12 -9.89644e-12 -9.89646e-12 -9.89644e-12 -9.89818e-12 -9.89819e-12 -9.89818e-12 -9.89819e-12 -9.89815e-12 -9.89815e-12 -9.89815e-12 -9.89815e-12 -9.89779e-12 -9.89779e-12 -9.89778e-12 -9.89778e-12
0.025 -4.77942e-12 -6.43201e-12 -3.88322e-12 -5.16168e-12 -1.06624e-11 -1.0307e-11 -1.07478e-11 -1.0468e-11 -1.20493e-11 -1.21257e-11 -1.20429e-11 -1.21041e-11 -1.24852e-11 -1.24687e-11 -1.24852e-11 -1.24718e-11 -1.2569e-11 -1.25726e-11 -1.25693e-11 -1.25722e-11 -1.25905e-11 -1.25898e-11 -1.25904e-11 -1.25898e-11 -1.25875e-11 -1.25876e-11 -1.25875e-11 -1.25876e-11 -1.25825e-11 -1.25825e-11 -1.25825e-11 -1.25825e-11 -1.25839e-11 -1.25839e-11 -1.25839e-11 -1.25839e-11 -1.25844e-11 -1.25844e-11 -1.25844e-11 -1.25844e-11 -1.25838e-11 -1.25838e-11 -1.25838e-11 -1.25838e-11
0.026 -6.05812e-12 -8.14345e-12 -4.92508e-12 -6.54027e-12 -1.3489e-11 -1.30405e-11 -1.35968e-11 -1.32432e-11 -1.5266e-11 -1.53625e-11 -1.52581e-11 -1.53354e-11 -1.58299e-11 -1.58091e-11 -1.58298e-11 -1.58129e-11 -1.59413e-11 -1.59457e-11 -1.59415e-11 -1.59452e-11 -1.59702e-11 -1.59692e-11 -1.59701e-11 -1.59694e-11 -1.597e-11 -1.59702e-11 -1.597e-11 -1.59701e-11 -1.59639e-11 -1.59638e-11 -1.59639e-11 -1.59638e-11 -1.59644e-11 -1.59644e-11 -1.59644e-11 -1.59644e-11 -1.59654e-11 -1.59654e-11 -1.59654e-11 -1.59654e-11 -1.59648e-11 -1.59648e-11 -1.59648e-11 -1.59648e-11
0.027 -7.6628e-12 -1.02886e-11 -6.2333e-12 -8.26964e-12 -1.7029e-11 -1.64644e-11 -1.71648e-11 -1.67191e-11 -1.93013e-11 -1.94227e-11 -1.92913e-11 -1.93887e-11 -2.00288e-11 -2.00027e-11 -2.00288e-11 -2.00075e-11 -2.01764e-11 -2.0182e-11 -2.01766e-11 -2.01812e-11 -2.02148e-11 -2.02136e-11 -2.02147e-11 -2.02137e-11 -2.02178e-11 -2.02181e-11 -2.02178e-11 -2.0218e-11 -2.02114e-11 -2.02113e-11 -2.02114e-11 -2.02113e-11 -2.02105e-11 -2.02105e-11 -2.02105e-11 -2.02105e-11 -2.02121e-11 -2.02121e-11 -2.02121e-11 -2.02121e-11 -2.02116e-11 -2.02116e-11 -2.02116e-11 -2.02116e-11
0.028 -9.67227e-12 -1.29717e-11 -7.87252e-12 -1.04345e-11 -2.14531e-11 -2.07438e-11 -2.16237e-11 -2.10633e-11 -2.43523e-11 -2.45048e-11 -2.43398e-11 -2.44622e-11 -2.5289e-11 -2.52562e-11 -2.52891e-11 -2.52624e-11 -2.54837e-11 -2.54907e-11 -2.54839e-11 -2.54897e-11 -2.55345e-11 -2.5533e-11 -2.55345e-11 -2.55332e-11 -2.55412e-11 -2.55416e-11 -2.55412e-11 -2.55415e-11 -2.55354e-11 -2.55353e-11 -2.55354e-11 -2.55353e-11 -2.55328e-11 -2.55328e-11 -2.55328e-11 -2.55328e-11 -2.55346e-11 -2.55346e-11 -2.55346e-11 -2.55346e-11 -2.55346e-11 -2.55346e-11 -2.55346e-11 -2.55346e-11
0.029 -1.21833e-11 -1.63206e-11 -9.92216e-12 -1.31386e-11 -2.69702e-11 -2.60808e-11 -2.71842e-11 -2.64808e-11 -3.0661e-11 -3.08523e-11 -3.06452e-11 -3.0799e-11 -3.18649e-11 -3.18237e-11 -3.18651e-11 -3.18314e-11 -3.21204e-11 -3.21293e-11 -3.21206e-11 -3.2128e-11 -3.21879e-11 -3.2186e-11 -3.21879e-11 -3.21862e-11 -3.21986e-11 -3.2199e-11 -3.21986e-11 -3.21989e-11 -3.21942e-11 -3.21942e-11 -3.21942e-11 -3.21941e-11 -3.21898e-11 -3.21898e-11 -3.21898e-11 -3.21898e-11 -3.21915e-11 -3.21915e-11 -3.21915e-11 -3.21915e-11 -3.21922e-11 -3.21922e-11 -3.21922e-11 -3.21922e-11
0.03 -1.53146e-11 -2.04914e-11 -1.24796e-11 -1.65094e-11 -3.38354e-11 -3.27225e-11 -3.41034e-11 -3.32221e-11 -3.85236e-11 -3.8763e-11 -3.85038e-11 -3.86965e-11 -4.00677e-11 -4.00162e-11 -4.0068e-11 -4.00259e-11 -4.0402e-11 -4.0413e-11 -4.04023e-11 -4.04115e-11 -4.04916e-11 -4.04892e-11 -4.04914e-11 -4.04894e-11 -4.05067e-11 -4.05072e-11 -4.05068e-11 -4.05072e-11 -4.05047e-11 -4.05046e-11 -4.05047e-11 -4.05046e-11 -4.04987e-11 -4.04987e-11 -4.04987e-11 -4.04987e-11 -4.04998e-11 -4.04998e-11 -4.04998e-11 -4.04998e-11 -4.05014e-11 -4.05014e-11 -4.05014e-11 -4.05014e-11
0.031 -1.92108e-11 -2.5675e-11 -1.56639e-11 -2.07022e-11 -4.23595e-11 -4.097e-11 -4.26944e-11 -4.15926e-11 -4.83018e-11 -4.86006e-11 -4.8277e-11 -4.85178e-11 -5.02783e-11 -5.0214e-11 -5.02785e-11 -5.02259e-11 -5.0714e-11 -5.07279e-11 -5.07146e-11 -5.0726e-11 -5.08326e-11 -5.08297e-11 -5.08324e-11 -5.08299e-11 -5.08534e-11 -5.08541e-11 -5.08535e-11 -5.08541e-11 -5.08542e-11 -5.08541e-11 -5.08542e-11 -5.08541e-11 -5.08473e-11 -5.08473e-11 -5.08473e-11 -5.08473e-11 -5.08473e-11 -5.08473e-11 -5.08473e-11 -5.08473e-11 -5.08495e-11 -5.08495e-11 -5.08495e-11 -5.08495e-11
0.032 -2.40488e-11 -3.21034e-11 -1.96203e-11 -2.59063e-11 -5.29205e-11 -5.11893e-11 -5.33381e-11 -5.19637e-11 -6.04359e-11 -6.08081e-11 -6.04051e-11 -6.07053e-11 -6.29605e-11 -6.28804e-11 -6.29607e-11 -6.28952e-11 -6.35272e-11 -6.35444e-11 -6.35279e-11 -6.35422e-11 -6.36836e-11 -6.36799e-11 -6.36833e-11 -6.36802e-11 -6.37118e-11 -6.37126e-11 -6.37119e-11 -6.37125e-11 -6.37156e-11 -6.37154e-11 -6.37156e-11 -6.37155e-11 -6.37086e-11 -6.37086e-11 -6.37086e-11 -6.37086e-11 -6.37071e-11 -6.37071e-11 -6.37071e-11 -6.37071e-11 -6.37097e-11 -6.37097e-11 -6.37097e-11 -6.37097e-11
0.033 -3.00433e-11 -4.00585e-11 -2.45257e-11 -3.2352e-11 -6.59766e-11 -6.38242e-11 -6.64963e-11 -6.47854e-11 -7.5461e-11 -7.59237e-11 -7.54227e-11 -7.57963e-11 -7.86787e-11 -7.85791e-11 -7.86788e-11 -7.85973e-11 -7.94142e-11 -7.94356e-11 -7.94151e-11 -7.94329e-11 -7.96193e-11 -7.96147e-11 -7.9619e-11 -7.96152e-11 -7.96576e-11 -7.96586e-11 -7.96577e-11 -7.96585e-11 -7.96647e-11 -7.96644e-11 -7.96647e-11 -7.96645e-11 -7.96585e-11 -7.96585e-11 -7.96585e-11 -7.96585e-11 -7.96554e-11 -7.96554e-11 -7.96554e-11 -7.96554e-11 -7.96576e-11 -7.96576e-11 -7.96576e-11 -7.96576e-11
0.034 -3.74549e-11 -4.98817e-11 -3.05947e-11 -4.03184e-11 -8.20823e-11 -7.94118e-11 -8.27275e-11 -8.06023e-11 -9.40254e-11 -9.45996e-11 -9.3978e-11 -9.44422e-11 -9.81176e-11 -9.79941e-11 -9.81178e-11 -9.80165e-11 -9.90702e-11 -9.90968e-11 -9.90712e-11 -9.90933e-11 -9.93382e-11 -9.93325e-11 -9.9338e-11 -9.93331e-11 -9.93901e-11 -9.93914e-11 -9.93902e-11 -9.93912e-11 -9.94007e-11 -9.94004e-11 -9.94007e-11 -9.94005e-11 -9.93961e-11 -9.93962e-11 -9.93961e-11 -9.93962e-11 -9.93915e-11 -9.93915e-11 -9.93915e-11 -9.93915e-11 -9.93926e-11 -9.93926e-11 -9.93926e-11 -9.93926e-11
0.035 -4.65992e-11 -6.19857e-11 -3.80875e-11 -5.01431e-11 -1.01906e-10 -9.86e-11 -1.02706e-10 -1.00071e-10 -1.16913e-10 -1.17624e-10 -1.16854e-10 -1.1743e-10 -1.22106e-10 -1.21953e-10 -1.22106e-10 -1.21981e-10 -1.23337e-10 -1.2337e-10 -1.23338e-10 -1.23366e-10 -1.23686e-10 -1.23679e-10 -1.23686e-10 -1.2368e-10 -1.23756e-10 -1.23758e-10 -1.23756e-10 -1.23758e-10 -1.23771e-10 -1.23771e-10 -1.23771e-10 -1.23771e-10 -1.23769e-10 -1.23769e-10 -1.23769e-10 -1.23769e-10 -1.23763e-10 -1.23763e-10 -1.23763e-10 -1.23763e-10 -1.23762e-10 -1.23762e-10 -1.23762e-10 -1.23762e-10
0.036 -5.78569e-11 -7.68679e-11 -4.73185e-11 -6.22339e-11 -1.26254e-10 -1.22169e-10 -1.27243e-10 -1.23984e-10 -1.4507e-10 -1.45948e-10 -1.44997e-10 -1.45709e-10 -1.51645e-10 -1.51456e-10 -1.51645e-10 -1.5149e-10 -1.53232e-10 -1.53273e-10 -1.53234e-10 -1.53267e-10 -1.53686e-10 -1.53677e-10 -1.53686e-10 -1.53678e-10 -1.5378e-10 -1.53782e-10 -1.5378e-10 -1.53782e-10 -1.538e-10 -1.538e-10 -1.538e-10 -1.538e-10 -1.538e-10 -1.538e-10 -1.538e-10 -1.538e-10 -1.53794e-10 -1.53794e-10 -1.53794e-10 -1.53794e-10 -1.53791e-10 -1.53791e-10 -1.53791e-10 -1.53791e-10
0.037 -7.16869e-11 -9.51265e-11 -5.86665e-11 -7.70815e-11 -1.56092e-10 -1.51056e-10 -1.57312e-10 -1.53289e-10 -1.79632e-10 -1.80714e-10 -1.79542e-10 -1.80421e-10 -1.87939e-10 -1.87707e-10 -1.8794e-10 -1.87749e-10 -1.89981e-10 -1.90031e-10 -1.89983e-10 -1.90025e-10 -1.9057e-10 -1.90559e-10 -1.90569e-10 -1.9056e-10 -1.90695e-10 -1.90697e-10 -1.90695e-10 -1.90697e-10 -1.90722e-10 -1.90722e-10 -1.90722e-10 -1.90722e-10 -1.90725e-10 -1.90725e-10 -1.90725e-10 -1.90725e-10 -1.90719e-10 -1.90719e-10 -1.90719e-10 -1.90719e-10 -1.90714e-10 -1.90714e-10 -1.90714e-10 -1.90714e-10
0.038 -8.86406e-11 -1.17479e-10 -7.25874e-11 -9.52752e-11 -1.92578e-10 -1.86383e-10 -1.94081e-10 -1.89125e-10 -2.21964e-10 -2.23296e-10 -2.21854e-10 -2.22936e-10 -2.32438e-10 -2.32152e-10 -2.32439e-10 -2.32203e-10 -2.35058e-10 -2.3512e-10 -2.3506e-10 -2.35112e-10 -2.3582e-10 -2.35807e-10 -2.35819e-10 -2.35808e-10 -2.35986e-10 -2.35989e-10 -2.35986e-10 -2.35988e-10 -2.36023e-10 -2.36022e-10 -2.36023e-10 -2.36022e-10 -2.36029e-10 -2.36029e-10 -2.36029e-10 -2.36029e-10 -2.36023e-10 -2.36023e-10 -2.36023e-10 -2.36023e-10 -2.36016e-10 -2.36016e-10 -2.36016e-10 -2.36016e-10
0.039 -1.09379e-10 -1.44785e-10 -8.96281e-11 -1.17521e-10 -2.37096e-10 -2.2949e-10 -2.38943e-10 -2.32851e-10 -2.737e-10 -2.75335e-10 -2.73564e-10 -2.74894e-10 -2.86877e-10 -2.86525e-10 -2.86878e-10 -2.86588e-10 -2.90231e-10 -2.90306e-10 -2.90233e-10 -2.90297e-10 -2.91215e-10 -2.91199e-10 -2.91214e-10 -2.912e-10 -2.91433e-10 -2.91437e-10 -2.91434e-10 -2.91437e-10 -2.91484e-10 -2.91483e-10 -2.91484e-10 -2.91483e-10 -2.91493e-10 -2.91493e-10 -2.91493e-10 -2.91493e-10 -2.91487e-10 -2.91487e-10 -2.91487e-10 -2.91487e-10 -2.9148e-10 -2.9148e-10 -2.9148e-10 -2.9148e-10
0.04 -1.34692e-10 -1.78068e-10 -1.10443e-10 -1.44663e-10 -2.91294e-10 -2.81976e-10 -2.93559e-10 -2.86086e-10 -3.36788e-10 -3.38791e-10 -3.36622e-10 -3.38253e-10 -3.53331e-10 -3.529e-10 -3.53332e-10 -3.52977e-10 -3.57614e-10 -3.57706e-10 -3.57617e-10 -3.57694e-10 -3.58882e-10 -3.58862e-10 -3.58881e-10 -3.58864e-10 -3.59169e-10 -3.59174e-10 -3.5917e-10 -3.59173e-10 -3.59238e-10 -3.59237e-10 -3.59238e-10 -3.59237e-10 -3.5925e-10 -3.5925e-10 -3.5925e-10 -3.5925e-10 -3.59246e-10 -3.59246e-10 -3.59246e-10 -3.59246e-10 -3.59239e-10 -3.59239e-10 -3.59239e-10 -3.59239e-10
0.041 -1.65522e-10 -2.1855e-10 -1.35814e-10 -1.77708e-10 -3.5713e-10 -3.4574e-10 -3.59902e-10 -3.50755e-10 -4.13552e-10 -4.16e-10 -4.13349e-10 -4.15345e-10 -4.34274e-10 -4.33748e-10 -4.34276e-10 -4.33841e-10 -4.3973e-10 -4.39844e-10 -4.39734e-10 -4.39829e-10 -4.41363e-10 -4.41338e-10 -4.41361e-10 -4.41341e-10 -4.41739e-10 -4.41744e-10 -4.41739e-10 -4.41744e-10 -4.41831e-10 -4.4183e-10 -4.41831e-10 -4.4183e-10 -4.41847e-10 -4.41847e-10 -4.41847e-10 -4.41847e-10 -4.41844e-10 -4.41844e-10 -4.41844e-10 -4.41844e-10 -4.41839e-10 -4.41839e-10 -4.41839e-10 -4.41839e-10
0.042 -2.02992e-10 -2.67681e-10 -1.66672e-10 -2.17852e-10 -4.36928e-10 -4.23033e-10 -4.40313e-10 -4.2914e-10 -5.06748e-10 -5.09734e-10 -5.065e-10 -5.08938e-10 -5.32651e-10 -5.32009e-10 -5.32653e-10 -5.32122e-10 -5.39585e-10 -5.39723e-10 -5.3959e-10 -5.39706e-10 -5.4168e-10 -5.4165e-10 -5.41679e-10 -5.41653e-10 -5.42172e-10 -5.42179e-10 -5.42173e-10 -5.42178e-10 -5.42295e-10 -5.42293e-10 -5.42295e-10 -5.42293e-10 -5.42316e-10 -5.42316e-10 -5.42316e-10 -5.42316e-10 -5.42315e-10 -5.42315e-10 -5.42315e-10 -5.42315e-10 -5.42313e-10 -5.42313e-10 -5.42313e-10 -5.42313e-10
0.043 -2.48431e-10 -3.27178e-10 -2.04122e-10 -2.66514e-10 -5.33432e-10 -5.1652e-10 -5.37558e-10 -5.23939e-10 -6.19645e-10 -6.23279e-10 -6.19342e-10 -6.22313e-10 -6.51952e-10 -6.51171e-10 -6.51955e-10 -6.51307e-10 -6.60745e-10 -6.60913e-10 -6.60751e-10 -6.60892e-10 -6.63428e-10 -6.63392e-10 -6.63426e-10 -6.63395e-10 -6.6407e-10 -6.64078e-10 -6.64071e-10 -6.64077e-10 -6.64232e-10 -6.6423e-10 -6.64232e-10 -6.6423e-10 -6.64261e-10 -6.64261e-10 -6.64261e-10 -6.64261e-10 -6.64263e-10 -6.64263e-10 -6.64263e-10 -6.64263e-10 -6.64263e-10 -6.64263e-10 -6.64263e-10 -6.64263e-10
0.044 -3.03417e-10 -3.9907e-10 -2.49476e-10 -3.25375e-10 -6.49882e-10 -6.2934e-10 -6.549e-10 -6.38335e-10 -7.56102e-10 -7.60516e-10 -7.55734e-10 -7.59347e-10 -7.96311e-10 -7.95362e-10 -7.96314e-10 -7.95527e-10 -8.07435e-10 -8.07639e-10 -8.07442e-10 -8.07613e-10 -8.10862e-10 -8.10818e-10 -8.1086e-10 -8.10823e-10 -8.11699e-10 -8.11708e-10 -8.11699e-10 -8.11708e-10 -8.11911e-10 -8.11909e-10 -8.11911e-10 -8.11909e-10 -8.11951e-10 -8.11951e-10 -8.11951e-10 -8.11951e-10 -8.11956e-10 -8.11956e-10 -8.11956e-10 -8.11956e-10 -8.11959e-10 -8.11959e-10 -8.11959e-10 -8.11959e-10
0.045 -3.6981e-10 -4.85751e-10 -3.04282e-10 -3.96415e-10 -7.90086e-10 -7.65188e-10 -7.96177e-10 -7.76071e-10 -9.2067e-10 -9.2602e-10 -9.20224e-10 -9.24608e-10 -9.70604e-10 -9.69454e-10 -9.70608e-10 -9.69653e-10 -9.84644e-10 -9.84892e-10 -9.84653e-10 -9.84861e-10 -9.89014e-10 -9.88961e-10 -9.89011e-10 -9.88966e-10 -9.901e-10 -9.90112e-10 -9.90101e-10 -9.90111e-10 -9.90378e-10 -9.90376e-10 -9.90378e-10 -9.90376e-10 -9.90432e-10 -9.90433e-10 -9.90432e-10 -9.90433e-10 -9.90442e-10 -9.90442e-10 -9.90442e-10 -9.90442e-10 -9.90448e-10 -9.90448e-10 -9.90448e-10 -9.90448e-10
0.046 -4.49802e-10 -5.90033e-10 -3.70369e-10 -4.8197e-10 -9.58513e-10 -9.28401e-10 -9.65889e-10 -9.41539e-10 -1.1187e-09 -1.12517e-09 -1.11816e-09 -1.12347e-09 -1.18057e-09 -1.17918e-09 -1.18058e-09 -1.17942e-09 -1.19825e-09 -1.19855e-09 -1.19826e-09 -1.19852e-09 -1.20381e-09 -1.20375e-09 -1.20381e-09 -1.20375e-09 -1.20522e-09 -1.20523e-09 -1.20522e-09 -1.20523e-09 -1.20558e-09 -1.20558e-09 -1.20558e-09 -1.20558e-09 -1.20566e-09 -1.20566e-09 -1.20566e-09 -1.20566e-09 -1.20567e-09 -1.20567e-09 -1.20567e-09 -1.20567e-09 -1.20568e-09 -1.20568e-09 -1.20568e-09 -1.20568e-09
0.047 -5.4597e-10 -7.15214e-10 -4.49884e-10 -5.8478e-10 -1.16039e-09 -1.12405e-09 -1.1693e-09 -1.13988e-09 -1.35645e-09 -1.36426e-09 -1.3558e-09 -1.36221e-09 -1.43296e-09 -1.43128e-09 -1.43297e-09 -1.43157e-09 -1.45517e-09 -1.45553e-09 -1.45519e-09 -1.45549e-09 -1.46223e-09 -1.46215e-09 -1.46222e-09 -1.46216e-09 -1.46405e-09 -1.46406e-09 -1.46405e-09 -1.46406e-09 -1.46452e-09 -1.46452e-09 -1.46452e-09 -1.46452e-09 -1.46462e-09 -1.46462e-09 -1.46462e-09 -1.46462e-09 -1.46464e-09 -1.46464e-09 -1.46464e-09 -1.46464e-09 -1.46465e-09 -1.46465e-09 -1.46465e-09 -1.46465e-09
0.048 -6.61329e-10 -8.6515e-10 -5.45348e-10 -7.08053e-10 -1.40182e-09 -1.35805e-09 -1.41257e-09 -1.37708e-09 -1.64127e-09 -1.65067e-09 -1.64048e-09 -1.64821e-09 -1.73566e-09 -1.73364e-09 -1.73567e-09 -1.73399e-09 -1.7635e-09 -1.76394e-09 -1.76352e-09 -1.76388e-09 -1.77244e-09 -1.77234e-09 -1.77243e-09 -1.77235e-09 -1.77478e-09 -1.7748e-09 -1.77478e-09 -1.7748e-09 -1.77539e-09 -1.77539e-09 -1.77539e-09 -1.77539e-09 -1.77553e-09 -1.77553e-09 -1.77553e-09 -1.77553e-09 -1.77556e-09 -1.77556e-09 -1.77556e-09 -1.77556e-09 -1.77557e-09 -1.77557e-09 -1.77557e-09 -1.77557e-09
0.049 -7.9941e-10 -1.04434e-09 -6.59714e-10 -8.55539e-10 -1.68989e-09 -1.6373e-09 -1.70283e-09 -1.66012e-09 -1.98168e-09 -1.99298e-09 -1.98073e-09 -1.99004e-09 -2.0979e-09 -2.09547e-09 -2.09791e-09 -2.09588e-09 -2.13271e-09 -2.13323e-09 -2.13273e-09 -2.13317e-09 -2.144e-09 -2.14388e-09 -2.14399e-09 -2.1439e-09 -2.14701e-09 -2.14703e-09 -2.14701e-09 -2.14703e-09 -2.14781e-09 -2.1478e-09 -2.14781e-09 -2.1478e-09 -2.14799e-09 -2.14799e-09 -2.14799e-09 -2.14799e-09 -2.14804e-09 -2.14803e-09 -2.14804e-09 -2.14803e-09 -2.14804e-09 -2.14804e-09 -2.14804e-09 -2.14804e-09
0.05 -9.64323e-10 -1.25802e-09 -7.96422e-10 -1.03161e-09 -2.03285e-09 -1.96979e-09 -2.04839e-09 -1.9971e-09 -2.38764e-09 -2.40119e-09 -2.3865e-09 -2.39768e-09 -2.5304e-09 -2.52749e-09 -2.53041e-09 -2.52798e-09 -2.57383e-09 -2.57446e-09 -2.57385e-09 -2.57438e-09 -2.58806e-09 -2.58793e-09 -2.58806e-09 -2.58794e-09 -2.59193e-09 -2.59195e-09 -2.59193e-09 -2.59195e-09 -2.59297e-09 -2.59296e-09 -2.59296e-09 -2.59296e-09 -2.59321e-09 -2.59321e-09 -2.59321e-09 -2.59321e-09 -2.59326e-09 -2.59326e-09 -2.59326e-09 -2.59326e-09 -2.59327e-09 -2.59327e-09 -2.59327e-09 -2.59327e-09
0.051 -1.16085e-09 -1.51226e-09 -9.59483e-10 -1.24133e-09 -2.44022e-09 -2.36478e-09 -2.45884e-09 -2.39739e-09 -2.87067e-09 -2.88687e-09 -2.8693e-09 -2.88269e-09 -3.04565e-09 -3.04217e-09 -3.04567e-09 -3.04275e-09 -3.09971e-09 -3.10046e-09 -3.09973e-09 -3.10037e-09 -3.11761e-09 -3.11745e-09 -3.11761e-09 -3.11747e-09 -3.12255e-09 -3.12258e-09 -3.12255e-09 -3.12258e-09 -3.1239e-09 -3.12389e-09 -3.1239e-09 -3.12389e-09 -3.12422e-09 -3.12422e-09 -3.12422e-09 -3.12422e-09 -3.12429e-09 -3.12429e-09 -3.12429e-09 -3.12429e-09 -3.1243e-09 -3.1243e-09 -3.1243e-09 -3.1243e-09
0.052 -1.39453e-09 -1.81409e-09 -1.15355e-09 -1.49059e-09 -2.923e-09 -2.83293e-09 -2.94527e-09 -2.87179e-09 -3.44408e-09 -3.46342e-09 -3.44244e-09 -3.45845e-09 -3.65809e-09 -3.65393e-09 -3.65811e-09 -3.65463e-09 -3.72522e-09 -3.72612e-09 -3.72525e-09 -3.72601e-09 -3.7477e-09 -3.74751e-09 -3.74769e-09 -3.74752e-09 -3.75399e-09 -3.75403e-09 -3.754e-09 -3.75403e-09 -3.75574e-09 -3.75573e-09 -3.75574e-09 -3.75573e-09 -3.75616e-09 -3.75616e-09 -3.75616e-09 -3.75616e-09 -3.75626e-09 -3.75625e-09 -3.75626e-09 -3.75625e-09 -3.75627e-09 -3.75627e-09 -3.75627e-09 -3.75627e-09
0.053 -1.67179e-09 -2.17161e-09 -1.38401e-09 -1.78618e-09 -3.49384e-09 -3.38655e-09 -3.52042e-09 -3.43276e-09 -4.12324e-09 -4.14628e-09 -4.12128e-09 -4.14038e-09 -4.38441e-09 -4.37946e-09 -4.38444e-09 -4.38028e-09 -4.46759e-09 -4.46865e-09 -4.46762e-09 -4.46853e-09 -4.49574e-09 -4.49551e-09 -4.49572e-09 -4.49553e-09 -4.50375e-09 -4.5038e-09 -4.50375e-09 -4.50379e-09 -4.50599e-09 -4.50598e-09 -4.50599e-09 -4.50598e-09 -4.50654e-09 -4.50655e-09 -4.50655e-09 -4.50655e-09 -4.50667e-09 -4.50667e-09 -4.50667e-09 -4.50667e-09 -4.5067e-09 -4.5067e-09 -4.5067e-09 -4.5067e-09
0.054 -2e-09 -2.59415e-09 -1.6571e-09 -2.13595e-09 -4.16727e-09 -4.03974e-09 -4.19891e-09 -4.09456e-09 -4.92581e-09 -4.9532e-09 -4.92348e-09 -4.94621e-09 -5.24384e-09 -5.23796e-09 -5.24387e-09 -5.23893e-09 -5.34666e-09 -5.34792e-09 -5.3467e-09 -5.34778e-09 -5.38183e-09 -5.38156e-09 -5.38181e-09 -5.38158e-09 -5.392e-09 -5.39206e-09 -5.392e-09 -5.39205e-09 -5.39489e-09 -5.39488e-09 -5.39489e-09 -5.39488e-09 -5.39561e-09 -5.39561e-09 -5.39561e-09 -5.39561e-09 -5.39578e-09 -5.39578e-09 -5.39578e-09 -5.39578e-09 -5.39581e-09 -5.39581e-09 -5.39581e-09 -5.39581e-09
0.055 -2.38768e-09 -3.09241e-09 -1.97997e-09 -2.54889e-09 -4.95989e-09 -4.80862e-09 -4.99749e-09 -4.87352e-09 -5.87204e-09 -5.90452e-09 -5.86926e-09 -5.89626e-09 -6.25845e-09 -6.25148e-09 -6.2585e-09 -6.25262e-09 -6.38526e-09 -6.38676e-09 -6.38531e-09 -6.38658e-09 -6.4291e-09 -6.42878e-09 -6.42909e-09 -6.42881e-09 -6.44199e-09 -6.44205e-09 -6.44199e-09 -6.44205e-09 -6.44569e-09 -6.44568e-09 -6.44569e-09 -6.44568e-09 -6.44663e-09 -6.44663e-09 -6.44663e-09 -6.44663e-09 -6.44685e-09 -6.44685e-09 -6.44685e-09 -6.44685e-09 -6.44689e-09 -6.44689e-09 -6.44689e-09 -6.44689e-09
0.056 -2.84459e-09 -3.67864e-09 -2.36086e-09 -3.03532e-09 -5.89064e-09 -5.71162e-09 -5.93522e-09 -5.78828e-09 -6.98507e-09 -7.02351e-09 -6.98178e-09 -7.01377e-09 -7.45354e-09 -7.44528e-09 -7.45359e-09 -7.44663e-09 -7.60957e-09 -7.61134e-09 -7.60962e-09 -7.61114e-09 -7.66411e-09 -7.66372e-09 -7.66409e-09 -7.66376e-09 -7.68038e-09 -7.68046e-09 -7.68039e-09 -7.68046e-09 -7.68513e-09 -7.68511e-09 -7.68513e-09 -7.68511e-09 -7.68634e-09 -7.68635e-09 -7.68634e-09 -7.68635e-09 -7.68663e-09 -7.68663e-09 -7.68663e-09 -7.68663e-09 -7.68669e-09 -7.68669e-09 -7.68669e-09 -7.68669e-09
0.057 -3.38187e-09 -4.36682e-09 -2.8092e-09 -3.60704e-09 -6.98106e-09 -6.76967e-09 -7.03382e-09 -6.86002e-09 -8.29127e-09 -8.33666e-09 -8.28737e-09 -8.32521e-09 -8.85797e-09 -8.84822e-09 -8.85804e-09 -8.8498e-09 -9.04951e-09 -9.05161e-09 -9.04958e-09 -9.05137e-09 -9.1172e-09 -9.11675e-09 -9.11718e-09 -9.11679e-09 -9.13772e-09 -9.13782e-09 -9.13772e-09 -9.13781e-09 -9.14378e-09 -9.14375e-09 -9.14377e-09 -9.14376e-09 -9.14535e-09 -9.14536e-09 -9.14535e-09 -9.14536e-09 -9.14573e-09 -9.14573e-09 -9.14573e-09 -9.14573e-09 -9.1458e-09 -9.1458e-09 -9.1458e-09 -9.1458e-09
0.058 -4.01224e-09 -5.17283e-09 -3.33577e-09 -4.2775e-09 -8.25559e-09 -8.00651e-09 -8.31788e-09 -8.11277e-09 -9.82061e-09 -9.87409e-09 -9.816e-09 -9.86065e-09 -1.05046e-08 -1.04931e-08 -1.05047e-08 -1.0495e-08 -1.07392e-08 -1.07417e-08 -1.07393e-08 -1.07414e-08 -1.0823e-08 -1.08225e-08 -1.0823e-08 -1.08226e-08 -1.08488e-08 -1.0849e-08 -1.08488e-08 -1.08489e-08 -1.08566e-08 -1.08565e-08 -1.08566e-08 -1.08565e-08 -1.08586e-08 -1.08586e-08 -1.08586e-08 -1.08586e-08 -1.08591e-08 -1.08591e-08 -1.08591e-08 -1.08591e-08 -1.08592e-08 -1.08592e-08 -1.08592e-08 -1.08592e-08
0.059 -4.75019e-09 -6.11471e-09 -3.95283e-09 -5.06198e-09 -9.74183e-09 -9.44899e-09 -9.81521e-09 -9.57367e-09 -1.1607e-08 -1.16699e-08 -1.16016e-08 -1.16542e-08 -1.24308e-08 -1.24173e-08 -1.24309e-08 -1.24195e-08 -1.27175e-08 -1.27204e-08 -1.27176e-08 -1.27201e-08 -1.28211e-08 -1.28204e-08 -1.2821e-08 -1.28205e-08 -1.28534e-08 -1.28535e-08 -1.28534e-08 -1.28535e-08 -1.28632e-08 -1.28632e-08 -1.28632e-08 -1.28632e-08 -1.28658e-08 -1.28658e-08 -1.28658e-08 -1.28658e-08 -1.28665e-08 -1.28665e-08 -1.28665e-08 -1.28665e-08 -1.28666e-08 -1.28666e-08 -1.28666e-08 -1.28666e-08
0.06 -5.61211e-09 -7.21285e-09 -4.67433e-09 -5.97778e-09 -1.14709e-08 -1.11274e-08 -1.15571e-08 -1.12733e-08 -1.36889e-08 -1.37626e-08 -1.36825e-08 -1.37442e-08 -1.46788e-08 -1.46629e-08 -1.46789e-08 -1.46655e-08 -1.50283e-08 -1.50317e-08 -1.50284e-08 -1.50313e-08 -1.51559e-08 -1.51552e-08 -1.51559e-08 -1.51553e-08 -1.51964e-08 -1.51966e-08 -1.51964e-08 -1.51966e-08 -1.52088e-08 -1.52088e-08 -1.52088e-08 -1.52088e-08 -1.52122e-08 -1.52122e-08 -1.52122e-08 -1.52122e-08 -1.52131e-08 -1.52131e-08 -1.52131e-08 -1.52131e-08 -1.52132e-08 -1.52132e-08 -1.52132e-08 -1.52132e-08
0.061 -6.61656e-09 -8.49023e-09 -5.51603e-09 -7.04446e-09 -1.34777e-08 -1.30756e-08 -1.35789e-08 -1.32461e-08 -1.61092e-08 -1.61955e-08 -1.61017e-08 -1.61741e-08 -1.72961e-08 -1.72776e-08 -1.72963e-08 -1.72805e-08 -1.77212e-08 -1.77252e-08 -1.77213e-08 -1.77248e-08 -1.78783e-08 -1.78774e-08 -1.78782e-08 -1.78775e-08 -1.79288e-08 -1.7929e-08 -1.79288e-08 -1.7929e-08 -1.79445e-08 -1.79445e-08 -1.79445e-08 -1.79445e-08 -1.79489e-08 -1.79489e-08 -1.79489e-08 -1.79489e-08 -1.795e-08 -1.795e-08 -1.795e-08 -1.795e-08 -1.79502e-08 -1.79502e-08 -1.79502e-08 -1.79502e-08
0.062 -7.78443e-09 -9.9727e-09 -6.49577e-09 -8.28406e-09 -1.58013e-08 -1.53317e-08 -1.59197e-08 -1.55305e-08 -1.89165e-08 -1.90173e-08 -1.89077e-08 -1.89924e-08 -2.03364e-08 -2.03148e-08 -2.03366e-08 -2.03182e-08 -2.08523e-08 -2.0857e-08 -2.08525e-08 -2.08565e-08 -2.10451e-08 -2.10441e-08 -2.1045e-08 -2.10441e-08 -2.1108e-08 -2.11082e-08 -2.1108e-08 -2.11082e-08 -2.11278e-08 -2.11277e-08 -2.11278e-08 -2.11277e-08 -2.11334e-08 -2.11334e-08 -2.11334e-08 -2.11334e-08 -2.11348e-08 -2.11348e-08 -2.11348e-08 -2.11348e-08 -2.11351e-08 -2.11351e-08 -2.11351e-08 -2.11351e-08
0.063 -9.13924e-09 -1.16892e-08 -7.6336e-09 -9.72131e-09 -1.84854e-08 -1.79382e-08 -1.86238e-08 -1.81694e-08 -2.21648e-08 -2.22823e-08 -2.21545e-08 -2.22534e-08 -2.38598e-08 -2.38345e-08 -2.386e-08 -2.38385e-08 -2.44844e-08 -2.44898e-08 -2.44845e-08 -2.44892e-08 -2.47204e-08 -2.47192e-08 -2.47203e-08 -2.47193e-08 -2.47986e-08 -2.47988e-08 -2.47986e-08 -2.47988e-08 -2.48235e-08 -2.48234e-08 -2.48235e-08 -2.48234e-08 -2.48306e-08 -2.48306e-08 -2.48306e-08 -2.48306e-08 -2.48324e-08 -2.48324e-08 -2.48324e-08 -2.48324e-08 -2.48328e-08 -2.48328e-08 -2.48328e-08 -2.48328e-08
0.064 -1.07073e-08 -1.36721e-08 -8.95204e-09 -1.13839e-08 -2.15785e-08 -2.09424e-08 -2.17398e-08 -2.12106e-08 -2.59145e-08 -2.60511e-08 -2.59025e-08 -2.60176e-08 -2.79332e-08 -2.79038e-08 -2.79334e-08 -2.79084e-08 -2.86877e-08 -2.8694e-08 -2.86879e-08 -2.86933e-08 -2.8976e-08 -2.89746e-08 -2.89759e-08 -2.89747e-08 -2.90729e-08 -2.90732e-08 -2.90729e-08 -2.90732e-08 -2.91041e-08 -2.91041e-08 -2.91041e-08 -2.91041e-08 -2.91132e-08 -2.91132e-08 -2.91132e-08 -2.91132e-08 -2.91156e-08 -2.91156e-08 -2.91156e-08 -2.91156e-08 -2.91161e-08 -2.91161e-08 -2.91161e-08 -2.91161e-08
0.065 -1.2518e-08 -1.59573e-08 -1.04763e-08 -1.33027e-08 -2.51344e-08 -2.43965e-08 -2.53219e-08 -2.47069e-08 -3.02325e-08 -3.03909e-08 -3.02185e-08 -3.03522e-08 -3.26313e-08 -3.25973e-08 -3.26316e-08 -3.26026e-08 -3.35407e-08 -3.3548e-08 -3.35409e-08 -3.35472e-08 -3.38921e-08 -3.38905e-08 -3.3892e-08 -3.38906e-08 -3.40119e-08 -3.40122e-08 -3.40119e-08 -3.40122e-08 -3.4051e-08 -3.4051e-08 -3.4051e-08 -3.4051e-08 -3.40626e-08 -3.40626e-08 -3.40626e-08 -3.40626e-08 -3.40657e-08 -3.40657e-08 -3.40657e-08 -3.40657e-08 -3.40663e-08 -3.40663e-08 -3.40663e-08 -3.40663e-08
0.066 -1.4604e-08 -1.85848e-08 -1.22344e-08 -1.55121e-08 -2.92124e-08 -2.83583e-08 -2.943e-08 -2.8717e-08 -3.5193e-08 -3.53763e-08 -3.51767e-08 -3.53317e-08 -3.80371e-08 -3.79978e-08 -3.80375e-08 -3.80038e-08 -3.91305e-08 -3.9139e-08 -3.91308e-08 -3.91381e-08 -3.95579e-08 -3.95561e-08 -3.95578e-08 -3.95562e-08 -3.97057e-08 -3.97061e-08 -3.97057e-08 -3.97061e-08 -3.97546e-08 -3.97545e-08 -3.97546e-08 -3.97545e-08 -3.97692e-08 -3.97692e-08 -3.97692e-08 -3.97692e-08 -3.97732e-08 -3.97732e-08 -3.97732e-08 -3.97732e-08 -3.9774e-08 -3.9774e-08 -3.9774e-08 -3.9774e-08
0.067 -1.70018e-08 -2.15989e-08 -1.42578e-08 -1.80502e-08 -3.38779e-08 -3.28916e-08 -3.41298e-08 -3.33049e-08 -4.08776e-08 -4.10893e-08 -4.08587e-08 -4.1038e-08 -4.42422e-08 -4.41968e-08 -4.42427e-08 -4.42037e-08 -4.55539e-08 -4.55636e-08 -4.55541e-08 -4.55626e-08 -4.60724e-08 -4.60703e-08 -4.60724e-08 -4.60705e-08 -4.62543e-08 -4.62548e-08 -4.62543e-08 -4.62547e-08 -4.63153e-08 -4.63152e-08 -4.63152e-08 -4.63152e-08 -4.63337e-08 -4.63338e-08 -4.63337e-08 -4.63338e-08 -4.63389e-08 -4.63389e-08 -4.63389e-08 -4.63389e-08 -4.63399e-08 -4.63399e-08 -4.63399e-08 -4.63399e-08
0.068 -1.97513e-08 -2.50481e-08 -1.65809e-08 -2.09591e-08 -3.92024e-08 -3.8066e-08 -3.94934e-08 -3.85413e-08 -4.73762e-08 -4.76201e-08 -4.73542e-08 -4.75612e-08 -5.13475e-08 -5.12951e-08 -5.13481e-08 -5.13031e-08 -5.29174e-08 -5.29286e-08 -5.29177e-08 -5.29274e-08 -5.35452e-08 -5.35427e-08 -5.35451e-08 -5.35429e-08 -5.37684e-08 -5.3769e-08 -5.37685e-08 -5.37689e-08 -5.38442e-08 -5.38441e-08 -5.38442e-08 -5.38441e-08 -5.38675e-08 -5.38675e-08 -5.38675e-08 -5.38675e-08 -5.38741e-08 -5.38741e-08 -5.38741e-08 -5.38741e-08 -5.38754e-08 -5.38754e-08 -5.38754e-08 -5.38754e-08
0.069 -2.28969e-08 -2.89859e-08 -1.9242e-08 -2.42851e-08 -4.52642e-08 -4.39578e-08 -4.55996e-08 -4.4503e-08 -5.4787e-08 -5.50674e-08 -5.47616e-08 -5.5e-08 -5.94638e-08 -5.94036e-08 -5.94645e-08 -5.94127e-08 -6.13384e-08 -6.13513e-08 -6.13387e-08 -6.135e-08 -6.20967e-08 -6.20939e-08 -6.20965e-08 -6.20941e-08 -6.23701e-08 -6.23707e-08 -6.23701e-08 -6.23707e-08 -6.24641e-08 -6.2464e-08 -6.24641e-08 -6.2464e-08 -6.24934e-08 -6.24935e-08 -6.24934e-08 -6.24935e-08 -6.25019e-08 -6.25019e-08 -6.25019e-08 -6.25019e-08 -6.25036e-08 -6.25036e-08 -6.25036e-08 -6.25036e-08
0.07 -2.64872e-08 -3.34708e-08 -2.22833e-08 -2.8079e-08 -5.21481e-08 -5.06499e-08 -5.25339e-08 -5.12739e-08 -6.32171e-08 -6.35387e-08 -6.31879e-08 -6.34617e-08 -6.87123e-08 -6.86432e-08 -6.87131e-08 -6.86536e-08 -7.09455e-08 -7.09603e-08 -7.09459e-08 -7.09588e-08 -7.18593e-08 -7.18561e-08 -7.18592e-08 -7.18564e-08 -7.21934e-08 -7.21941e-08 -7.21934e-08 -7.2194e-08 -7.23097e-08 -7.23096e-08 -7.23097e-08 -7.23096e-08 -7.23466e-08 -7.23466e-08 -7.23466e-08 -7.23466e-08 -7.23573e-08 -7.23573e-08 -7.23573e-08 -7.23573e-08 -7.23595e-08 -7.23595e-08 -7.23595e-08 -7.23595e-08
0.071 -3.05753e-08 -3.85666e-08 -2.57509e-08 -3.23965e-08 -5.99464e-08 -5.8232e-08 -6.03891e-08 -5.89445e-08 -7.27828e-08 -7.31507e-08 -7.27492e-08 -7.3063e-08 -7.92248e-08 -7.91458e-08 -7.92258e-08 -7.91576e-08 -8.18792e-08 -8.18961e-08 -8.18796e-08 -8.18944e-08 -8.29778e-08 -8.29742e-08 -8.29777e-08 -8.29745e-08 -8.33851e-08 -8.33859e-08 -8.33852e-08 -8.33858e-08 -8.35287e-08 -8.35285e-08 -8.35287e-08 -8.35285e-08 -8.35749e-08 -8.35749e-08 -8.35749e-08 -8.35749e-08 -8.35885e-08 -8.35885e-08 -8.35885e-08 -8.35885e-08 -8.35913e-08 -8.35913e-08 -8.35913e-08 -8.35913e-08
0.072 -3.52193e-08 -4.43424e-08 -2.96955e-08 -3.72981e-08 -6.87583e-08 -6.6801e-08 -6.92652e-08 -6.76128e-08 -8.36097e-08 -8.40298e-08 -8.35712e-08 -8.39301e-08 -9.11446e-08 -9.10544e-08 -9.11457e-08 -9.10678e-08 -9.42921e-08 -9.43115e-08 -9.42926e-08 -9.43095e-08 -9.561e-08 -9.56059e-08 -9.56098e-08 -9.56062e-08 -9.61053e-08 -9.61062e-08 -9.61053e-08 -9.61061e-08 -9.62822e-08 -9.6282e-08 -9.62822e-08 -9.6282e-08 -9.63398e-08 -9.63399e-08 -9.63398e-08 -9.63399e-08 -9.63571e-08 -9.63571e-08 -9.63571e-08 -9.63571e-08 -9.63607e-08 -9.63607e-08 -9.63607e-08 -9.63607e-08
0.073 -4.04821e-08 -5.08731e-08 -3.41718e-08 -4.28494e-08 -7.86903e-08 -7.64611e-08 -7.92694e-08 -7.73837e-08 -9.58332e-08 -9.63116e-08 -9.5789e-08 -9.61986e-08 -1.04626e-07 -1.04523e-07 -1.04627e-07 -1.04538e-07 -1.0835e-07 -1.08372e-07 -1.0835e-07 -1.08369e-07 -1.09927e-07 -1.09922e-07 -1.09927e-07 -1.09923e-07 -1.10528e-07 -1.10529e-07 -1.10528e-07 -1.10529e-07 -1.10745e-07 -1.10745e-07 -1.10745e-07 -1.10745e-07 -1.10817e-07 -1.10817e-07 -1.10817e-07 -1.10817e-07 -1.10839e-07 -1.10839e-07 -1.10839e-07 -1.10839e-07 -1.10843e-07 -1.10843e-07 -1.10843e-07 -1.10843e-07
0.074 -4.64318e-08 -5.82393e-08 -3.92398e-08 -4.91214e-08 -8.98564e-08 -8.73233e-08 -9.05166e-08 -8.83695e-08 -1.09598e-07 -1.10142e-07 -1.09548e-07 -1.10014e-07 -1.19835e-07 -1.19719e-07 -1.19837e-07 -1.19736e-07 -1.2423e-07 -1.24255e-07 -1.24231e-07 -1.24253e-07 -1.26114e-07 -1.26108e-07 -1.26114e-07 -1.26109e-07 -1.26841e-07 -1.26842e-07 -1.26841e-07 -1.26842e-07 -1.27107e-07 -1.27107e-07 -1.27107e-07 -1.27107e-07 -1.27197e-07 -1.27197e-07 -1.27197e-07 -1.27197e-07 -1.27224e-07 -1.27224e-07 -1.27224e-07 -1.27224e-07 -1.2723e-07 -1.2723e-07 -1.2723e-07 -1.2723e-07
0.075 -5.31419e-08 -6.65275e-08 -4.49638e-08 -5.61905e-08 -1.02378e-07 -9.95062e-08 -1.03129e-07 -1.0069e-07 -1.25059e-07 -1.25675e-07 -1.25001e-07 -1.25531e-07 -1.3695e-07 -1.36818e-07 -1.36952e-07 -1.36837e-07 -1.42125e-07 -1.42154e-07 -1.42126e-07 -1.42151e-07 -1.44369e-07 -1.44363e-07 -1.44369e-07 -1.44364e-07 -1.45247e-07 -1.45249e-07 -1.45248e-07 -1.45249e-07 -1.45573e-07 -1.45573e-07 -1.45573e-07 -1.45573e-07 -1.45684e-07 -1.45684e-07 -1.45684e-07 -1.45684e-07 -1.45719e-07 -1.45719e-07 -1.45719e-07 -1.45719e-07 -1.45726e-07 -1.45726e-07 -1.45726e-07 -1.45726e-07
0.076 -6.06911e-08 -7.583e-08 -5.14133e-08 -6.41385e-08 -1.16383e-07 -1.13135e-07 -1.17235e-07 -1.1447e-07 -1.42379e-07 -1.43076e-07 -1.42314e-07 -1.42914e-07 -1.5616e-07 -1.56011e-07 -1.56162e-07 -1.56032e-07 -1.6224e-07 -1.62272e-07 -1.62241e-07 -1.62269e-07 -1.64907e-07 -1.649e-07 -1.64907e-07 -1.649e-07 -1.65965e-07 -1.65966e-07 -1.65965e-07 -1.65966e-07 -1.66362e-07 -1.66362e-07 -1.66362e-07 -1.66362e-07 -1.66499e-07 -1.66499e-07 -1.66499e-07 -1.66499e-07 -1.66542e-07 -1.66542e-07 -1.66542e-07 -1.66542e-07 -1.66552e-07 -1.66552e-07 -1.66552e-07 -1.66552e-07
0.077 -6.91636e-08 -8.62447e-08 -5.86627e-08 -7.30527e-08 -1.32006e-07 -1.28341e-07 -1.3297e-07 -1.29845e-07 -1.61732e-07 -1.62518e-07 -1.61657e-07 -1.62336e-07 -1.77666e-07 -1.77497e-07 -1.77668e-07 -1.77521e-07 -1.84791e-07 -1.84828e-07 -1.84792e-07 -1.84824e-07 -1.87954e-07 -1.87946e-07 -1.87953e-07 -1.87947e-07 -1.89225e-07 -1.89227e-07 -1.89225e-07 -1.89227e-07 -1.89709e-07 -1.89709e-07 -1.89709e-07 -1.89709e-07 -1.89878e-07 -1.89878e-07 -1.89878e-07 -1.89878e-07 -1.89932e-07 -1.89932e-07 -1.89932e-07 -1.89932e-07 -1.89944e-07 -1.89944e-07 -1.89944e-07 -1.89944e-07
0.078 -7.86488e-08 -9.78753e-08 -6.67916e-08 -8.30259e-08 -1.49388e-07 -1.45263e-07 -1.50477e-07 -1.46952e-07 -1.83298e-07 -1.84183e-07 -1.83214e-07 -1.83979e-07 -2.01678e-07 -2.01488e-07 -2.01681e-07 -2.01515e-07 -2.1001e-07 -2.10051e-07 -2.10011e-07 -2.10047e-07 -2.13751e-07 -2.13743e-07 -2.13751e-07 -2.13743e-07 -2.15276e-07 -2.15277e-07 -2.15276e-07 -2.15277e-07 -2.15863e-07 -2.15863e-07 -2.15863e-07 -2.15863e-07 -2.16071e-07 -2.16071e-07 -2.16071e-07 -2.16071e-07 -2.16139e-07 -2.16139e-07 -2.16139e-07 -2.16139e-07 -2.16154e-07 -2.16154e-07 -2.16154e-07 -2.16154e-07
0.079 -8.92415e-08 -1.10831e-07 -7.58842e-08 -9.4156e-08 -1.68676e-07 -1.64045e-07 -1.69904e-07 -1.65937e-07 -2.07266e-07 -2.0826e-07 -2.07171e-07 -2.08032e-07 -2.28419e-07 -2.28206e-07 -2.28422e-07 -2.28236e-07 -2.38138e-07 -2.38184e-07 -2.38139e-07 -2.38179e-07 -2.42554e-07 -2.42544e-07 -2.42554e-07 -2.42545e-07 -2.44377e-07 -2.44379e-07 -2.44377e-07 -2.44379e-07 -2.45089e-07 -2.45089e-07 -2.45089e-07 -2.45089e-07 -2.45345e-07 -2.45345e-07 -2.45345e-07 -2.45345e-07 -2.45429e-07 -2.45429e-07 -2.45429e-07 -2.45429e-07 -2.45447e-07 -2.45448e-07 -2.45447e-07 -2.45448e-07
0.08 -1.01041e-07 -1.25225e-07 -8.60299e-08 -1.06546e-07 -1.90022e-07 -1.84834e-07 -1.91402e-07 -1.86949e-07 -2.33833e-07 -2.34946e-07 -2.33725e-07 -2.34692e-07 -2.58118e-07 -2.57879e-07 -2.58123e-07 -2.57913e-07 -2.69429e-07 -2.69481e-07 -2.6943e-07 -2.69476e-07 -2.7463e-07 -2.74619e-07 -2.74629e-07 -2.74619e-07 -2.76805e-07 -2.76808e-07 -2.76805e-07 -2.76807e-07 -2.77665e-07 -2.77665e-07 -2.77665e-07 -2.77665e-07 -2.77978e-07 -2.77979e-07 -2.77978e-07 -2.77979e-07 -2.78083e-07 -2.78083e-07 -2.78083e-07 -2.78083e-07 -2.78106e-07 -2.78106e-07 -2.78106e-07 -2.78106e-07
0.081 -1.14153e-07 -1.41177e-07 -9.73226e-08 -1.20303e-07 -2.13581e-07 -2.07783e-07 -2.15129e-07 -2.10141e-07 -2.63198e-07 -2.64442e-07 -2.63077e-07 -2.64159e-07 -2.91015e-07 -2.90748e-07 -2.9102e-07 -2.90785e-07 -3.04147e-07 -3.04204e-07 -3.04148e-07 -3.04199e-07 -3.10257e-07 -3.10244e-07 -3.10256e-07 -3.10245e-07 -3.12846e-07 -3.12849e-07 -3.12847e-07 -3.12849e-07 -3.13883e-07 -3.13883e-07 -3.13883e-07 -3.13883e-07 -3.14266e-07 -3.14266e-07 -3.14266e-07 -3.14266e-07 -3.14395e-07 -3.14395e-07 -3.14395e-07 -3.14395e-07 -3.14425e-07 -3.14425e-07 -3.14425e-07 -3.14425e-07
0.082 -1.28685e-07 -1.58809e-07 -1.09861e-07 -1.3554e-07 -2.3951e-07 -2.33047e-07 -2.41242e-07 -2.35669e-07 -2.95567e-07 -2.96954e-07 -2.95431e-07 -2.9664e-07 -3.27354e-07 -3.27056e-07 -3.27359e-07 -3.27097e-07 -3.42563e-07 -3.42627e-07 -3.42565e-07 -3.42621e-07 -3.49724e-07 -3.49711e-07 -3.49724e-07 -3.49712e-07 -3.528e-07 -3.52803e-07 -3.528e-07 -3.52803e-07 -3.54047e-07 -3.54047e-07 -3.54047e-07 -3.54047e-07 -3.54514e-07 -3.54514e-07 -3.54514e-07 -3.54514e-07 -3.54673e-07 -3.54673e-07 -3.54673e-07 -3.54673e-07 -3.5471e-07 -3.5471e-07 -3.5471e-07 -3.5471e-07
0.083 -1.44749e-07 -1.78246e-07 -1.23746e-07 -1.52372e-07 -2.67968e-07 -2.60782e-07 -2.69902e-07 -2.63691e-07 -3.31146e-07 -3.32689e-07 -3.30994e-07 -3.32341e-07 -3.67383e-07 -3.67051e-07 -3.67389e-07 -3.67097e-07 -3.84958e-07 -3.85029e-07 -3.84959e-07 -3.85022e-07 -3.93331e-07 -3.93316e-07 -3.93331e-07 -3.93317e-07 -3.96975e-07 -3.96979e-07 -3.96975e-07 -3.96978e-07 -3.98472e-07 -3.98471e-07 -3.98472e-07 -3.98471e-07 -3.99039e-07 -3.9904e-07 -3.99039e-07 -3.9904e-07 -3.99235e-07 -3.99235e-07 -3.99235e-07 -3.99235e-07 -3.99281e-07 -3.99281e-07 -3.99281e-07 -3.99281e-07
0.084 -1.62462e-07 -1.99617e-07 -1.39085e-07 -1.70916e-07 -2.99115e-07 -2.91144e-07 -3.01269e-07 -2.94363e-07 -3.70143e-07 -3.71854e-07 -3.69973e-07 -3.7147e-07 -4.11353e-07 -4.10986e-07 -4.11361e-07 -4.11036e-07 -4.31613e-07 -4.31691e-07 -4.31614e-07 -4.31684e-07 -4.41381e-07 -4.41364e-07 -4.4138e-07 -4.41365e-07 -4.45689e-07 -4.45692e-07 -4.45689e-07 -4.45692e-07 -4.4748e-07 -4.47479e-07 -4.4748e-07 -4.47479e-07 -4.48168e-07 -4.48169e-07 -4.48168e-07 -4.48169e-07 -4.48409e-07 -4.48409e-07 -4.48409e-07 -4.48409e-07 -4.48466e-07 -4.48466e-07 -4.48466e-07 -4.48466e-07
0.085 -1.81942e-07 -2.2305e-07 -1.55985e-07 -1.91295e-07 -3.33106e-07 -3.24287e-07 -3.35499e-07 -3.27841e-07 -4.12763e-07 -4.14656e-07 -4.12573e-07 -4.14234e-07 -4.59517e-07 -4.5911e-07 -4.59525e-07 -4.59165e-07 -4.82814e-07 -4.82901e-07 -4.82815e-07 -4.82893e-07 -4.94183e-07 -4.94164e-07 -4.94182e-07 -4.94165e-07 -4.99262e-07 -4.99266e-07 -4.99262e-07 -4.99266e-07 -5.01402e-07 -5.01401e-07 -5.01402e-07 -5.01401e-07 -5.02235e-07 -5.02235e-07 -5.02235e-07 -5.02235e-07 -5.02529e-07 -5.02529e-07 -5.02529e-07 -5.02529e-07 -5.026e-07 -5.026e-07 -5.026e-07 -5.026e-07
0.086 -2.03308e-07 -2.48675e-07 -1.74559e-07 -2.13629e-07 -3.70094e-07 -3.60361e-07 -3.72747e-07 -3.64274e-07 -4.59205e-07 -4.61294e-07 -4.58994e-07 -4.6083e-07 -5.1212e-07 -5.11671e-07 -5.12129e-07 -5.11731e-07 -5.38846e-07 -5.38943e-07 -5.38848e-07 -5.38934e-07 -5.52047e-07 -5.52026e-07 -5.52046e-07 -5.52027e-07 -5.58022e-07 -5.58026e-07 -5.58022e-07 -5.58026e-07 -5.60571e-07 -5.6057e-07 -5.6057e-07 -5.6057e-07 -5.61576e-07 -5.61576e-07 -5.61576e-07 -5.61576e-07 -5.61936e-07 -5.61936e-07 -5.61936e-07 -5.61936e-07 -5.62023e-07 -5.62023e-07 -5.62023e-07 -5.62023e-07
0.087 -2.2668e-07 -2.76618e-07 -1.94918e-07 -2.38041e-07 -4.10225e-07 -3.99511e-07 -4.13158e-07 -4.03807e-07 -5.09661e-07 -5.11961e-07 -5.09427e-07 -5.11453e-07 -5.69403e-07 -5.6891e-07 -5.69414e-07 -5.68975e-07 -5.9999e-07 -6.00096e-07 -5.99992e-07 -6.00087e-07 -6.1528e-07 -6.15257e-07 -6.1528e-07 -6.15259e-07 -6.22292e-07 -6.22297e-07 -6.22292e-07 -6.22297e-07 -6.25321e-07 -6.2532e-07 -6.25321e-07 -6.2532e-07 -6.26532e-07 -6.26533e-07 -6.26532e-07 -6.26533e-07 -6.26972e-07 -6.26971e-07 -6.26972e-07 -6.26971e-07 -6.27078e-07 -6.27078e-07 -6.27078e-07 -6.27078e-07
0.088 -2.52177e-07 -3.07006e-07 -2.17174e-07 -2.6465e-07 -4.53634e-07 -4.4187e-07 -4.56869e-07 -4.46576e-07 -5.64312e-07 -5.66837e-07 -5.64052e-07 -5.66283e-07 -6.31597e-07 -6.31055e-07 -6.3161e-07 -6.31127e-07 -6.66517e-07 -6.66633e-07 -6.66519e-07 -6.66623e-07 -6.84186e-07 -6.84161e-07 -6.84185e-07 -6.84162e-07 -6.92395e-07 -6.924e-07 -6.92395e-07 -6.924e-07 -6.95987e-07 -6.95985e-07 -6.95987e-07 -6.95986e-07 -6.97441e-07 -6.97442e-07 -6.97441e-07 -6.97442e-07 -6.97975e-07 -6.97975e-07 -6.97975e-07 -6.97975e-07 -6.98106e-07 -6.98106e-07 -6.98106e-07 -6.98106e-07
0.089 -2.79916e-07 -3.39959e-07 -2.41439e-07 -2.93576e-07 -5.00447e-07 -4.87564e-07 -5.04006e-07 -4.92705e-07 -6.23324e-07 -6.26089e-07 -6.23036e-07 -6.25485e-07 -6.98918e-07 -6.98324e-07 -6.98932e-07 -6.98402e-07 -7.38687e-07 -7.38814e-07 -7.38688e-07 -7.38803e-07 -7.59055e-07 -7.59028e-07 -7.59055e-07 -7.5903e-07 -7.68643e-07 -7.68649e-07 -7.68643e-07 -7.68649e-07 -7.72891e-07 -7.7289e-07 -7.72891e-07 -7.7289e-07 -7.74635e-07 -7.74635e-07 -7.74635e-07 -7.74635e-07 -7.75282e-07 -7.75282e-07 -7.75282e-07 -7.75282e-07 -7.75442e-07 -7.75442e-07 -7.75442e-07 -7.75442e-07
0.09 -3.10011e-07 -3.75589e-07 -2.67824e-07 -3.2493e-07 -5.50773e-07 -5.36702e-07 -5.54678e-07 -5.42303e-07 -6.86842e-07 -6.89862e-07 -6.86525e-07 -6.89206e-07 -7.71561e-07 -7.70913e-07 -7.71577e-07 -7.70997e-07 -8.16742e-07 -8.16881e-07 -8.16743e-07 -8.16869e-07 -8.40167e-07 -8.40137e-07 -8.40166e-07 -8.40139e-07 -8.51338e-07 -8.51344e-07 -8.51338e-07 -8.51344e-07 -8.5635e-07 -8.56349e-07 -8.5635e-07 -8.56349e-07 -8.58434e-07 -8.58435e-07 -8.58434e-07 -8.58435e-07 -8.59218e-07 -8.59218e-07 -8.59218e-07 -8.59218e-07 -8.59413e-07 -8.59413e-07 -8.59413e-07 -8.59413e-07
0.091 -3.4257e-07 -4.14002e-07 -2.96435e-07 -3.58821e-07 -6.04704e-07 -5.89377e-07 -6.0898e-07 -5.95462e-07 -7.54992e-07 -7.58282e-07 -7.54643e-07 -7.57571e-07 -8.497e-07 -8.48994e-07 -8.49718e-07 -8.49084e-07 -9.00903e-07 -9.01055e-07 -9.00905e-07 -9.01042e-07 -9.27778e-07 -9.27745e-07 -9.27777e-07 -9.27747e-07 -9.40762e-07 -9.40769e-07 -9.40762e-07 -9.40768e-07 -9.46663e-07 -9.46661e-07 -9.46662e-07 -9.46661e-07 -9.49147e-07 -9.49148e-07 -9.49147e-07 -9.49148e-07 -9.50093e-07 -9.50093e-07 -9.50093e-07 -9.50093e-07 -9.50331e-07 -9.50331e-07 -9.50331e-07 -9.50331e-07
0.092 -3.77694e-07 -4.55293e-07 -3.27373e-07 -3.95348e-07 -6.62312e-07 -6.4566e-07 -6.6698e-07 -6.52254e-07 -8.27869e-07 -8.31443e-07 -8.27487e-07 -8.30676e-07 -9.33479e-07 -9.32712e-07 -9.33499e-07 -9.32809e-07 -9.91363e-07 -9.91527e-07 -9.91364e-07 -9.91514e-07 -1.02212e-06 -1.02209e-06 -1.02212e-06 -1.02209e-06 -1.03718e-06 -1.03718e-06 -1.03718e-06 -1.03718e-06 -1.04411e-06 -1.0441e-06 -1.04411e-06 -1.0441e-06 -1.04706e-06 -1.04706e-06 -1.04706e-06 -1.04706e-06 -1.0482e-06 -1.0482e-06 -1.0482e-06 -1.0482e-06 -1.04849e-06 -1.04849e-06 -1.04849e-06 -1.04849e-06
0.093 -4.15474e-07 -4.99543e-07 -3.60733e-07 -4.346e-07 -7.23642e-07 -7.05603e-07 -7.28727e-07 -7.12727e-07 -9.05539e-07 -9.09411e-07 -9.0512e-07 -9.08585e-07 -1.02301e-06 -1.02217e-06 -1.02303e-06 -1.02228e-06 -1.08828e-06 -1.08846e-06 -1.08828e-06 -1.08844e-06 -1.1234e-06 -1.12336e-06 -1.1234e-06 -1.12336e-06 -1.14081e-06 -1.14082e-06 -1.14081e-06 -1.14082e-06 -1.14893e-06 -1.14893e-06 -1.14893e-06 -1.14893e-06 -1.15244e-06 -1.15244e-06 -1.15244e-06 -1.15244e-06 -1.1538e-06 -1.1538e-06 -1.1538e-06 -1.1538e-06 -1.15415e-06 -1.15415e-06 -1.15415e-06 -1.15415e-06
0.094 -4.55993e-07 -5.46817e-07 -3.96602e-07 -4.76656e-07 -7.88715e-07 -7.69225e-07 -7.94238e-07 -7.76901e-07 -9.88029e-07 -9.92213e-07 -9.87572e-07 -9.91325e-07 -1.11835e-06 -1.11745e-06 -1.11838e-06 -1.11756e-06 -1.19178e-06 -1.19197e-06 -1.19178e-06 -1.19195e-06 -1.23177e-06 -1.23173e-06 -1.23177e-06 -1.23173e-06 -1.25187e-06 -1.25187e-06 -1.25187e-06 -1.25187e-06 -1.26135e-06 -1.26135e-06 -1.26135e-06 -1.26135e-06 -1.2655e-06 -1.2655e-06 -1.2655e-06 -1.2655e-06 -1.26714e-06 -1.26714e-06 -1.26714e-06 -1.26714e-06 -1.26756e-06 -1.26756e-06 -1.26756e-06 -1.26756e-06
0.095 -4.99317e-07 -5.97163e-07 -4.35057e-07 -5.21579e-07 -8.57517e-07 -8.36518e-07 -8.63501e-07 -8.44766e-07 -1.07533e-06 -1.07983e-06 -1.07483e-06 -1.07888e-06 -1.21954e-06 -1.21857e-06 -1.21957e-06 -1.21869e-06 -1.30192e-06 -1.30213e-06 -1.30192e-06 -1.30211e-06 -1.34736e-06 -1.34732e-06 -1.34736e-06 -1.34732e-06 -1.37049e-06 -1.3705e-06 -1.37049e-06 -1.3705e-06 -1.38155e-06 -1.38155e-06 -1.38155e-06 -1.38155e-06 -1.38645e-06 -1.38645e-06 -1.38645e-06 -1.38645e-06 -1.38841e-06 -1.38841e-06 -1.38841e-06 -1.38841e-06 -1.38892e-06 -1.38892e-06 -1.38892e-06 -1.38892e-06
0.096 -5.45498e-07 -6.50609e-07 -4.76162e-07 -5.69415e-07 -9.29999e-07 -9.07441e-07 -9.36465e-07 -9.16277e-07 -1.16737e-06 -1.17221e-06 -1.16683e-06 -1.1712e-06 -1.32654e-06 -1.3255e-06 -1.32657e-06 -1.32563e-06 -1.41874e-06 -1.41896e-06 -1.41874e-06 -1.41895e-06 -1.47024e-06 -1.47019e-06 -1.47024e-06 -1.4702e-06 -1.4968e-06 -1.49681e-06 -1.4968e-06 -1.49681e-06 -1.50966e-06 -1.50966e-06 -1.50966e-06 -1.50966e-06 -1.51544e-06 -1.51544e-06 -1.51544e-06 -1.51544e-06 -1.51777e-06 -1.51777e-06 -1.51777e-06 -1.51777e-06 -1.51838e-06 -1.51838e-06 -1.51838e-06 -1.51838e-06
0.097 -5.94572e-07 -7.07158e-07 -5.19967e-07 -6.20192e-07 -1.00608e-06 -9.81914e-07 -1.01305e-06 -9.91352e-07 -1.26405e-06 -1.26924e-06 -1.26346e-06 -1.26816e-06 -1.43927e-06 -1.43815e-06 -1.4393e-06 -1.43828e-06 -1.54219e-06 -1.54243e-06 -1.5422e-06 -1.54241e-06 -1.60042e-06 -1.60037e-06 -1.60042e-06 -1.60037e-06 -1.63084e-06 -1.63085e-06 -1.63084e-06 -1.63085e-06 -1.64576e-06 -1.64576e-06 -1.64576e-06 -1.64576e-06 -1.65254e-06 -1.65254e-06 -1.65254e-06 -1.65254e-06 -1.65531e-06 -1.65531e-06 -1.65531e-06 -1.65531e-06 -1.65604e-06 -1.65604e-06 -1.65604e-06 -1.65604e-06
0.098 -6.46552e-07 -7.66789e-07 -5.66505e-07 -6.73916e-07 -1.08562e-06 -1.05982e-06 -1.09311e-06 -1.06987e-06 -1.3652e-06 -1.37074e-06 -1.36457e-06 -1.3696e-06 -1.55757e-06 -1.55638e-06 -1.55761e-06 -1.55652e-06 -1.67218e-06 -1.67243e-06 -1.67218e-06 -1.67241e-06 -1.73784e-06 -1.73778e-06 -1.73783e-06 -1.73778e-06 -1.7726e-06 -1.77261e-06 -1.7726e-06 -1.77261e-06 -1.78986e-06 -1.78986e-06 -1.78986e-06 -1.78986e-06 -1.79781e-06 -1.79781e-06 -1.79781e-06 -1.79781e-06 -1.8011e-06 -1.8011e-06 -1.8011e-06 -1.8011e-06 -1.80197e-06 -1.80197e-06 -1.80197e-06 -1.80197e-06
0.099 -7.01431e-07 -8.29451e-07 -6.15792e-07 -7.30569e-07 -1.16847e-06 -1.14099e-06 -1.17649e-06 -1.15166e-06 -1.47059e-06 -1.47649e-06 -1.46991e-06 -1.47528e-06 -1.68123e-06 -1.67996e-06 -1.68127e-06 -1.68011e-06 -1.80851e-06 -1.80878e-06 -1.80851e-06 -1.80876e-06 -1.88237e-06 -1.88231e-06 -1.88237e-06 -1.88231e-06 -1.92199e-06 -1.922e-06 -1.92199e-06 -1.922e-06 -1.94192e-06 -1.94192e-06 -1.94192e-06 -1.94192e-06 -1.95122e-06 -1.95122e-06 -1.95122e-06 -1.95122e-06 -1.9551e-06 -1.9551e-06 -1.9551e-06 -1.9551e-06 -1.95614e-06 -1.95614e-06 -1.95614e-06 -1.95614e-06
0.1 -7.59174e-07 -8.95062e-07 -6.67821e-07 -7.90106e-07 -1.25438e-06 -1.22521e-06 -1.26296e-06 -1.23651e-06 -1.57994e-06 -1.5862e-06 -1.57921e-06 -1.58493e-06 -1.80995e-06 -1.8086e-06 -1.81e-06 -1.80876e-06 -1.95094e-06 -1.95123e-06 -1.95094e-06 -1.95121e-06 -2.03381e-06 -2.03375e-06 -2.03381e-06 -2.03376e-06 -2.07886e-06 -2.07887e-06 -2.07886e-06 -2.07887e-06 -2.10182e-06 -2.10181e-06 -2.10182e-06 -2.10181e-06 -2.11266e-06 -2.11266e-06 -2.11266e-06 -2.11266e-06 -2.11724e-06 -2.11724e-06 -2.11724e-06 -2.11724e-06 -2.11847e-06 -2.11847e-06 -2.11847e-06 -2.11847e-06
0.101 -8.19721e-07 -9.63507e-07 -7.22566e-07 -8.52456e-07 -1.34311e-06 -1.31224e-06 -1.35224e-06 -1.32415e-06 -1.69288e-06 -1.69951e-06 -1.69209e-06 -1.69817e-06 -1.94336e-06 -1.94194e-06 -1.94341e-06 -1.9421e-06 -2.09912e-06 -2.09943e-06 -2.09912e-06 -2.09941e-06 -2.19188e-06 -2.19181e-06 -2.19188e-06 -2.19181e-06 -2.24296e-06 -2.24298e-06 -2.24296e-06 -2.24298e-06 -2.26933e-06 -2.26933e-06 -2.26933e-06 -2.26933e-06 -2.28194e-06 -2.28195e-06 -2.28194e-06 -2.28195e-06 -2.28733e-06 -2.28733e-06 -2.28733e-06 -2.28733e-06 -2.2888e-06 -2.2888e-06 -2.2888e-06 -2.2888e-06
0.102 -8.82983e-07 -1.03464e-06 -7.79971e-07 -9.17514e-07 -1.43432e-06 -1.40176e-06 -1.44402e-06 -1.41428e-06 -1.80898e-06 -1.81597e-06 -1.80814e-06 -1.81457e-06 -2.081e-06 -2.07949e-06 -2.08105e-06 -2.07966e-06 -2.25262e-06 -2.25295e-06 -2.25262e-06 -2.25292e-06 -2.35617e-06 -2.3561e-06 -2.35617e-06 -2.3561e-06 -2.41396e-06 -2.41398e-06 -2.41396e-06 -2.41398e-06 -2.44418e-06 -2.44418e-06 -2.44418e-06 -2.44418e-06 -2.45881e-06 -2.45882e-06 -2.45881e-06 -2.45882e-06 -2.46514e-06 -2.46514e-06 -2.46514e-06 -2.46514e-06 -2.46687e-06 -2.46687e-06 -2.46687e-06 -2.46687e-06
0.103 -9.48838e-07 -1.10826e-06 -8.39956e-07 -9.85144e-07 -1.52763e-06 -1.4934e-06 -1.53791e-06 -1.50652e-06 -1.92774e-06 -1.93509e-06 -1.92685e-06 -1.93363e-06 -2.22231e-06 -2.22073e-06 -2.22238e-06 -2.22091e-06 -2.41091e-06 -2.41125e-06 -2.41091e-06 -2.41123e-06 -2.52621e-06 -2.52614e-06 -2.52621e-06 -2.52614e-06 -2.59143e-06 -2.59144e-06 -2.59143e-06 -2.59144e-06 -2.62597e-06 -2.62596e-06 -2.62597e-06 -2.62596e-06 -2.6429e-06 -2.6429e-06 -2.6429e-06 -2.6429e-06 -2.6503e-06 -2.6503e-06 -2.6503e-06 -2.6503e-06 -2.65234e-06 -2.65234e-06 -2.65234e-06 -2.65234e-06
0.104 -1.01713e-06 -1.18415e-06 -9.02412e-07 -1.05517e-06 -1.62263e-06 -1.58676e-06 -1.63348e-06 -1.60046e-06 -2.04858e-06 -2.05629e-06 -2.04763e-06 -2.05477e-06 -2.36667e-06 -2.36502e-06 -2.36674e-06 -2.3652e-06 -2.57336e-06 -2.57372e-06 -2.57336e-06 -2.5737e-06 -2.70141e-06 -2.70134e-06 -2.70141e-06 -2.70134e-06 -2.77482e-06 -2.77483e-06 -2.77482e-06 -2.77483e-06 -2.81419e-06 -2.81419e-06 -2.81419e-06 -2.81419e-06 -2.83375e-06 -2.83375e-06 -2.83375e-06 -2.83375e-06 -2.84239e-06 -2.84239e-06 -2.84239e-06 -2.84239e-06 -2.84479e-06 -2.84479e-06 -2.84479e-06 -2.84479e-06
0.105 -1.08767e-06 -1.26205e-06 -9.67199e-07 -1.1274e-06 -1.71881e-06 -1.68136e-06 -1.73023e-06 -1.69562e-06 -2.17085e-06 -2.17889e-06 -2.16984e-06 -2.17732e-06 -2.51334e-06 -2.51161e-06 -2.51341e-06 -2.51179e-06 -2.73923e-06 -2.73961e-06 -2.73923e-06 -2.73958e-06 -2.88107e-06 -2.88099e-06 -2.88107e-06 -2.881e-06 -2.96348e-06 -2.9635e-06 -2.96348e-06 -2.9635e-06 -3.00827e-06 -3.00826e-06 -3.00827e-06 -3.00826e-06 -3.03079e-06 -3.03079e-06 -3.03079e-06 -3.03079e-06 -3.04085e-06 -3.04085e-06 -3.04085e-06 -3.04085e-06 -3.04366e-06 -3.04366e-06 -3.04366e-06 -3.04366e-06
0.106 -1.16023e-06 -1.34163e-06 -1.03414e-06 -1.20157e-06 -1.81564e-06 -1.77668e-06 -1.82763e-06 -1.79146e-06 -2.29381e-06 -2.30218e-06 -2.29274e-06 -2.30055e-06 -2.66148e-06 -2.65968e-06 -2.66156e-06 -2.65987e-06 -2.90768e-06 -2.90807e-06 -2.90768e-06 -2.90805e-06 -3.06438e-06 -3.0643e-06 -3.06438e-06 -3.0643e-06 -3.15667e-06 -3.15668e-06 -3.15667e-06 -3.15668e-06 -3.20747e-06 -3.20747e-06 -3.20747e-06 -3.20747e-06 -3.23334e-06 -3.23334e-06 -3.23334e-06 -3.23334e-06 -3.24502e-06 -3.24502e-06 -3.24502e-06 -3.24502e-06 -3.24831e-06 -3.24831e-06 -3.24831e-06 -3.24831e-06
0.107 -1.23455e-06 -1.42255e-06 -1.10304e-06 -1.2774e-06 -1.91253e-06 -1.87215e-06 -1.92506e-06 -1.8874e-06 -2.41665e-06 -2.42533e-06 -2.41553e-06 -2.42366e-06 -2.81017e-06 -2.80831e-06 -2.81026e-06 -2.8085e-06 -3.07776e-06 -3.07816e-06 -3.07776e-06 -3.07814e-06 -3.25042e-06 -3.25033e-06 -3.25042e-06 -3.25034e-06 -3.35349e-06 -3.35351e-06 -3.35349e-06 -3.35351e-06 -3.41098e-06 -3.41097e-06 -3.41098e-06 -3.41097e-06 -3.44062e-06 -3.44062e-06 -3.44062e-06 -3.44062e-06 -3.45414e-06 -3.45414e-06 -3.45414e-06 -3.45414e-06 -3.45798e-06 -3.45798e-06 -3.45798e-06 -3.45798e-06
0.108 -1.31033e-06 -1.50441e-06 -1.17365e-06 -1.35458e-06 -2.00882e-06 -1.96712e-06 -2.02188e-06 -1.98281e-06 -2.5385e-06 -2.54745e-06 -2.53732e-06 -2.54575e-06 -2.9584e-06 -2.95648e-06 -2.9585e-06 -2.95667e-06 -3.2484e-06 -3.24882e-06 -3.2484e-06 -3.24879e-06 -3.43813e-06 -3.43804e-06 -3.43813e-06 -3.43805e-06 -3.55295e-06 -3.55297e-06 -3.55295e-06 -3.55297e-06 -3.61783e-06 -3.61783e-06 -3.61783e-06 -3.61783e-06 -3.65171e-06 -3.65171e-06 -3.65171e-06 -3.65171e-06 -3.66733e-06 -3.66733e-06 -3.66733e-06 -3.66733e-06 -3.67179e-06 -3.67179e-06 -3.67179e-06 -3.67179e-06
0.109 -1.38722e-06 -1.58678e-06 -1.2457e-06 -1.43273e-06 -2.10381e-06 -2.06094e-06 -2.11737e-06 -2.07699e-06 -2.65839e-06 -2.66761e-06 -2.65716e-06 -2.66587e-06 -3.10506e-06 -3.10308e-06 -3.10516e-06 -3.10327e-06 -3.41845e-06 -3.41887e-06 -3.41844e-06 -3.41885e-06 -3.62636e-06 -3.62627e-06 -3.62636e-06 -3.62628e-06 -3.75394e-06 -3.75396e-06 -3.75394e-06 -3.75395e-06 -3.82698e-06 -3.82697e-06 -3.82698e-06 -3.82697e-06 -3.86559e-06 -3.86559e-06 -3.86559e-06 -3.86559e-06 -3.88359e-06 -3.88359e-06 -3.88359e-06 -3.88359e-06 -3.88876e-06 -3.88876e-06 -3.88876e-06 -3.88876e-06
0.11 -1.46485e-06 -1.66917e-06 -1.31887e-06 -1.51146e-06 -2.19677e-06 -2.15286e-06 -2.2108e-06 -2.16923e-06 -2.77532e-06 -2.78476e-06 -2.77403e-06 -2.783e-06 -3.24894e-06 -3.24691e-06 -3.24904e-06 -3.24711e-06 -3.58661e-06 -3.58705e-06 -3.5866e-06 -3.58702e-06 -3.81384e-06 -3.81375e-06 -3.81384e-06 -3.81375e-06 -3.95521e-06 -3.95523e-06 -3.95521e-06 -3.95522e-06 -4.03722e-06 -4.03721e-06 -4.03722e-06 -4.03721e-06 -4.08112e-06 -4.08112e-06 -4.08112e-06 -4.08112e-06 -4.1018e-06 -4.1018e-06 -4.1018e-06 -4.1018e-06 -4.10778e-06 -4.10778e-06 -4.10778e-06 -4.10778e-06
0.111 -1.54279e-06 -1.75108e-06 -1.39283e-06 -1.59033e-06 -2.28689e-06 -2.24213e-06 -2.30135e-06 -2.25874e-06 -2.88821e-06 -2.89783e-06 -2.88687e-06 -2.89606e-06 -3.38877e-06 -3.3867e-06 -3.38888e-06 -3.3869e-06 -3.75152e-06 -3.75197e-06 -3.75152e-06 -3.75194e-06 -3.99917e-06 -3.99907e-06 -3.99917e-06 -3.99908e-06 -4.1554e-06 -4.15542e-06 -4.1554e-06 -4.15542e-06 -4.24725e-06 -4.24724e-06 -4.24725e-06 -4.24724e-06 -4.29703e-06 -4.29703e-06 -4.29703e-06 -4.29703e-06 -4.32073e-06 -4.32073e-06 -4.32073e-06 -4.32073e-06 -4.32763e-06 -4.32763e-06 -4.32763e-06 -4.32763e-06
0.112 -1.6206e-06 -1.83194e-06 -1.46718e-06 -1.66885e-06 -2.37337e-06 -2.32794e-06 -2.38821e-06 -2.34471e-06 -2.99592e-06 -3.00569e-06 -2.99453e-06 -3.00392e-06 -3.52319e-06 -3.52109e-06 -3.52331e-06 -3.52128e-06 -3.91172e-06 -3.91217e-06 -3.91171e-06 -3.91214e-06 -4.18085e-06 -4.18075e-06 -4.18085e-06 -4.18076e-06 -4.35305e-06 -4.35307e-06 -4.35305e-06 -4.35307e-06 -4.45564e-06 -4.45564e-06 -4.45564e-06 -4.45564e-06 -4.51194e-06 -4.51194e-06 -4.51194e-06 -4.51194e-06 -4.53903e-06 -4.53903e-06 -4.53903e-06 -4.53903e-06 -4.54696e-06 -4.54696e-06 -4.54696e-06 -4.54696e-06
0.113 -1.69779e-06 -1.91116e-06 -1.54151e-06 -1.74653e-06 -2.45534e-06 -2.40946e-06 -2.47052e-06 -2.4263e-06 -3.09729e-06 -3.10715e-06 -3.09585e-06 -3.10539e-06 -3.65078e-06 -3.64866e-06 -3.65091e-06 -3.64886e-06 -4.06563e-06 -4.06609e-06 -4.06563e-06 -4.06607e-06 -4.35729e-06 -4.35719e-06 -4.35729e-06 -4.3572e-06 -4.54658e-06 -4.5466e-06 -4.54658e-06 -4.5466e-06 -4.66086e-06 -4.66085e-06 -4.66086e-06 -4.66085e-06 -4.72436e-06 -4.72436e-06 -4.72436e-06 -4.72436e-06 -4.75524e-06 -4.75524e-06 -4.75524e-06 -4.75524e-06 -4.76434e-06 -4.76434e-06 -4.76434e-06 -4.76434e-06
0.114 -1.77384e-06 -1.98813e-06 -1.61539e-06 -1.82281e-06 -2.53192e-06 -2.48584e-06 -2.54737e-06 -2.50266e-06 -3.19109e-06 -3.201e-06 -3.18962e-06 -3.19926e-06 -3.77008e-06 -3.76795e-06 -3.77021e-06 -3.76813e-06 -4.21165e-06 -4.21211e-06 -4.21164e-06 -4.21208e-06 -4.5268e-06 -4.5267e-06 -4.5268e-06 -4.5267e-06 -4.73429e-06 -4.73431e-06 -4.73429e-06 -4.73431e-06 -4.86126e-06 -4.86125e-06 -4.86126e-06 -4.86125e-06 -4.9327e-06 -4.9327e-06 -4.9327e-06 -4.9327e-06 -4.96779e-06 -4.96779e-06 -4.96779e-06 -4.96779e-06 -4.9782e-06 -4.9782e-06 -4.9782e-06 -4.9782e-06
0.115 -1.84819e-06 -2.0622e-06 -1.68832e-06 -1.89712e-06 -2.60223e-06 -2.5562e-06 -2.61789e-06 -2.57289e-06 -3.27611e-06 -3.28601e-06 -3.2746e-06 -3.2843e-06 -3.87955e-06 -3.87742e-06 -3.87969e-06 -3.8776e-06 -4.34806e-06 -4.34851e-06 -4.34804e-06 -4.34849e-06 -4.68759e-06 -4.68749e-06 -4.68759e-06 -4.6875e-06 -4.91441e-06 -4.91443e-06 -4.91441e-06 -4.91443e-06 -5.05509e-06 -5.05509e-06 -5.05509e-06 -5.05509e-06 -5.13524e-06 -5.13524e-06 -5.13524e-06 -5.13524e-06 -5.17502e-06 -5.17502e-06 -5.17502e-06 -5.17502e-06 -5.18689e-06 -5.18689e-06 -5.18689e-06 -5.18689e-06
0.116 -1.92026e-06 -2.1327e-06 -1.7598e-06 -1.96886e-06 -2.66536e-06 -2.61965e-06 -2.68115e-06 -2.63611e-06 -3.35109e-06 -3.36093e-06 -3.34956e-06 -3.35926e-06 -3.97766e-06 -3.97555e-06 -3.97781e-06 -3.97572e-06 -4.47311e-06 -4.47357e-06 -4.4731e-06 -4.47355e-06 -4.83783e-06 -4.83773e-06 -4.83783e-06 -4.83774e-06 -5.08508e-06 -5.0851e-06 -5.08508e-06 -5.0851e-06 -5.24054e-06 -5.24053e-06 -5.24054e-06 -5.24053e-06 -5.33021e-06 -5.33021e-06 -5.33021e-06 -5.33021e-06 -5.37518e-06 -5.37518e-06 -5.37518e-06 -5.37518e-06 -5.38868e-06 -5.38868e-06 -5.38868e-06 -5.38868e-06
0.117 -1.98947e-06 -2.19895e-06 -1.82931e-06 -2.03742e-06 -2.72041e-06 -2.67533e-06 -2.73625e-06 -2.69144e-06 -3.4148e-06 -3.4245e-06 -3.41324e-06 -3.42289e-06 -4.06284e-06 -4.06075e-06 -4.06299e-06 -4.06092e-06 -4.58503e-06 -4.58548e-06 -4.58502e-06 -4.58547e-06 -4.97562e-06 -4.97552e-06 -4.97562e-06 -4.97552e-06 -5.24436e-06 -5.24438e-06 -5.24436e-06 -5.24438e-06 -5.41567e-06 -5.41567e-06 -5.41567e-06 -5.41567e-06 -5.51574e-06 -5.51574e-06 -5.51574e-06 -5.51574e-06 -5.56643e-06 -5.56643e-06 -5.56643e-06 -5.56643e-06 -5.58173e-06 -5.58173e-06 -5.58173e-06 -5.58173e-06
0.118 -2.05519e-06 -2.26025e-06 -1.89629e-06 -2.10216e-06 -2.7665e-06 -2.72235e-06 -2.78231e-06 -2.73799e-06 -3.466e-06 -3.47551e-06 -3.46443e-06 -3.47396e-06 -4.13353e-06 -4.13149e-06 -4.13369e-06 -4.13164e-06 -4.68201e-06 -4.68245e-06 -4.682e-06 -4.68244e-06 -5.099e-06 -5.09891e-06 -5.099e-06 -5.09891e-06 -5.39027e-06 -5.39029e-06 -5.39027e-06 -5.39029e-06 -5.57853e-06 -5.57852e-06 -5.57853e-06 -5.57852e-06 -5.68987e-06 -5.68988e-06 -5.68987e-06 -5.68988e-06 -5.74685e-06 -5.74685e-06 -5.74685e-06 -5.74685e-06 -5.76416e-06 -5.76416e-06 -5.76416e-06 -5.76416e-06
0.119 -2.11678e-06 -2.31589e-06 -1.96018e-06 -2.16243e-06 -2.80276e-06 -2.75989e-06 -2.81844e-06 -2.77493e-06 -3.50351e-06 -3.51274e-06 -3.50192e-06 -3.51128e-06 -4.1882e-06 -4.18621e-06 -4.18836e-06 -4.18635e-06 -4.76225e-06 -4.76268e-06 -4.76223e-06 -4.76267e-06 -5.20602e-06 -5.20593e-06 -5.20602e-06 -5.20593e-06 -5.52078e-06 -5.5208e-06 -5.52078e-06 -5.5208e-06 -5.72708e-06 -5.72708e-06 -5.72708e-06 -5.72708e-06 -5.85063e-06 -5.85063e-06 -5.85063e-06 -5.85063e-06 -5.9145e-06 -5.9145e-06 -5.9145e-06 -5.9145e-06 -5.93402e-06 -5.93402e-06 -5.93402e-06 -5.93402e-06
0.12 -2.17362e-06 -2.36519e-06 -2.02038e-06 -2.21759e-06 -2.82838e-06 -2.78711e-06 -2.84383e-06 -2.80142e-06 -3.52617e-06 -3.53506e-06 -3.52458e-06 -3.5337e-06 -4.22534e-06 -4.22342e-06 -4.22551e-06 -4.22355e-06 -4.82396e-06 -4.82437e-06 -4.82394e-06 -4.82436e-06 -5.29472e-06 -5.29463e-06 -5.29472e-06 -5.29463e-06 -5.63385e-06 -5.63387e-06 -5.63385e-06 -5.63387e-06 -5.85927e-06 -5.85926e-06 -5.85927e-06 -5.85926e-06 -5.99598e-06 -5.99598e-06 -5.99598e-06 -5.99598e-06 -6.06736e-06 -6.06736e-06 -6.06736e-06 -6.06736e-06 -6.0893e-06 -6.0893e-06 -6.0893e-06 -6.0893e-06
0.121 -2.22507e-06 -2.40746e-06 -2.07632e-06 -2.26697e-06 -2.84256e-06 -2.80324e-06 -2.85768e-06 -2.8167e-06 -3.53289e-06 -3.54137e-06 -3.53132e-06 -3.54012e-06 -4.24351e-06 -4.24169e-06 -4.24369e-06 -4.24179e-06 -4.8654e-06 -4.86579e-06 -4.86538e-06 -4.86578e-06 -5.36313e-06 -5.36305e-06 -5.36314e-06 -5.36305e-06 -5.72742e-06 -5.72744e-06 -5.72742e-06 -5.72744e-06 -5.97302e-06 -5.97302e-06 -5.97302e-06 -5.97302e-06 -6.12387e-06 -6.12387e-06 -6.12387e-06 -6.12387e-06 -6.20342e-06 -6.20342e-06 -6.20342e-06 -6.20342e-06 -6.228e-06 -6.228e-06 -6.228e-06 -6.228e-06
0.122 -2.27048e-06 -2.44203e-06 -2.1274e-06 -2.30995e-06 -2.84458e-06 -2.80758e-06 -2.85925e-06 -2.82005e-06 -3.52268e-06 -3.53066e-06 -3.52112e-06 -3.52954e-06 -4.24136e-06 -4.23964e-06 -4.24154e-06 -4.23973e-06 -4.88488e-06 -4.88525e-06 -4.88486e-06 -4.88525e-06 -5.40937e-06 -5.40929e-06 -5.40937e-06 -5.40929e-06 -5.79946e-06 -5.79948e-06 -5.79946e-06 -5.79948e-06 -6.06628e-06 -6.06628e-06 -6.06628e-06 -6.06628e-06 -6.23223e-06 -6.23223e-06 -6.23223e-06 -6.23223e-06 -6.32062e-06 -6.32062e-06 -6.32062e-06 -6.32062e-06 -6.34809e-06 -6.34809e-06 -6.34809e-06 -6.34809e-06
0.123 -2.30924e-06 -2.46825e-06 -2.17302e-06 -2.34588e-06 -2.83379e-06 -2.79946e-06 -2.8479e-06 -2.81081e-06 -3.49462e-06 -3.50203e-06 -3.49309e-06 -3.50105e-06 -4.21762e-06 -4.21602e-06 -4.2178e-06 -4.21609e-06 -4.88082e-06 -4.88116e-06 -4.88079e-06 -4.88116e-06 -5.43157e-06 -5.4315e-06 -5.43158e-06 -5.4315e-06 -5.848e-06 -5.84802e-06 -5.848e-06 -5.84802e-06 -6.13699e-06 -6.13699e-06 -6.13699e-06 -6.13699e-06 -6.31903e-06 -6.31903e-06 -6.31903e-06 -6.31903e-06 -6.41695e-06 -6.41695e-06 -6.41695e-06 -6.41695e-06 -6.44756e-06 -6.44756e-06 -6.44756e-06 -6.44756e-06
0.124 -2.34075e-06 -2.48552e-06 -2.21262e-06 -2.37417e-06 -2.80959e-06 -2.77831e-06 -2.82303e-06 -2.7884e-06 -3.44791e-06 -3.45467e-06 -3.44642e-06 -3.45385e-06 -4.17115e-06 -4.16969e-06 -4.17133e-06 -4.16974e-06 -4.85172e-06 -4.85204e-06 -4.8517e-06 -4.85204e-06 -5.428e-06 -5.42793e-06 -5.428e-06 -5.42793e-06 -5.8711e-06 -5.87112e-06 -5.8711e-06 -5.87112e-06 -6.18317e-06 -6.18317e-06 -6.18317e-06 -6.18317e-06 -6.38226e-06 -6.38226e-06 -6.38226e-06 -6.38226e-06 -6.49041e-06 -6.49041e-06 -6.49041e-06 -6.49041e-06 -6.52441e-06 -6.52441e-06 -6.52441e-06 -6.52441e-06
0.125 -2.36442e-06 -2.49328e-06 -2.24563e-06 -2.39425e-06 -2.77151e-06 -2.74364e-06 -2.78416e-06 -2.75234e-06 -3.38188e-06 -3.38791e-06 -3.38044e-06 -3.38726e-06 -4.10096e-06 -4.09965e-06 -4.10114e-06 -4.09968e-06 -4.79624e-06 -4.79652e-06 -4.79622e-06 -4.79653e-06 -5.397e-06 -5.39693e-06 -5.397e-06 -5.39693e-06 -5.86694e-06 -5.86696e-06 -5.86694e-06 -5.86696e-06 -6.20289e-06 -6.20289e-06 -6.20289e-06 -6.20289e-06 -6.41997e-06 -6.41997e-06 -6.41997e-06 -6.41997e-06 -6.53906e-06 -6.53906e-06 -6.53906e-06 -6.53906e-06 -6.5767e-06 -6.5767e-06 -6.5767e-06 -6.5767e-06
0.126 -2.37972e-06 -2.49101e-06 -2.27151e-06 -2.40557e-06 -2.71916e-06 -2.69504e-06 -2.73089e-06 -2.70222e-06 -3.296e-06 -3.30122e-06 -3.29462e-06 -3.30075e-06 -4.0062e-06 -4.00507e-06 -4.00638e-06 -4.00506e-06 -4.71319e-06 -4.71343e-06 -4.71316e-06 -4.71344e-06 -5.33707e-06 -5.33701e-06 -5.33707e-06 -5.33701e-06 -5.83381e-06 -5.83382e-06 -5.83381e-06 -5.83382e-06 -6.19432e-06 -6.19432e-06 -6.19432e-06 -6.19432e-06 -6.43029e-06 -6.43029e-06 -6.43029e-06 -6.43029e-06 -6.56102e-06 -6.56102e-06 -6.56102e-06 -6.56102e-06 -6.60256e-06 -6.60256e-06 -6.60256e-06 -6.60256e-06
0.127 -2.38613e-06 -2.47825e-06 -2.28974e-06 -2.40764e-06 -2.65224e-06 -2.63223e-06 -2.66294e-06 -2.63777e-06 -3.18989e-06 -3.19423e-06 -3.18859e-06 -3.19396e-06 -3.88621e-06 -3.88527e-06 -3.88639e-06 -3.88524e-06 -4.60153e-06 -4.60174e-06 -4.60151e-06 -4.60175e-06 -5.24687e-06 -5.24683e-06 -5.24688e-06 -5.24682e-06 -5.77012e-06 -5.77012e-06 -5.77011e-06 -5.77013e-06 -6.15576e-06 -6.15576e-06 -6.15576e-06 -6.15576e-06 -6.41145e-06 -6.41145e-06 -6.41145e-06 -6.41145e-06 -6.5545e-06 -6.5545e-06 -6.5545e-06 -6.5545e-06 -6.6002e-06 -6.6002e-06 -6.6002e-06 -6.6002e-06
0.128 -2.38321e-06 -2.45462e-06 -2.29984e-06 -2.40003e-06 -2.5706e-06 -2.55503e-06 -2.58014e-06 -2.55882e-06 -3.06335e-06 -3.06674e-06 -3.06213e-06 -3.06667e-06 -3.74055e-06 -3.73981e-06 -3.74072e-06 -3.73976e-06 -4.46048e-06 -4.46064e-06 -4.46045e-06 -4.46065e-06 -5.12525e-06 -5.12522e-06 -5.12526e-06 -5.12521e-06 -5.67446e-06 -5.67446e-06 -5.67445e-06 -5.67446e-06 -6.08562e-06 -6.08562e-06 -6.08562e-06 -6.08562e-06 -6.36181e-06 -6.36181e-06 -6.36181e-06 -6.36181e-06 -6.51784e-06 -6.51784e-06 -6.51784e-06 -6.51784e-06 -6.56796e-06 -6.56796e-06 -6.56796e-06 -6.56796e-06
0.129 -2.37056e-06 -2.41979e-06 -2.30138e-06 -2.38234e-06 -2.47419e-06 -2.46337e-06 -2.48246e-06 -2.4653e-06 -2.91635e-06 -2.91872e-06 -2.91522e-06 -2.91886e-06 -3.56895e-06 -3.56843e-06 -3.56912e-06 -3.56835e-06 -4.28942e-06 -4.28953e-06 -4.28939e-06 -4.28955e-06 -4.97127e-06 -4.97124e-06 -4.97127e-06 -4.97124e-06 -5.5456e-06 -5.54561e-06 -5.5456e-06 -5.54561e-06 -5.98251e-06 -5.98251e-06 -5.98251e-06 -5.98251e-06 -6.27987e-06 -6.27987e-06 -6.27987e-06 -6.27987e-06 -6.4495e-06 -6.4495e-06 -6.4495e-06 -6.4495e-06 -6.50427e-06 -6.50427e-06 -6.50427e-06 -6.50427e-06
0.13 -2.34782e-06 -2.37353e-06 -2.29397e-06 -2.35426e-06 -2.36309e-06 -2.35732e-06 -2.36998e-06 -2.35729e-06 -2.74904e-06 -2.75033e-06 -2.74802e-06 -2.7507e-06 -3.3714e-06 -3.37111e-06 -3.37157e-06 -3.371e-06 -4.08801e-06 -4.08807e-06 -4.08798e-06 -4.0881e-06 -4.7842e-06 -4.78419e-06 -4.78421e-06 -4.78418e-06 -5.38255e-06 -5.38255e-06 -5.38255e-06 -5.38255e-06 -5.8452e-06 -5.8452e-06 -5.8452e-06 -5.8452e-06 -6.16428e-06 -6.16428e-06 -6.16428e-06 -6.16428e-06 -6.34808e-06 -6.34808e-06 -6.34808e-06 -6.34808e-06 -6.40775e-06 -6.40775e-06 -6.40775e-06 -6.40775e-06
0.131 -2.31474e-06 -2.31568e-06 -2.27728e-06 -2.31554e-06 -2.23754e-06 -2.23707e-06 -2.24292e-06 -2.235e-06 -2.56177e-06 -2.56193e-06 -2.56088e-06 -2.56253e-06 -3.14812e-06 -3.14807e-06 -3.14828e-06 -3.14794e-06 -3.85615e-06 -3.85616e-06 -3.85612e-06 -3.85619e-06 -4.56361e-06 -4.5636e-06 -4.56361e-06 -4.5636e-06 -5.1845e-06 -5.1845e-06 -5.1845e-06 -5.1845e-06 -5.67268e-06 -5.67268e-06 -5.67268e-06 -5.67268e-06 -6.01391e-06 -6.01391e-06 -6.01391e-06 -6.01391e-06 -6.21238e-06 -6.21238e-06 -6.21238e-06 -6.21238e-06 -6.27715e-06 -6.27715e-06 -6.27715e-06 -6.27715e-06
0.132 -2.27109e-06 -2.24619e-06 -2.25102e-06 -2.26601e-06 -2.09787e-06 -2.10295e-06 -2.10165e-06 -2.09876e-06 -2.35511e-06 -2.35407e-06 -2.35435e-06 -2.35491e-06 -2.89957e-06 -2.89978e-06 -2.89972e-06 -2.89961e-06 -3.59403e-06 -3.59399e-06 -3.594e-06 -3.59402e-06 -4.30928e-06 -4.30929e-06 -4.30929e-06 -4.30929e-06 -4.95094e-06 -4.95094e-06 -4.95094e-06 -4.95094e-06 -5.46417e-06 -5.46417e-06 -5.46417e-06 -5.46417e-06 -5.82779e-06 -5.82779e-06 -5.82779e-06 -5.82779e-06 -6.04137e-06 -6.04137e-06 -6.04137e-06 -6.04137e-06 -6.11143e-06 -6.11143e-06 -6.11143e-06 -6.11143e-06
0.133 -2.21677e-06 -2.16507e-06 -2.21498e-06 -2.20558e-06 -1.94458e-06 -1.95541e-06 -1.94667e-06 -1.94905e-06 -2.12979e-06 -2.12752e-06 -2.12918e-06 -2.1286e-06 -2.62647e-06 -2.62695e-06 -2.62661e-06 -2.62675e-06 -3.3021e-06 -3.302e-06 -3.30207e-06 -3.30204e-06 -4.02134e-06 -4.02136e-06 -4.02134e-06 -4.02135e-06 -4.68161e-06 -4.6816e-06 -4.68161e-06 -4.68161e-06 -5.21912e-06 -5.21912e-06 -5.21912e-06 -5.21912e-06 -5.60522e-06 -5.60522e-06 -5.60522e-06 -5.60522e-06 -5.83423e-06 -5.83423e-06 -5.83423e-06 -5.83423e-06 -5.90974e-06 -5.90974e-06 -5.90974e-06 -5.90974e-06
0.134 -2.15172e-06 -2.07246e-06 -2.16902e-06 -2.13425e-06 -1.77831e-06 -1.79506e-06 -1.77861e-06 -1.78647e-06 -1.88677e-06 -1.88323e-06 -1.88632e-06 -1.88455e-06 -2.3298e-06 -2.33055e-06 -2.32993e-06 -2.33033e-06 -2.98112e-06 -2.98096e-06 -2.98108e-06 -2.981e-06 -3.70016e-06 -3.70019e-06 -3.70017e-06 -3.70019e-06 -4.37653e-06 -4.37652e-06 -4.37653e-06 -4.37652e-06 -4.93726e-06 -4.93726e-06 -4.93726e-06 -4.93726e-06 -5.3457e-06 -5.3457e-06 -5.3457e-06 -5.3457e-06 -5.59035e-06 -5.59035e-06 -5.59035e-06 -5.59035e-06 -5.67143e-06 -5.67143e-06 -5.67143e-06 -5.67143e-06
0.135 -2.07599e-06 -1.96858e-06 -2.11307e-06 -2.05209e-06 -1.5998e-06 -1.6226e-06 -1.59824e-06 -1.61175e-06 -1.6272e-06 -1.62236e-06 -1.62691e-06 -1.62392e-06 -2.0108e-06 -2.01182e-06 -2.01092e-06 -2.01157e-06 -2.63212e-06 -2.6319e-06 -2.63209e-06 -2.63195e-06 -3.34646e-06 -3.34651e-06 -3.34647e-06 -3.3465e-06 -4.03603e-06 -4.03602e-06 -4.03603e-06 -4.03603e-06 -4.61859e-06 -4.6186e-06 -4.61859e-06 -4.6186e-06 -5.049e-06 -5.049e-06 -5.049e-06 -5.049e-06 -5.30936e-06 -5.30936e-06 -5.30936e-06 -5.30936e-06 -5.39611e-06 -5.39611e-06 -5.39611e-06 -5.39611e-06
0.136 -1.98971e-06 -1.85376e-06 -2.04713e-06 -1.95928e-06 -1.40996e-06 -1.43888e-06 -1.40646e-06 -1.42577e-06 -1.35241e-06 -1.34625e-06 -1.3523e-06 -1.34806e-06 -1.67094e-06 -1.67225e-06 -1.67105e-06 -1.67198e-06 -2.25646e-06 -2.25618e-06 -2.25643e-06 -2.25623e-06 -2.96126e-06 -2.96132e-06 -2.96127e-06 -2.96131e-06 -3.66076e-06 -3.66075e-06 -3.66076e-06 -3.66075e-06 -4.2634e-06 -4.26341e-06 -4.2634e-06 -4.26341e-06 -4.71515e-06 -4.71515e-06 -4.71515e-06 -4.71515e-06 -4.99116e-06 -4.99116e-06 -4.99116e-06 -4.99116e-06 -5.0836e-06 -5.0836e-06 -5.0836e-06 -5.0836e-06
0.137 -1.89308e-06 -1.72841e-06 -1.97128e-06 -1.85609e-06 -1.20979e-06 -1.24488e-06 -1.20429e-06 -1.2295e-06 -1.06392e-06 -1.05644e-06 -1.06399e-06 -1.05848e-06 -1.31197e-06 -1.31356e-06 -1.31206e-06 -1.31326e-06 -1.85577e-06 -1.85543e-06 -1.85575e-06 -1.85548e-06 -2.54589e-06 -2.54597e-06 -2.5459e-06 -2.54596e-06 -3.25165e-06 -3.25163e-06 -3.25165e-06 -3.25164e-06 -3.87228e-06 -3.87228e-06 -3.87228e-06 -3.87228e-06 -4.34445e-06 -4.34445e-06 -4.34445e-06 -4.34445e-06 -4.63587e-06 -4.63587e-06 -4.63587e-06 -4.63587e-06 -4.73396e-06 -4.73396e-06 -4.73396e-06 -4.73396e-06
0.138 -1.78642e-06 -1.59307e-06 -1.88568e-06 -1.74286e-06 -1.00041e-06 -1.04166e-06 -9.92881e-07 -1.02405e-06 -7.63418e-07 -7.5461e-07 -7.6368e-07 -7.56887e-07 -9.35844e-07 -9.37726e-07 -9.35917e-07 -9.37397e-07 -1.43199e-06 -1.43158e-06 -1.43196e-06 -1.43164e-06 -2.10202e-06 -2.1021e-06 -2.10202e-06 -2.10209e-06 -2.80998e-06 -2.80996e-06 -2.80998e-06 -2.80997e-06 -3.44609e-06 -3.4461e-06 -3.44609e-06 -3.4461e-06 -3.93749e-06 -3.93749e-06 -3.93749e-06 -3.93749e-06 -4.24387e-06 -4.24387e-06 -4.24387e-06 -4.24387e-06 -4.34754e-06 -4.34754e-06 -4.34754e-06 -4.34754e-06
0.139 -1.67012e-06 -1.44835e-06 -1.79059e-06 -1.62004e-06 -7.83061e-07 -8.30429e-07 -7.73469e-07 -8.10608e-07 -4.52751e-07 -4.42628e-07 -4.5321e-07 -4.4513e-07 -5.44757e-07 -5.46921e-07 -5.44812e-07 -5.46568e-07 -9.873e-07 -9.86837e-07 -9.87274e-07 -9.86893e-07 -1.63159e-06 -1.63169e-06 -1.6316e-06 -1.63168e-06 -2.33734e-06 -2.33732e-06 -2.33734e-06 -2.33732e-06 -2.98605e-06 -2.98606e-06 -2.98605e-06 -2.98606e-06 -3.49513e-06 -3.49512e-06 -3.49513e-06 -3.49513e-06 -3.81583e-06 -3.81583e-06 -3.81583e-06 -3.81583e-06 -3.92492e-06 -3.92492e-06 -3.92492e-06 -3.92492e-06
0.14 -1.54465e-06 -1.29494e-06 -1.6863e-06 -1.48815e-06 -5.59068e-07 -6.12446e-07 -5.47396e-07 -5.90479e-07 -1.339e-07 -1.22484e-07 -1.34561e-07 -1.25201e-07 -1.41097e-07 -1.43539e-07 -1.41132e-07 -1.43164e-07 -5.2418e-07 -5.23657e-07 -5.24156e-07 -5.23715e-07 -1.13689e-06 -1.137e-06 -1.13689e-06 -1.13699e-06 -1.83562e-06 -1.8356e-06 -1.83562e-06 -1.8356e-06 -2.49364e-06 -2.49365e-06 -2.49364e-06 -2.49365e-06 -3.01851e-06 -3.0185e-06 -3.01851e-06 -3.0185e-06 -3.35267e-06 -3.35267e-06 -3.35267e-06 -3.35267e-06 -3.46693e-06 -3.46693e-06 -3.46693e-06 -3.46693e-06
0.141 -1.41057e-06 -1.13365e-06 -1.57324e-06 -1.34782e-06 -3.29835e-07 -3.89071e-07 -3.16083e-07 -3.65034e-07 1.91032e-07 2.03708e-07 1.90164e-07 2.00787e-07 2.72563e-07 2.69849e-07 2.72548e-07 2.70244e-07 -4.5334e-08 -4.47527e-08 -4.53121e-08 -4.48127e-08 -6.20449e-07 -6.20574e-07 -6.20456e-07 -6.20564e-07 -1.30703e-06 -1.307e-06 -1.30703e-06 -1.30701e-06 -1.97065e-06 -1.97066e-06 -1.97065e-06 -1.97066e-06 -2.50906e-06 -2.50905e-06 -2.50906e-06 -2.50905e-06 -2.85556e-06 -2.85556e-06 -2.85556e-06 -2.85556e-06 -2.97468e-06 -2.97468e-06 -2.97468e-06 -2.97468e-06
0.142 -1.26853e-06 -9.65334e-07 -1.45186e-06 -1.19973e-06 -9.68341e-08 -1.61728e-07 -8.10172e-08 -1.35714e-07 5.1984e-07 5.33736e-07 5.18764e-07 5.30623e-07 6.93493e-07 6.90516e-07 6.93499e-07 6.90929e-07 4.46308e-07 4.46946e-07 4.46328e-07 4.46885e-07 -8.50978e-08 -8.52345e-08 -8.51038e-08 -8.52243e-08 -7.5406e-07 -7.54031e-07 -7.54059e-07 -7.54033e-07 -1.41917e-06 -1.41918e-06 -1.41917e-06 -1.41918e-06 -1.96848e-06 -1.96848e-06 -1.96848e-06 -1.96848e-06 -2.32595e-06 -2.32595e-06 -2.32595e-06 -2.32595e-06 -2.44951e-06 -2.44951e-06 -2.44951e-06 -2.44951e-06
0.143 -1.11924e-06 -7.90937e-07 -1.32273e-06 -1.04465e-06 1.3841e-07 6.81055e-08 1.56261e-07 9.59857e-08 8.50249e-07 8.6531e-07 8.48963e-07 8.62021e-07 1.11883e-06 1.1156e-06 1.11886e-06 1.11603e-06 9.47624e-07 9.48316e-07 9.47641e-07 9.48253e-07 4.66101e-07 4.65953e-07 4.66096e-07 4.65963e-07 -1.79478e-07 -1.79446e-07 -1.79477e-07 -1.79448e-07 -8.41552e-07 -8.41558e-07 -8.41552e-07 -8.41558e-07 -1.39875e-06 -1.39875e-06 -1.39875e-06 -1.39875e-06 -1.76554e-06 -1.76554e-06 -1.76554e-06 -1.76554e-06 -1.89303e-06 -1.89303e-06 -1.89303e-06 -1.89303e-06
0.144 -9.63489e-07 -6.11458e-07 -1.18646e-06 -8.83416e-07 3.74337e-07 2.98918e-07 3.94175e-07 3.28537e-07 1.17993e-06 1.19609e-06 1.17843e-06 1.19264e-06 1.54561e-06 1.54215e-06 1.54566e-06 1.54259e-06 1.45532e-06 1.45607e-06 1.45534e-06 1.456e-06 1.02986e-06 1.0297e-06 1.02986e-06 1.02971e-06 4.13694e-07 4.13728e-07 4.13695e-07 4.13726e-07 -2.4042e-07 -2.40428e-07 -2.40421e-07 -2.40427e-07 -8.02087e-07 -8.02085e-07 -8.02087e-07 -8.02086e-07 -1.17627e-06 -1.17627e-06 -1.17627e-06 -1.17627e-06 -1.30708e-06 -1.30708e-06 -1.30708e-06 -1.30708e-06
0.145 -8.02112e-07 -4.27951e-07 -1.04373e-06 -7.16916e-07 6.0937e-07 5.29175e-07 6.31132e-07 5.60391e-07 1.50652e-06 1.52371e-06 1.50482e-06 1.52012e-06 1.97081e-06 1.96712e-06 1.97088e-06 1.96757e-06 1.96599e-06 1.96678e-06 1.966e-06 1.96671e-06 1.60271e-06 1.60254e-06 1.6027e-06 1.60255e-06 1.0222e-06 1.02224e-06 1.0222e-06 1.02224e-06 3.81356e-07 3.81348e-07 3.81355e-07 3.81348e-07 -1.80964e-07 -1.80963e-07 -1.80964e-07 -1.80963e-07 -5.60323e-07 -5.60324e-07 -5.60323e-07 -5.60324e-07 -6.93729e-07 -6.93729e-07 -6.93729e-07 -6.93729e-07
0.146 -6.36012e-07 -2.4151e-07 -8.95281e-07 -5.46096e-07 8.41928e-07 7.5734e-07 8.65536e-07 7.89994e-07 1.82767e-06 1.84581e-06 1.82576e-06 1.8421e-06 2.39134e-06 2.38745e-06 2.39144e-06 2.38791e-06 2.47609e-06 2.47693e-06 2.4761e-06 2.47686e-06 2.181e-06 2.18082e-06 2.181e-06 2.18083e-06 1.6426e-06 1.64264e-06 1.6426e-06 1.64263e-06 1.02068e-06 1.02068e-06 1.02068e-06 1.02068e-06 4.61925e-07 4.61927e-07 4.61925e-07 4.61927e-07 7.99128e-08 7.99124e-08 7.99127e-08 7.99124e-08 -5.52609e-08 -5.52607e-08 -5.52608e-08 -5.52607e-08
0.147 -4.66134e-07 -5.32617e-08 -7.41914e-07 -3.71943e-07 1.07045e-06 9.81887e-07 1.09581e-06 1.01581e-06 2.14105e-06 2.16005e-06 2.13895e-06 2.15624e-06 2.80415e-06 2.80007e-06 2.80427e-06 2.80054e-06 2.98206e-06 2.98294e-06 2.98207e-06 2.98288e-06 2.76099e-06 2.7608e-06 2.76099e-06 2.76081e-06 2.27125e-06 2.27129e-06 2.27125e-06 2.27129e-06 1.67428e-06 1.67427e-06 1.67428e-06 1.67427e-06 1.12368e-06 1.12368e-06 1.12368e-06 1.12368e-06 7.41833e-07 7.41833e-07 7.41833e-07 7.41833e-07 6.05833e-07 6.05833e-07 6.05833e-07 6.05833e-07
0.148 -2.93459e-07 1.35646e-07 -5.84463e-07 -1.95476e-07 1.2934e-06 1.20132e-06 1.3204e-06 1.23633e-06 2.44439e-06 2.46415e-06 2.4421e-06 2.46026e-06 3.20619e-06 3.20194e-06 3.20634e-06 3.20241e-06 3.4803e-06 3.48121e-06 3.4803e-06 3.48115e-06 3.33883e-06 3.33863e-06 3.33882e-06 3.33864e-06 2.9044e-06 2.90444e-06 2.9044e-06 2.90444e-06 2.33867e-06 2.33866e-06 2.33867e-06 2.33866e-06 1.80121e-06 1.80122e-06 1.80121e-06 1.80122e-06 1.42265e-06 1.42265e-06 1.42265e-06 1.42265e-06 1.28687e-06 1.28687e-06 1.28687e-06 1.28687e-06
0.149 -1.18995e-07 3.2406e-07 -4.23803e-07 -1.77388e-08 1.5093e-06 1.4142e-06 1.53782e-06 1.4501e-06 2.73549e-06 2.75591e-06 2.73302e-06 2.75196e-06 3.59448e-06 3.5901e-06 3.59465e-06 3.59056e-06 3.96722e-06 3.96817e-06 3.96722e-06 3.9681e-06 3.91063e-06 3.91042e-06 3.91062e-06 3.91043e-06 3.53818e-06 3.53822e-06 3.53818e-06 3.53822e-06 3.01027e-06 3.01026e-06 3.01027e-06 3.01026e-06 2.49128e-06 2.49128e-06 2.49128e-06 2.49128e-06 2.1194e-06 2.1194e-06 2.1194e-06 2.1194e-06 1.98501e-06 1.98501e-06 1.98501e-06 1.98501e-06
0.15 5.62333e-08 5.10827e-07 -2.60839e-07 1.60215e-07 1.71674e-06 1.61912e-06 1.74664e-06 1.65573e-06 3.01228e-06 3.03324e-06 3.00963e-06 3.02926e-06 3.96617e-06 3.96166e-06 3.96636e-06 3.96213e-06 4.43931e-06 4.44028e-06 4.4393e-06 4.44022e-06 4.4725e-06 4.4723e-06 4.4725e-06 4.4723e-06 4.16866e-06 4.16871e-06 4.16866e-06 4.16871e-06 3.68535e-06 3.68534e-06 3.68535e-06 3.68534e-06 3.19049e-06 3.19049e-06 3.19049e-06 3.19049e-06 2.82898e-06 2.82898e-06 2.82898e-06 2.82898e-06 2.69726e-06 2.69726e-06 2.69726e-06 2.69726e-06
0.151 2.31194e-07 6.94813e-07 -9.6495e-08 3.37329e-07 1.91438e-06 1.8148e-06 1.94552e-06 1.85189e-06 3.27279e-06 3.29418e-06 3.26998e-06 3.29019e-06 4.31851e-06 4.31391e-06 4.31873e-06 4.31437e-06 4.89314e-06 4.89413e-06 4.89313e-06 4.89407e-06 5.02061e-06 5.02039e-06 5.02061e-06 5.0204e-06 4.79189e-06 4.79194e-06 4.79189e-06 4.79194e-06 4.36012e-06 4.36011e-06 4.36012e-06 4.36011e-06 3.89534e-06 3.89535e-06 3.89534e-06 3.89535e-06 3.54815e-06 3.54815e-06 3.54815e-06 3.54815e-06 3.42046e-06 3.42046e-06 3.42046e-06 3.42046e-06
0.152 4.04858e-07 8.74908e-07 6.82939e-08 5.12555e-07 2.101e-06 2e-06 2.13322e-06 2.03737e-06 3.51523e-06 3.53693e-06 3.51227e-06 3.53295e-06 4.64895e-06 4.64428e-06 4.64919e-06 4.64473e-06 5.32544e-06 5.32644e-06 5.32543e-06 5.32639e-06 5.55117e-06 5.55096e-06 5.55117e-06 5.55096e-06 5.40393e-06 5.40398e-06 5.40393e-06 5.40398e-06 5.03076e-06 5.03075e-06 5.03076e-06 5.03075e-06 4.60227e-06 4.60227e-06 4.60227e-06 4.60227e-06 4.27358e-06 4.27358e-06 4.27358e-06 4.27358e-06 4.1514e-06 4.1514e-06 4.1514e-06 4.1514e-06
0.153 5.76211e-07 1.05004e-06 2.3259e-07 6.84864e-07 2.27547e-06 2.17362e-06 2.3086e-06 2.21106e-06 3.73797e-06 3.75986e-06 3.73488e-06 3.75592e-06 4.95512e-06 4.95042e-06 4.95539e-06 4.95085e-06 5.73311e-06 5.73412e-06 5.73309e-06 5.73407e-06 6.06056e-06 6.06034e-06 6.06056e-06 6.06035e-06 6.0009e-06 6.00095e-06 6.0009e-06 6.00095e-06 5.69342e-06 5.69341e-06 5.69342e-06 5.69341e-06 5.30763e-06 5.30763e-06 5.30763e-06 5.30763e-06 5.00184e-06 5.00184e-06 5.00184e-06 5.00184e-06 4.88672e-06 4.88672e-06 4.88672e-06 4.88672e-06
0.154 7.44263e-07 1.2192e-06 3.95464e-07 8.53258e-07 2.43679e-06 2.33467e-06 2.47065e-06 2.37196e-06 3.93958e-06 3.96154e-06 3.93638e-06 3.95766e-06 5.23491e-06 5.23018e-06 5.23519e-06 5.23061e-06 6.11326e-06 6.11427e-06 6.11324e-06 6.11423e-06 6.54529e-06 6.54507e-06 6.54529e-06 6.54508e-06 6.57901e-06 6.57906e-06 6.57901e-06 6.57906e-06 6.34429e-06 6.34428e-06 6.34429e-06 6.34428e-06 6.00776e-06 6.00776e-06 6.00776e-06 6.00776e-06 5.72945e-06 5.72945e-06 5.72945e-06 5.72945e-06 5.62303e-06 5.62303e-06 5.62303e-06 5.62303e-06
0.155 9.08056e-07 1.38141e-06 5.56e-07 1.01678e-06 2.58409e-06 2.48227e-06 2.61851e-06 2.5192e-06 4.11886e-06 4.14076e-06 4.11555e-06 4.13695e-06 5.48642e-06 5.48171e-06 5.48673e-06 5.48212e-06 6.46327e-06 6.46428e-06 6.46324e-06 6.46424e-06 7.0021e-06 7.00188e-06 7.0021e-06 7.00189e-06 7.13462e-06 7.13467e-06 7.13462e-06 7.13467e-06 6.97962e-06 6.97961e-06 6.97962e-06 6.97961e-06 6.69901e-06 6.69901e-06 6.69901e-06 6.69901e-06 6.4529e-06 6.4529e-06 6.4529e-06 6.4529e-06 6.35687e-06 6.35687e-06 6.35687e-06 6.35687e-06
0.156 1.06668e-06 1.53578e-06 7.13311e-07 1.17452e-06 2.71664e-06 2.61571e-06 2.75143e-06 2.65207e-06 4.2748e-06 4.29652e-06 4.27141e-06 4.29282e-06 5.70808e-06 5.7034e-06 5.7084e-06 5.70379e-06 6.78079e-06 6.7818e-06 6.78076e-06 6.78176e-06 7.42797e-06 7.42776e-06 7.42797e-06 7.42776e-06 7.66426e-06 7.6643e-06 7.66426e-06 7.6643e-06 7.59576e-06 7.59575e-06 7.59576e-06 7.59575e-06 7.37775e-06 7.37775e-06 7.37775e-06 7.37775e-06 7.16864e-06 7.16864e-06 7.16864e-06 7.16864e-06 7.08475e-06 7.08475e-06 7.08475e-06 7.08475e-06
0.157 1.21927e-06 1.68151e-06 8.6654e-07 1.32562e-06 2.83388e-06 2.73438e-06 2.86885e-06 2.76998e-06 4.40665e-06 4.42806e-06 4.4032e-06 4.42449e-06 5.89857e-06 5.89396e-06 5.89891e-06 5.89432e-06 7.06379e-06 7.06479e-06 7.06376e-06 7.06475e-06 7.82016e-06 7.81994e-06 7.82016e-06 7.81995e-06 8.16466e-06 8.1647e-06 8.16466e-06 8.1647e-06 8.1892e-06 8.18919e-06 8.1892e-06 8.18919e-06 8.04041e-06 8.04041e-06 8.04041e-06 8.04041e-06 7.87316e-06 7.87316e-06 7.87316e-06 7.87316e-06 7.80319e-06 7.80319e-06 7.80319e-06 7.80319e-06
0.158 1.36502e-06 1.81787e-06 1.01488e-06 1.4693e-06 2.93537e-06 2.83786e-06 2.97033e-06 2.8725e-06 4.5139e-06 4.53489e-06 4.5104e-06 4.53146e-06 6.05692e-06 6.0524e-06 6.05727e-06 6.05274e-06 7.31058e-06 7.31155e-06 7.31055e-06 7.31152e-06 8.17622e-06 8.17601e-06 8.17623e-06 8.17602e-06 8.63281e-06 8.63285e-06 8.63281e-06 8.63285e-06 8.75657e-06 8.75656e-06 8.75657e-06 8.75656e-06 8.68351e-06 8.68351e-06 8.68351e-06 8.68351e-06 8.56298e-06 8.56298e-06 8.56298e-06 8.56298e-06 8.50871e-06 8.50871e-06 8.50871e-06 8.50871e-06
0.159 1.5032e-06 1.94421e-06 1.15755e-06 1.60485e-06 3.02085e-06 2.92585e-06 3.0556e-06 2.95934e-06 4.59628e-06 4.61675e-06 4.59276e-06 4.61347e-06 6.18246e-06 6.17806e-06 6.18283e-06 6.17837e-06 7.51981e-06 7.52076e-06 7.51977e-06 7.52073e-06 8.49408e-06 8.49388e-06 8.49409e-06 8.49388e-06 9.06597e-06 9.06602e-06 9.06597e-06 9.06602e-06 9.29472e-06 9.29471e-06 9.29472e-06 9.29471e-06 9.30367e-06 9.30368e-06 9.30367e-06 9.30368e-06 9.23464e-06 9.23464e-06 9.23464e-06 9.23464e-06 9.19785e-06 9.19785e-06 9.19785e-06 9.19785e-06
0.16 1.63316e-06 2.06001e-06 1.29386e-06 1.73163e-06 3.0902e-06 2.99821e-06 3.12456e-06 3.03039e-06 4.65379e-06 4.67361e-06 4.65025e-06 4.67051e-06 6.27487e-06 6.2706e-06 6.27525e-06 6.27089e-06 7.69052e-06 7.69144e-06 7.69048e-06 7.69142e-06 8.772e-06 8.7718e-06 8.772e-06 8.7718e-06 9.46173e-06 9.46177e-06 9.46173e-06 9.46177e-06 9.80071e-06 9.8007e-06 9.80071e-06 9.8007e-06 9.89768e-06 9.89768e-06 9.89768e-06 9.89768e-06 9.8848e-06 9.8848e-06 9.8848e-06 9.8848e-06 9.86724e-06 9.86724e-06 9.86724e-06 9.86724e-06
0.161 1.75432e-06 2.16481e-06 1.42316e-06 1.8491e-06 3.14347e-06 3.05497e-06 3.17726e-06 3.08567e-06 4.68665e-06 4.70573e-06 4.68313e-06 4.70282e-06 6.33416e-06 6.33004e-06 6.33454e-06 6.3303e-06 7.82213e-06 7.82302e-06 7.82209e-06 7.823e-06 9.00863e-06 9.00844e-06 9.00864e-06 9.00844e-06 9.81798e-06 9.81802e-06 9.81798e-06 9.81802e-06 1.02718e-05 1.02718e-05 1.02718e-05 1.02718e-05 1.04625e-05 1.04625e-05 1.04625e-05 1.04625e-05 1.05102e-05 1.05102e-05 1.05102e-05 1.05102e-05 1.05135e-05 1.05135e-05 1.05135e-05 1.05135e-05
0.162 1.86617e-06 2.2583e-06 1.54487e-06 1.9568e-06 3.18086e-06 3.09627e-06 3.2139e-06 3.12536e-06 4.69534e-06 4.71359e-06 4.69185e-06 4.71088e-06 6.36065e-06 6.35672e-06 6.36104e-06 6.35695e-06 7.91445e-06 7.9153e-06 7.9144e-06 7.91528e-06 9.20302e-06 9.20284e-06 9.20303e-06 9.20284e-06 1.0133e-05 1.0133e-05 1.0133e-05 1.0133e-05 1.07057e-05 1.07057e-05 1.07057e-05 1.07057e-05 1.09951e-05 1.09951e-05 1.09951e-05 1.09951e-05 1.11076e-05 1.11076e-05 1.11076e-05 1.11076e-05 1.11335e-05 1.11335e-05 1.11335e-05 1.11335e-05
0.163 1.96832e-06 2.34025e-06 1.65848e-06 2.05437e-06 3.20271e-06 3.12243e-06 3.23483e-06 3.14977e-06 4.68058e-06 4.6979e-06 4.67714e-06 4.69541e-06 6.35502e-06 6.35128e-06 6.35541e-06 6.35148e-06 7.96767e-06 7.96848e-06 7.96763e-06 7.96847e-06 9.35464e-06 9.35446e-06 9.35464e-06 9.35446e-06 1.04053e-05 1.04054e-05 1.04053e-05 1.04054e-05 1.11002e-05 1.11002e-05 1.11002e-05 1.11002e-05 1.14929e-05 1.14929e-05 1.14929e-05 1.14929e-05 1.16741e-05 1.16741e-05 1.16741e-05 1.16741e-05 1.1724e-05 1.1724e-05 1.1724e-05 1.1724e-05
0.164 2.06045e-06 2.41053e-06 1.76358e-06 2.14154e-06 3.2095e-06 3.1339e-06 3.24055e-06 3.15938e-06 4.6433e-06 4.65962e-06 4.63992e-06 4.65735e-06 6.31825e-06 6.31473e-06 6.31864e-06 6.3149e-06 7.98239e-06 7.98315e-06 7.98234e-06 7.98315e-06 9.46333e-06 9.46316e-06 9.46333e-06 9.46316e-06 1.0634e-05 1.06341e-05 1.0634e-05 1.06341e-05 1.14534e-05 1.14534e-05 1.14534e-05 1.14534e-05 1.19534e-05 1.19534e-05 1.19534e-05 1.19534e-05 1.22068e-05 1.22068e-05 1.22068e-05 1.22068e-05 1.2282e-05 1.2282e-05 1.2282e-05 1.2282e-05
0.165 2.14235e-06 2.46915e-06 1.8598e-06 2.21813e-06 3.20187e-06 3.13125e-06 3.23168e-06 3.15477e-06 4.58464e-06 4.59989e-06 4.58134e-06 4.59786e-06 6.25162e-06 6.24833e-06 6.25202e-06 6.24847e-06 7.95956e-06 7.96027e-06 7.95951e-06 7.96027e-06 9.52937e-06 9.52922e-06 9.52938e-06 9.52921e-06 1.08185e-05 1.08185e-05 1.08185e-05 1.08185e-05 1.17639e-05 1.17639e-05 1.17639e-05 1.17639e-05 1.23744e-05 1.23744e-05 1.23744e-05 1.23744e-05 1.27029e-05 1.27029e-05 1.27029e-05 1.27029e-05 1.28047e-05 1.28047e-05 1.28047e-05 1.28047e-05
0.166 2.21387e-06 2.51618e-06 1.9469e-06 2.28406e-06 3.18055e-06 3.11517e-06 3.209e-06 3.13666e-06 4.50594e-06 4.52008e-06 4.50275e-06 4.51827e-06 6.15671e-06 6.15366e-06 6.1571e-06 6.15377e-06 7.90052e-06 7.90118e-06 7.90046e-06 7.90118e-06 9.55344e-06 9.55329e-06 9.55344e-06 9.55329e-06 1.09584e-05 1.09585e-05 1.09584e-05 1.09585e-05 1.20304e-05 1.20304e-05 1.20304e-05 1.20304e-05 1.27538e-05 1.27538e-05 1.27538e-05 1.27538e-05 1.31599e-05 1.31599e-05 1.31599e-05 1.31599e-05 1.32893e-05 1.32893e-05 1.32893e-05 1.32893e-05
0.167 2.275e-06 2.55182e-06 2.02468e-06 2.33936e-06 3.1464e-06 3.08648e-06 3.17336e-06 3.10589e-06 4.40873e-06 4.4217e-06 4.40566e-06 4.42013e-06 6.03534e-06 6.03254e-06 6.03573e-06 6.03262e-06 7.80692e-06 7.80753e-06 7.80687e-06 7.80754e-06 9.53659e-06 9.53646e-06 9.5366e-06 9.53645e-06 1.1054e-05 1.10541e-05 1.1054e-05 1.10541e-05 1.22521e-05 1.22521e-05 1.22521e-05 1.22521e-05 1.30899e-05 1.30899e-05 1.30899e-05 1.30899e-05 1.35754e-05 1.35754e-05 1.35754e-05 1.35754e-05 1.37332e-05 1.37332e-05 1.37332e-05 1.37332e-05
0.168 2.32578e-06 2.57637e-06 2.09304e-06 2.38413e-06 3.10038e-06 3.04609e-06 3.12574e-06 3.06337e-06 4.29468e-06 4.30643e-06 4.29173e-06 4.3051e-06 5.88959e-06 5.88705e-06 5.88997e-06 5.8871e-06 7.68077e-06 7.68132e-06 7.68072e-06 7.68133e-06 9.48026e-06 9.48014e-06 9.48027e-06 9.48013e-06 1.11058e-05 1.11058e-05 1.11058e-05 1.11058e-05 1.24285e-05 1.24285e-05 1.24285e-05 1.24285e-05 1.33812e-05 1.33812e-05 1.33812e-05 1.33812e-05 1.39473e-05 1.39473e-05 1.39473e-05 1.39473e-05 1.41341e-05 1.41341e-05 1.41341e-05 1.41341e-05
0.169 2.36637e-06 2.5902e-06 2.15198e-06 2.41857e-06 3.04355e-06 2.995e-06 3.06721e-06 3.01013e-06 4.16558e-06 4.1761e-06 4.16278e-06 4.17501e-06 5.72175e-06 5.71947e-06 5.72211e-06 5.71949e-06 7.52435e-06 7.52484e-06 7.52429e-06 7.52485e-06 9.38622e-06 9.38612e-06 9.38623e-06 9.38611e-06 1.11146e-05 1.11146e-05 1.11146e-05 1.11146e-05 1.25593e-05 1.25593e-05 1.25593e-05 1.25593e-05 1.36265e-05 1.36265e-05 1.36265e-05 1.36265e-05 1.42737e-05 1.42737e-05 1.42737e-05 1.42737e-05 1.44897e-05 1.44897e-05 1.44897e-05 1.44897e-05
0.17 2.39699e-06 2.59379e-06 2.20154e-06 2.44298e-06 2.97703e-06 2.93428e-06 2.99892e-06 2.94726e-06 4.02336e-06 4.03264e-06 4.02072e-06 4.03178e-06 5.53427e-06 5.53226e-06 5.53462e-06 5.53226e-06 7.34019e-06 7.34063e-06 7.34014e-06 7.34065e-06 9.25659e-06 9.2565e-06 9.2566e-06 9.25649e-06 1.10817e-05 1.10817e-05 1.10817e-05 1.10817e-05 1.26447e-05 1.26447e-05 1.26447e-05 1.26447e-05 1.38248e-05 1.38248e-05 1.38248e-05 1.38248e-05 1.45527e-05 1.45527e-05 1.45527e-05 1.45527e-05 1.4798e-05 1.4798e-05 1.4798e-05 1.4798e-05
0.171 2.41795e-06 2.58769e-06 2.24189e-06 2.45771e-06 2.90201e-06 2.86508e-06 2.92206e-06 2.87593e-06 3.87004e-06 3.87807e-06 3.86756e-06 3.87743e-06 5.32978e-06 5.32803e-06 5.33012e-06 5.32801e-06 7.13108e-06 7.13146e-06 7.13103e-06 7.13148e-06 9.09375e-06 9.09367e-06 9.09376e-06 9.09367e-06 1.10086e-05 1.10086e-05 1.10086e-05 1.10086e-05 1.26851e-05 1.26851e-05 1.26851e-05 1.26851e-05 1.39754e-05 1.39754e-05 1.39754e-05 1.39754e-05 1.4783e-05 1.4783e-05 1.4783e-05 1.4783e-05 1.50573e-05 1.50573e-05 1.50573e-05 1.50573e-05
0.172 2.42966e-06 2.57252e-06 2.27322e-06 2.46322e-06 2.81973e-06 2.78857e-06 2.83789e-06 2.79733e-06 3.70768e-06 3.71446e-06 3.70537e-06 3.71404e-06 5.111e-06 5.10953e-06 5.11133e-06 5.10948e-06 6.89999e-06 6.90031e-06 6.89993e-06 6.90033e-06 8.90037e-06 8.9003e-06 8.90038e-06 8.90029e-06 1.08972e-05 1.08972e-05 1.08972e-05 1.08972e-05 1.26812e-05 1.26812e-05 1.26812e-05 1.26812e-05 1.40778e-05 1.40778e-05 1.40778e-05 1.40778e-05 1.49632e-05 1.49632e-05 1.49632e-05 1.49632e-05 1.52659e-05 1.52659e-05 1.52659e-05 1.52659e-05
0.173 2.43256e-06 2.54896e-06 2.29585e-06 2.46001e-06 2.73147e-06 2.706e-06 2.74771e-06 2.71271e-06 3.53839e-06 3.54395e-06 3.53627e-06 3.54374e-06 4.88077e-06 4.87955e-06 4.88108e-06 4.87948e-06 6.65002e-06 6.65028e-06 6.64997e-06 6.65031e-06 8.67931e-06 8.67925e-06 8.67931e-06 8.67924e-06 1.07494e-05 1.07495e-05 1.07494e-05 1.07495e-05 1.26339e-05 1.26339e-05 1.26339e-05 1.26339e-05 1.4132e-05 1.4132e-05 1.4132e-05 1.4132e-05 1.50922e-05 1.50922e-05 1.50922e-05 1.50922e-05 1.54225e-05 1.54225e-05 1.54225e-05 1.54225e-05
0.174 2.42719e-06 2.51777e-06 2.31011e-06 2.44866e-06 2.63851e-06 2.6186e-06 2.65282e-06 2.62334e-06 3.3643e-06 3.36867e-06 3.36237e-06 3.36865e-06 4.64194e-06 4.64098e-06 4.64223e-06 4.64089e-06 6.3844e-06 6.38461e-06 6.38435e-06 6.38464e-06 8.43362e-06 8.43357e-06 8.43363e-06 8.43357e-06 1.05678e-05 1.05678e-05 1.05678e-05 1.05678e-05 1.25445e-05 1.25445e-05 1.25445e-05 1.25445e-05 1.41379e-05 1.41379e-05 1.41379e-05 1.41379e-05 1.51694e-05 1.51694e-05 1.51694e-05 1.51694e-05 1.5526e-05 1.5526e-05 1.5526e-05 1.5526e-05
0.175 2.41413e-06 2.47972e-06 2.31645e-06 2.42982e-06 2.54217e-06 2.52764e-06 2.55455e-06 2.53049e-06 3.18755e-06 3.19076e-06 3.18581e-06 3.19093e-06 4.3974e-06 4.39669e-06 4.39767e-06 4.39658e-06 6.10645e-06 6.1066e-06 6.1064e-06 6.10663e-06 8.1665e-06 8.16647e-06 8.16651e-06 8.16646e-06 1.03548e-05 1.03548e-05 1.03548e-05 1.03548e-05 1.24146e-05 1.24146e-05 1.24146e-05 1.24146e-05 1.4096e-05 1.4096e-05 1.4096e-05 1.4096e-05 1.51941e-05 1.51941e-05 1.51941e-05 1.51941e-05 1.55755e-05 1.55755e-05 1.55755e-05 1.55755e-05
0.176 2.39402e-06 2.43567e-06 2.31533e-06 2.40415e-06 2.44374e-06 2.43437e-06 2.45422e-06 2.43543e-06 3.01022e-06 3.01231e-06 3.00867e-06 3.01265e-06 4.15002e-06 4.14955e-06 4.15027e-06 4.14942e-06 5.81947e-06 5.81958e-06 5.81943e-06 5.81961e-06 7.88124e-06 7.88122e-06 7.88125e-06 7.88121e-06 1.01131e-05 1.01131e-05 1.01131e-05 1.01131e-05 1.22457e-05 1.22457e-05 1.22457e-05 1.22457e-05 1.40068e-05 1.40068e-05 1.40068e-05 1.40068e-05 1.51661e-05 1.51661e-05 1.51661e-05 1.51661e-05 1.55704e-05 1.55704e-05 1.55704e-05 1.55704e-05
0.177 2.36755e-06 2.38646e-06 2.30729e-06 2.37239e-06 2.34451e-06 2.34005e-06 2.35311e-06 2.33942e-06 2.83434e-06 2.83539e-06 2.833e-06 2.83588e-06 3.9026e-06 3.90236e-06 3.90283e-06 3.90223e-06 5.5268e-06 5.52685e-06 5.52676e-06 5.52689e-06 7.58118e-06 7.58117e-06 7.58119e-06 7.58116e-06 9.84551e-06 9.84552e-06 9.84551e-06 9.84552e-06 1.20397e-05 1.20397e-05 1.20397e-05 1.20397e-05 1.38711e-05 1.38711e-05 1.38711e-05 1.38711e-05 1.50853e-05 1.50853e-05 1.50853e-05 1.50853e-05 1.55103e-05 1.55103e-05 1.55103e-05 1.55103e-05
0.178 2.33544e-06 2.33299e-06 2.29291e-06 2.3353e-06 2.24574e-06 2.24588e-06 2.25251e-06 2.2437e-06 2.66191e-06 2.66195e-06 2.66075e-06 2.66259e-06 3.6579e-06 3.65787e-06 3.6581e-06 3.65772e-06 5.23169e-06 5.2317e-06 5.23165e-06 5.23173e-06 7.26966e-06 7.26966e-06 7.26967e-06 7.26965e-06 9.55496e-06 9.55496e-06 9.55496e-06 9.55496e-06 1.17988e-05 1.17988e-05 1.17988e-05 1.17988e-05 1.36899e-05 1.36899e-05 1.36899e-05 1.36899e-05 1.4952e-05 1.4952e-05 1.4952e-05 1.4952e-05 1.53952e-05 1.53952e-05 1.53952e-05 1.53952e-05
0.179 2.29843e-06 2.27615e-06 2.2728e-06 2.29367e-06 2.14862e-06 2.15304e-06 2.15363e-06 2.14944e-06 2.49478e-06 2.4939e-06 2.49382e-06 2.49466e-06 3.41851e-06 3.41868e-06 3.41869e-06 3.41852e-06 4.93731e-06 4.93728e-06 4.93727e-06 4.93731e-06 6.95e-06 6.95e-06 6.95e-06 6.95e-06 9.24439e-06 9.24438e-06 9.24438e-06 9.24439e-06 1.1525e-05 1.1525e-05 1.1525e-05 1.1525e-05 1.34645e-05 1.34645e-05 1.34645e-05 1.34645e-05 1.47667e-05 1.47667e-05 1.47667e-05 1.47667e-05 1.52253e-05 1.52253e-05 1.52253e-05 1.52253e-05
0.18 2.2573e-06 2.21686e-06 2.24762e-06 2.24829e-06 2.05433e-06 2.06268e-06 2.05766e-06 2.0578e-06 2.33474e-06 2.33301e-06 2.33396e-06 2.33388e-06 3.18692e-06 3.18728e-06 3.18708e-06 3.18711e-06 4.6467e-06 4.64663e-06 4.64667e-06 4.64666e-06 6.62543e-06 6.62544e-06 6.62544e-06 6.62544e-06 8.91675e-06 8.91675e-06 8.91675e-06 8.91675e-06 1.12206e-05 1.12206e-05 1.12206e-05 1.12206e-05 1.31963e-05 1.31963e-05 1.31963e-05 1.31963e-05 1.453e-05 1.453e-05 1.453e-05 1.453e-05 1.5001e-05 1.5001e-05 1.5001e-05 1.5001e-05
0.181 2.21285e-06 2.15601e-06 2.21804e-06 2.19999e-06 1.96398e-06 1.97587e-06 1.96571e-06 1.96986e-06 2.18342e-06 2.18093e-06 2.18283e-06 2.18188e-06 2.96545e-06 2.96597e-06 2.96559e-06 2.9658e-06 4.36274e-06 4.36263e-06 4.36271e-06 4.36266e-06 6.29907e-06 6.2991e-06 6.29908e-06 6.29909e-06 8.57499e-06 8.57499e-06 8.57499e-06 8.57499e-06 1.08881e-05 1.08881e-05 1.08881e-05 1.08881e-05 1.28869e-05 1.28869e-05 1.28869e-05 1.28869e-05 1.4243e-05 1.4243e-05 1.4243e-05 1.4243e-05 1.47232e-05 1.47232e-05 1.47232e-05 1.47232e-05
0.182 2.16587e-06 2.09451e-06 2.18476e-06 2.14959e-06 1.87859e-06 1.89364e-06 1.87883e-06 1.88665e-06 2.04234e-06 2.03917e-06 2.04192e-06 2.04019e-06 2.75622e-06 2.75689e-06 2.75633e-06 2.75672e-06 4.0881e-06 4.08796e-06 4.08807e-06 4.08799e-06 5.9739e-06 5.97393e-06 5.97391e-06 5.97392e-06 8.22198e-06 8.22197e-06 8.22197e-06 8.22197e-06 1.05298e-05 1.05298e-05 1.05298e-05 1.05298e-05 1.25382e-05 1.25382e-05 1.25382e-05 1.25382e-05 1.3907e-05 1.3907e-05 1.3907e-05 1.3907e-05 1.43927e-05 1.43927e-05 1.43927e-05 1.43927e-05
0.183 2.11716e-06 2.03323e-06 2.1485e-06 2.09792e-06 1.79914e-06 1.81692e-06 1.798e-06 1.80911e-06 1.91286e-06 1.90909e-06 1.9126e-06 1.91017e-06 2.56114e-06 2.56193e-06 2.56123e-06 2.56176e-06 3.82523e-06 3.82506e-06 3.82521e-06 3.82509e-06 5.65268e-06 5.65272e-06 5.65269e-06 5.65271e-06 7.86047e-06 7.86046e-06 7.86047e-06 7.86046e-06 1.01481e-05 1.01481e-05 1.01481e-05 1.01481e-05 1.21519e-05 1.21519e-05 1.21519e-05 1.21519e-05 1.35233e-05 1.35233e-05 1.35233e-05 1.35233e-05 1.40109e-05 1.40109e-05 1.40109e-05 1.40109e-05
0.184 2.06753e-06 1.97303e-06 2.10997e-06 2.04577e-06 1.72651e-06 1.74658e-06 1.7241e-06 1.73813e-06 1.79616e-06 1.7919e-06 1.79607e-06 1.79301e-06 2.3819e-06 2.3828e-06 2.38197e-06 2.38263e-06 3.57633e-06 3.57614e-06 3.57631e-06 3.57617e-06 5.33798e-06 5.33802e-06 5.33798e-06 5.33802e-06 7.49311e-06 7.49311e-06 7.49311e-06 7.49311e-06 9.7455e-06 9.74551e-06 9.7455e-06 9.74551e-06 1.17303e-05 1.17303e-05 1.17303e-05 1.17303e-05 1.30938e-05 1.30938e-05 1.30938e-05 1.30938e-05 1.35795e-05 1.35795e-05 1.35795e-05 1.35795e-05
0.185 2.01775e-06 1.91473e-06 2.06991e-06 1.99395e-06 1.66148e-06 1.68342e-06 1.65795e-06 1.67448e-06 1.69329e-06 1.68862e-06 1.69334e-06 1.68975e-06 2.21994e-06 2.22094e-06 2.21999e-06 2.22077e-06 3.34333e-06 3.34312e-06 3.34331e-06 3.34314e-06 5.0321e-06 5.03215e-06 5.03211e-06 5.03214e-06 7.1224e-06 7.12239e-06 7.1224e-06 7.1224e-06 9.32445e-06 9.32445e-06 9.32445e-06 9.32445e-06 1.12755e-05 1.12755e-05 1.12755e-05 1.12755e-05 1.26204e-05 1.26204e-05 1.26204e-05 1.26204e-05 1.31003e-05 1.31003e-05 1.31003e-05 1.31003e-05
0.186 1.96858e-06 1.85913e-06 2.02902e-06 1.94322e-06 1.60478e-06 1.62812e-06 1.60024e-06 1.61886e-06 1.6051e-06 1.60011e-06 1.60528e-06 1.60124e-06 2.07647e-06 2.07753e-06 2.0765e-06 2.07738e-06 3.12785e-06 3.12762e-06 3.12784e-06 3.12765e-06 4.73709e-06 4.73714e-06 4.7371e-06 4.73714e-06 6.75064e-06 6.75063e-06 6.75064e-06 6.75063e-06 8.8873e-06 8.88731e-06 8.8873e-06 8.88731e-06 1.07898e-05 1.07898e-05 1.07898e-05 1.07898e-05 1.21053e-05 1.21053e-05 1.21053e-05 1.21053e-05 1.25755e-05 1.25755e-05 1.25755e-05 1.25755e-05
0.187 1.92079e-06 1.80696e-06 1.98802e-06 1.89434e-06 1.557e-06 1.58131e-06 1.5516e-06 1.57189e-06 1.53225e-06 1.52705e-06 1.53255e-06 1.52816e-06 1.95241e-06 1.95352e-06 1.95242e-06 1.95337e-06 2.93122e-06 2.93099e-06 2.93121e-06 2.93101e-06 4.4547e-06 4.45476e-06 4.45471e-06 4.45475e-06 6.37994e-06 6.37993e-06 6.37994e-06 6.37993e-06 8.43639e-06 8.43639e-06 8.43639e-06 8.43639e-06 1.02756e-05 1.02756e-05 1.02756e-05 1.02756e-05 1.1551e-05 1.1551e-05 1.1551e-05 1.1551e-05 1.20074e-05 1.20074e-05 1.20074e-05 1.20074e-05
0.188 1.87507e-06 1.75893e-06 1.9476e-06 1.84802e-06 1.51865e-06 1.54349e-06 1.51255e-06 1.53408e-06 1.47524e-06 1.46993e-06 1.47566e-06 1.471e-06 1.84842e-06 1.84956e-06 1.84842e-06 1.84942e-06 2.75446e-06 2.75422e-06 2.75445e-06 2.75424e-06 4.18638e-06 4.18644e-06 4.18639e-06 4.18643e-06 6.01217e-06 6.01216e-06 6.01217e-06 6.01216e-06 7.97395e-06 7.97395e-06 7.97395e-06 7.97395e-06 9.73545e-06 9.73545e-06 9.73545e-06 9.73545e-06 1.096e-05 1.096e-05 1.096e-05 1.096e-05 1.13987e-05 1.13987e-05 1.13987e-05 1.13987e-05
0.189 1.8321e-06 1.7157e-06 1.90842e-06 1.80492e-06 1.49016e-06 1.51509e-06 1.48349e-06 1.50584e-06 1.43439e-06 1.42905e-06 1.43489e-06 1.43007e-06 1.76492e-06 1.76606e-06 1.76489e-06 1.76593e-06 2.59825e-06 2.598e-06 2.59824e-06 2.59802e-06 3.93327e-06 3.93332e-06 3.93327e-06 3.93332e-06 5.64901e-06 5.649e-06 5.64901e-06 5.649e-06 7.50214e-06 7.50215e-06 7.50214e-06 7.50215e-06 9.17189e-06 9.17189e-06 9.17189e-06 9.17189e-06 1.03352e-05 1.03352e-05 1.03352e-05 1.03352e-05 1.07524e-05 1.07524e-05 1.07524e-05 1.07524e-05
0.19 1.79254e-06 1.67785e-06 1.87114e-06 1.76568e-06 1.47183e-06 1.49642e-06 1.46474e-06 1.48748e-06 1.40981e-06 1.40453e-06 1.41039e-06 1.40549e-06 1.70201e-06 1.70314e-06 1.70197e-06 1.70303e-06 2.46295e-06 2.46271e-06 2.46295e-06 2.46272e-06 3.69618e-06 3.69623e-06 3.69618e-06 3.69623e-06 5.29187e-06 5.29186e-06 5.29187e-06 5.29186e-06 7.02303e-06 7.02304e-06 7.02303e-06 7.02304e-06 8.58754e-06 8.58754e-06 8.58754e-06 8.58754e-06 9.67953e-06 9.67953e-06 9.67953e-06 9.67953e-06 1.00716e-05 1.00716e-05 1.00716e-05 1.00716e-05
0.191 1.75698e-06 1.64593e-06 1.83637e-06 1.73089e-06 1.46387e-06 1.4877e-06 1.4565e-06 1.47922e-06 1.40144e-06 1.39633e-06 1.4021e-06 1.3972e-06 1.65958e-06 1.66068e-06 1.65953e-06 1.66058e-06 2.34862e-06 2.34839e-06 2.34862e-06 2.3484e-06 3.47562e-06 3.47567e-06 3.47562e-06 3.47567e-06 4.94193e-06 4.94192e-06 4.94193e-06 4.94192e-06 6.53856e-06 6.53856e-06 6.53856e-06 6.53856e-06 7.98505e-06 7.98505e-06 7.98505e-06 7.98505e-06 8.99622e-06 8.99622e-06 8.99622e-06 8.99622e-06 9.35949e-06 9.35949e-06 9.35949e-06 9.35949e-06
0.192 1.72596e-06 1.6204e-06 1.80469e-06 1.70107e-06 1.46638e-06 1.48906e-06 1.45888e-06 1.48118e-06 1.40907e-06 1.40419e-06 1.40977e-06 1.40498e-06 1.63723e-06 1.63827e-06 1.63716e-06 1.6382e-06 2.255e-06 2.25477e-06 2.255e-06 2.25478e-06 3.27178e-06 3.27183e-06 3.27178e-06 3.27183e-06 4.60011e-06 4.6001e-06 4.60011e-06 4.6001e-06 6.05056e-06 6.05056e-06 6.05056e-06 6.05056e-06 7.36711e-06 7.36711e-06 7.36711e-06 7.36711e-06 8.28854e-06 8.28854e-06 8.28854e-06 8.28854e-06 8.61976e-06 8.61976e-06 8.61976e-06 8.61976e-06
0.193 1.69998e-06 1.60168e-06 1.77663e-06 1.67671e-06 1.47936e-06 1.50052e-06 1.47189e-06 1.49336e-06 1.43228e-06 1.42772e-06 1.43301e-06 1.4284e-06 1.63431e-06 1.63529e-06 1.63424e-06 1.63523e-06 2.18151e-06 2.1813e-06 2.18151e-06 2.1813e-06 3.08455e-06 3.08459e-06 3.08455e-06 3.08459e-06 4.26711e-06 4.2671e-06 4.26711e-06 4.2671e-06 5.56072e-06 5.56073e-06 5.56072e-06 5.56073e-06 6.73642e-06 6.73641e-06 6.73642e-06 6.73641e-06 7.55993e-06 7.55993e-06 7.55993e-06 7.55993e-06 7.85607e-06 7.85607e-06 7.85607e-06 7.85607e-06
0.194 1.6795e-06 1.5901e-06 1.75269e-06 1.65822e-06 1.50273e-06 1.52199e-06 1.49541e-06 1.51568e-06 1.47049e-06 1.46634e-06 1.47125e-06 1.4669e-06 1.64996e-06 1.65085e-06 1.64987e-06 1.65081e-06 2.1273e-06 2.12711e-06 2.12731e-06 2.12711e-06 2.91352e-06 2.91356e-06 2.91352e-06 2.91356e-06 3.94339e-06 3.94338e-06 3.94339e-06 3.94338e-06 5.07064e-06 5.07065e-06 5.07064e-06 5.07065e-06 6.09568e-06 6.09568e-06 6.09568e-06 6.09568e-06 6.81393e-06 6.81393e-06 6.81393e-06 6.81393e-06 7.07226e-06 7.07226e-06 7.07226e-06 7.07226e-06
0.195 1.66489e-06 1.58594e-06 1.73332e-06 1.64597e-06 1.53626e-06 1.5533e-06 1.52924e-06 1.54795e-06 1.52298e-06 1.5193e-06 1.52374e-06 1.51973e-06 1.68306e-06 1.68385e-06 1.68297e-06 1.68383e-06 2.09126e-06 2.09109e-06 2.09128e-06 2.09109e-06 2.75802e-06 2.75806e-06 2.75802e-06 2.75806e-06 3.62919e-06 3.62918e-06 3.62919e-06 3.62918e-06 4.58177e-06 4.58178e-06 4.58177e-06 4.58178e-06 5.4476e-06 5.4476e-06 5.4476e-06 5.4476e-06 6.05416e-06 6.05416e-06 6.05416e-06 6.05416e-06 6.2723e-06 6.2723e-06 6.2723e-06 6.2723e-06
0.196 1.65648e-06 1.5894e-06 1.71891e-06 1.64025e-06 1.57967e-06 1.59418e-06 1.57308e-06 1.58989e-06 1.58886e-06 1.58572e-06 1.58961e-06 1.58601e-06 1.7323e-06 1.73298e-06 1.73221e-06 1.73298e-06 2.07202e-06 2.07187e-06 2.07203e-06 2.07187e-06 2.61713e-06 2.61717e-06 2.61713e-06 2.61717e-06 3.32453e-06 3.32452e-06 3.32453e-06 3.32452e-06 4.09545e-06 4.09545e-06 4.09545e-06 4.09545e-06 4.79486e-06 4.79486e-06 4.79486e-06 4.79486e-06 5.28431e-06 5.28431e-06 5.28431e-06 5.28431e-06 5.46025e-06 5.46025e-06 5.46025e-06 5.46025e-06
0.197 1.65453e-06 1.60059e-06 1.70981e-06 1.64129e-06 1.63256e-06 1.64426e-06 1.62651e-06 1.64112e-06 1.6671e-06 1.66456e-06 1.66783e-06 1.66471e-06 1.79619e-06 1.79674e-06 1.79609e-06 1.79676e-06 2.06797e-06 2.06785e-06 2.06798e-06 2.06784e-06 2.4897e-06 2.48972e-06 2.48969e-06 2.48972e-06 3.02926e-06 3.02925e-06 3.02926e-06 3.02925e-06 3.6129e-06 3.6129e-06 3.6129e-06 3.6129e-06 4.14009e-06 4.14009e-06 4.14009e-06 4.14009e-06 4.50809e-06 4.50809e-06 4.50809e-06 4.50809e-06 4.64021e-06 4.64021e-06 4.64021e-06 4.64021e-06
0.198 1.65924e-06 1.61958e-06 1.7063e-06 1.64925e-06 1.69443e-06 1.70308e-06 1.68904e-06 1.70116e-06 1.75655e-06 1.75466e-06 1.75724e-06 1.75466e-06 1.87305e-06 1.87346e-06 1.87295e-06 1.87349e-06 2.07732e-06 2.07723e-06 2.07734e-06 2.07722e-06 2.37435e-06 2.37437e-06 2.37435e-06 2.37438e-06 2.74304e-06 2.74304e-06 2.74304e-06 2.74304e-06 3.13522e-06 3.13522e-06 3.13522e-06 3.13522e-06 3.4859e-06 3.4859e-06 3.4859e-06 3.4859e-06 3.72923e-06 3.72923e-06 3.72923e-06 3.72923e-06 3.81635e-06 3.81635e-06 3.81635e-06 3.81635e-06
0.199 1.67073e-06 1.64632e-06 1.70861e-06 1.66423e-06 1.76469e-06 1.77008e-06 1.76007e-06 1.76945e-06 1.85591e-06 1.85473e-06 1.85656e-06 1.85457e-06 1.96104e-06 1.9613e-06 1.96094e-06 1.96136e-06 2.09811e-06 2.09805e-06 2.09812e-06 2.09803e-06 2.26958e-06 2.26959e-06 2.26958e-06 2.2696e-06 2.46542e-06 2.46541e-06 2.46542e-06 2.46541e-06 2.66342e-06 2.66342e-06 2.66342e-06 2.66342e-06 2.83483e-06 2.83483e-06 2.83483e-06 2.83483e-06 2.95145e-06 2.95145e-06 2.95145e-06 2.95145e-06 2.99281e-06 2.99281e-06 2.99281e-06 2.99281e-06
0.2 1.68907e-06 1.68072e-06 1.71691e-06 1.68625e-06 1.84267e-06 1.84463e-06 1.83892e-06 1.84533e-06 1.96381e-06 1.96336e-06 1.96439e-06 1.96305e-06 2.05821e-06 2.05831e-06 2.05811e-06 2.05839e-06 2.12821e-06 2.12819e-06 2.12823e-06 2.12817e-06 2.17371e-06 2.17372e-06 2.17371e-06 2.17372e-06 2.19577e-06 2.19577e-06 2.19577e-06 2.19577e-06 2.1984e-06 2.1984e-06 2.1984e-06 2.1984e-06 2.18938e-06 2.18938e-06 2.18938e-06 2.18938e-06 2.17843e-06 2.17843e-06 2.17843e-06 2.17843e-06 2.17371e-06 2.17371e-06 2.17371e-06 2.17371e-06
0.201 1.71424e-06 1.72259e-06 1.7313e-06 1.71525e-06 1.92761e-06 1.92599e-06 1.92482e-06 1.92806e-06 2.07874e-06 2.07905e-06 2.07925e-06 2.07859e-06 2.16249e-06 2.16243e-06 2.16239e-06 2.16253e-06 2.16542e-06 2.16544e-06 2.16544e-06 2.16542e-06 2.08497e-06 2.08496e-06 2.08496e-06 2.08497e-06 1.9334e-06 1.9334e-06 1.9334e-06 1.9334e-06 1.74098e-06 1.74098e-06 1.74098e-06 1.74098e-06 1.55194e-06 1.55194e-06 1.55194e-06 1.55194e-06 1.41377e-06 1.41377e-06 1.41377e-06 1.41377e-06 1.36312e-06 1.36312e-06 1.36312e-06 1.36312e-06
0.202 1.74616e-06 1.77167e-06 1.75181e-06 1.75111e-06 2.01867e-06 2.01337e-06 2.0169e-06 2.01683e-06 2.19913e-06 2.20023e-06 2.19955e-06 2.19961e-06 2.27173e-06 2.2715e-06 2.27164e-06 2.27161e-06 2.20743e-06 2.20748e-06 2.20745e-06 2.20746e-06 2.00149e-06 2.00148e-06 2.00149e-06 2.00148e-06 1.67754e-06 1.67754e-06 1.67754e-06 1.67754e-06 1.29191e-06 1.29191e-06 1.29191e-06 1.29191e-06 9.24834e-07 9.24834e-07 9.24834e-07 9.24834e-07 6.60997e-07 6.60997e-07 6.60997e-07 6.60997e-07 5.64997e-07 5.64997e-07 5.64997e-07 5.64997e-07
0.203 1.78467e-06 1.82763e-06 1.77842e-06 1.79364e-06 2.11493e-06 2.10589e-06 2.11425e-06 2.11074e-06 2.32332e-06 2.32523e-06 2.32366e-06 2.32446e-06 2.38371e-06 2.38331e-06 2.38362e-06 2.38344e-06 2.25188e-06 2.25197e-06 2.2519e-06 2.25194e-06 1.92139e-06 1.92137e-06 1.92138e-06 1.92137e-06 1.42735e-06 1.42736e-06 1.42735e-06 1.42736e-06 8.51854e-07 8.51853e-07 8.51854e-07 8.51854e-07 3.10299e-07 3.103e-07 3.103e-07 3.103e-07 -7.64883e-08 -7.64883e-08 -7.64883e-08 -7.64883e-08 -2.16821e-07 -2.16821e-07 -2.16821e-07 -2.16821e-07
0.204 1.82955e-06 1.89004e-06 1.81102e-06 1.84256e-06 2.21539e-06 2.20259e-06 2.21586e-06 2.20883e-06 2.44961e-06 2.45233e-06 2.44985e-06 2.45141e-06 2.49617e-06 2.4956e-06 2.49609e-06 2.49575e-06 2.2964e-06 2.29652e-06 2.29642e-06 2.29649e-06 1.84275e-06 1.84272e-06 1.84274e-06 1.84272e-06 1.18199e-06 1.182e-06 1.182e-06 1.182e-06 4.21426e-07 4.21425e-07 4.21426e-07 4.21425e-07 -2.89545e-07 -2.89545e-07 -2.89545e-07 -2.89545e-07 -7.95426e-07 -7.95426e-07 -7.95426e-07 -7.95426e-07 -9.7865e-07 -9.7865e-07 -9.7865e-07 -9.7865e-07
0.205 1.8805e-06 1.95842e-06 1.84946e-06 1.89753e-06 2.319e-06 2.30246e-06 2.32065e-06 2.31006e-06 2.57625e-06 2.57977e-06 2.57638e-06 2.57871e-06 2.60685e-06 2.6061e-06 2.60678e-06 2.60627e-06 2.33863e-06 2.33878e-06 2.33864e-06 2.33876e-06 1.76368e-06 1.76365e-06 1.76368e-06 1.76365e-06 9.4061e-07 9.40617e-07 9.40611e-07 9.40616e-07 1.1875e-09 1.18596e-09 1.18732e-09 1.18615e-09 -8.72687e-07 -8.72687e-07 -8.72687e-07 -8.72687e-07 -1.49272e-06 -1.49272e-06 -1.49272e-06 -1.49272e-06 -1.71699e-06 -1.71699e-06 -1.71699e-06 -1.71699e-06
0.206 1.93715e-06 2.03219e-06 1.8935e-06 1.95813e-06 2.42465e-06 2.40442e-06 2.42751e-06 2.41335e-06 2.70145e-06 2.70575e-06 2.70146e-06 2.70456e-06 2.71349e-06 2.71257e-06 2.71343e-06 2.71275e-06 2.37625e-06 2.37644e-06 2.37626e-06 2.37641e-06 1.68235e-06 1.68231e-06 1.68235e-06 1.68232e-06 7.02371e-07 7.02379e-07 7.02371e-07 7.02378e-07 -4.0834e-07 -4.08342e-07 -4.0834e-07 -4.08341e-07 -1.43724e-06 -1.43724e-06 -1.43724e-06 -1.43724e-06 -2.16546e-06 -2.16546e-06 -2.16546e-06 -2.16546e-06 -2.42856e-06 -2.42856e-06 -2.42856e-06 -2.42856e-06
0.207 1.99905e-06 2.11073e-06 1.94284e-06 2.02388e-06 2.53117e-06 2.50737e-06 2.53525e-06 2.51756e-06 2.82341e-06 2.82848e-06 2.82331e-06 2.82716e-06 2.81386e-06 2.81278e-06 2.81381e-06 2.81297e-06 2.40701e-06 2.40724e-06 2.40703e-06 2.40721e-06 1.59701e-06 1.59696e-06 1.597e-06 1.59696e-06 4.6649e-07 4.66501e-07 4.66491e-07 4.665e-07 -8.06669e-07 -8.06671e-07 -8.06669e-07 -8.06671e-07 -1.98143e-06 -1.98143e-06 -1.98143e-06 -1.98143e-06 -2.81094e-06 -2.81094e-06 -2.81094e-06 -2.81094e-06 -3.11029e-06 -3.11029e-06 -3.11029e-06 -3.11029e-06
0.208 2.06569e-06 2.19332e-06 1.99712e-06 2.09422e-06 2.63735e-06 2.61011e-06 2.64264e-06 2.6215e-06 2.94034e-06 2.94615e-06 2.94012e-06 2.94472e-06 2.9058e-06 2.90456e-06 2.90576e-06 2.90476e-06 2.42878e-06 2.42905e-06 2.4288e-06 2.42902e-06 1.506e-06 1.50594e-06 1.50599e-06 1.50595e-06 2.32246e-07 2.32258e-07 2.32247e-07 2.32257e-07 -1.19334e-06 -1.19334e-06 -1.19334e-06 -1.19334e-06 -2.50365e-06 -2.50364e-06 -2.50365e-06 -2.50364e-06 -3.42668e-06 -3.42668e-06 -3.42668e-06 -3.42668e-06 -3.75941e-06 -3.75941e-06 -3.75941e-06 -3.75941e-06
0.209 2.1365e-06 2.2792e-06 2.05589e-06 2.16854e-06 2.74194e-06 2.71146e-06 2.74844e-06 2.72395e-06 3.05046e-06 3.05697e-06 3.05011e-06 3.05543e-06 2.98721e-06 2.98582e-06 2.98718e-06 2.98603e-06 2.43954e-06 2.43984e-06 2.43956e-06 2.43981e-06 1.4078e-06 1.40774e-06 1.4078e-06 1.40774e-06 -1.00353e-09 -9.89878e-10 -1.00267e-09 -9.90917e-10 -1.56791e-06 -1.56792e-06 -1.56791e-06 -1.56792e-06 -3.00239e-06 -3.00239e-06 -3.00239e-06 -3.00239e-06 -4.01044e-06 -4.01044e-06 -4.01044e-06 -4.01044e-06 -4.37339e-06 -4.37339e-06 -4.37339e-06 -4.37339e-06
0.21 2.21083e-06 2.36752e-06 2.11868e-06 2.24613e-06 2.84368e-06 2.81019e-06 2.85135e-06 2.82368e-06 3.15202e-06 3.15919e-06 3.15156e-06 3.15756e-06 3.05611e-06 3.05457e-06 3.05609e-06 3.05479e-06 2.43742e-06 2.43774e-06 2.43743e-06 2.43771e-06 1.30106e-06 1.30098e-06 1.30105e-06 1.30099e-06 -2.33805e-07 -2.3379e-07 -2.33805e-07 -2.33791e-07 -1.92997e-06 -1.92997e-06 -1.92997e-06 -1.92997e-06 -3.47634e-06 -3.47634e-06 -3.47634e-06 -3.47634e-06 -4.56024e-06 -4.56024e-06 -4.56024e-06 -4.56024e-06 -4.95002e-06 -4.95002e-06 -4.95002e-06 -4.95002e-06
0.211 2.28799e-06 2.45741e-06 2.18491e-06 2.32626e-06 2.94128e-06 2.90504e-06 2.95007e-06 2.91942e-06 3.24334e-06 3.25109e-06 3.24275e-06 3.24939e-06 3.11062e-06 3.10896e-06 3.11062e-06 3.10918e-06 2.42071e-06 2.42107e-06 2.42072e-06 2.42103e-06 1.18457e-06 1.18449e-06 1.18457e-06 1.1845e-06 -4.66598e-07 -4.66582e-07 -4.66598e-07 -4.66583e-07 -2.27909e-06 -2.27909e-06 -2.27909e-06 -2.27909e-06 -3.9243e-06 -3.9243e-06 -3.9243e-06 -3.9243e-06 -5.07435e-06 -5.07435e-06 -5.07435e-06 -5.07435e-06 -5.48738e-06 -5.48738e-06 -5.48738e-06 -5.48738e-06
0.212 2.36721e-06 2.54791e-06 2.25397e-06 2.40813e-06 3.03344e-06 2.99476e-06 3.0433e-06 3.00991e-06 3.32277e-06 3.33105e-06 3.32206e-06 3.32929e-06 3.14903e-06 3.14725e-06 3.14905e-06 3.14748e-06 2.38792e-06 2.3883e-06 2.38793e-06 2.38827e-06 1.05734e-06 1.05726e-06 1.05734e-06 1.05727e-06 -6.99705e-07 -6.99687e-07 -6.99704e-07 -6.99688e-07 -2.61487e-06 -2.61488e-06 -2.61487e-06 -2.61488e-06 -4.34525e-06 -4.34525e-06 -4.34525e-06 -4.34525e-06 -5.55134e-06 -5.55134e-06 -5.55134e-06 -5.55134e-06 -5.98389e-06 -5.98389e-06 -5.98389e-06 -5.98389e-06
0.213 2.44768e-06 2.63805e-06 2.32519e-06 2.49088e-06 3.11889e-06 3.07811e-06 3.12973e-06 3.09388e-06 3.38878e-06 3.39751e-06 3.38796e-06 3.39571e-06 3.16976e-06 3.16789e-06 3.16979e-06 3.16812e-06 2.33776e-06 2.33816e-06 2.33776e-06 2.33813e-06 9.18571e-07 9.18485e-07 9.18568e-07 9.1849e-07 -9.33322e-07 -9.33304e-07 -9.33322e-07 -9.33305e-07 -2.93694e-06 -2.93694e-06 -2.93694e-06 -2.93694e-06 -4.73833e-06 -4.73833e-06 -4.73833e-06 -4.73833e-06 -5.99003e-06 -5.99003e-06 -5.99003e-06 -5.99003e-06 -6.43827e-06 -6.43827e-06 -6.43827e-06 -6.43827e-06
0.214 2.52855e-06 2.72679e-06 2.39785e-06 2.57363e-06 3.19634e-06 3.15386e-06 3.20809e-06 3.17009e-06 3.43991e-06 3.44901e-06 3.43897e-06 3.44719e-06 3.17143e-06 3.16948e-06 3.17148e-06 3.1697e-06 2.26914e-06 2.26956e-06 2.26914e-06 2.26953e-06 7.67661e-07 7.67571e-07 7.67659e-07 7.67576e-07 -1.16752e-06 -1.1675e-06 -1.16752e-06 -1.1675e-06 -3.2449e-06 -3.24491e-06 -3.2449e-06 -3.24491e-06 -5.10283e-06 -5.10283e-06 -5.10283e-06 -5.10283e-06 -6.38956e-06 -6.38956e-06 -6.38956e-06 -6.38956e-06 -6.8496e-06 -6.8496e-06 -6.8496e-06 -6.8496e-06
0.215 2.60892e-06 2.81309e-06 2.47118e-06 2.65543e-06 3.26457e-06 3.22079e-06 3.27713e-06 3.23732e-06 3.47482e-06 3.4842e-06 3.47378e-06 3.48238e-06 3.15283e-06 3.15082e-06 3.1529e-06 3.15104e-06 2.18123e-06 2.18166e-06 2.18123e-06 2.18163e-06 6.04235e-07 6.04143e-07 6.04234e-07 6.04147e-07 -1.40224e-06 -1.40223e-06 -1.40224e-06 -1.40223e-06 -3.53839e-06 -3.5384e-06 -3.53839e-06 -3.5384e-06 -5.43822e-06 -5.43822e-06 -5.43822e-06 -5.43822e-06 -6.74932e-06 -6.74932e-06 -6.74932e-06 -6.74932e-06 -7.21726e-06 -7.21726e-06 -7.21726e-06 -7.21726e-06
0.216 2.68786e-06 2.89587e-06 2.54437e-06 2.73533e-06 3.32238e-06 3.27775e-06 3.33563e-06 3.2944e-06 3.4923e-06 3.50187e-06 3.49116e-06 3.50006e-06 3.11297e-06 3.11092e-06 3.11305e-06 3.11113e-06 2.07342e-06 2.07386e-06 2.07342e-06 2.07383e-06 4.28136e-07 4.28041e-07 4.28134e-07 4.28045e-07 -1.63731e-06 -1.63729e-06 -1.63731e-06 -1.63729e-06 -3.81706e-06 -3.81706e-06 -3.81706e-06 -3.81706e-06 -5.74414e-06 -5.74414e-06 -5.74414e-06 -5.74414e-06 -7.06901e-06 -7.06901e-06 -7.06901e-06 -7.06901e-06 -7.54099e-06 -7.54099e-06 -7.54099e-06 -7.54099e-06
0.217 2.76441e-06 2.97405e-06 2.61659e-06 2.81233e-06 3.36862e-06 3.32362e-06 3.38244e-06 3.34021e-06 3.49127e-06 3.50093e-06 3.49006e-06 3.49917e-06 3.05107e-06 3.04899e-06 3.05116e-06 3.04919e-06 1.94537e-06 1.94581e-06 1.94536e-06 1.94579e-06 2.39419e-07 2.39323e-07 2.39418e-07 2.39327e-07 -1.8724e-06 -1.87238e-06 -1.8724e-06 -1.87238e-06 -4.08055e-06 -4.08055e-06 -4.08055e-06 -4.08055e-06 -6.02037e-06 -6.02037e-06 -6.02037e-06 -6.02037e-06 -7.34859e-06 -7.34859e-06 -7.34859e-06 -7.34859e-06 -7.82081e-06 -7.82081e-06 -7.82081e-06 -7.82081e-06
0.218 2.83759e-06 3.04653e-06 2.68696e-06 2.88543e-06 3.40222e-06 3.35735e-06 3.41647e-06 3.37368e-06 3.47084e-06 3.48047e-06 3.46954e-06 3.47877e-06 2.96655e-06 2.96448e-06 2.96666e-06 2.96467e-06 1.79696e-06 1.7974e-06 1.79695e-06 1.79738e-06 3.83546e-08 3.82591e-08 3.83544e-08 3.82621e-08 -2.1071e-06 -2.10708e-06 -2.1071e-06 -2.10708e-06 -4.32856e-06 -4.32856e-06 -4.32856e-06 -4.32856e-06 -6.26689e-06 -6.26689e-06 -6.26689e-06 -6.26689e-06 -7.5883e-06 -7.5883e-06 -7.5883e-06 -7.5883e-06 -8.05709e-06 -8.05709e-06 -8.05709e-06 -8.05709e-06
0.219 2.90642e-06 3.11224e-06 2.75459e-06 2.95363e-06 3.42219e-06 3.37797e-06 3.43672e-06 3.39385e-06 3.43023e-06 3.43973e-06 3.42887e-06 3.43811e-06 2.8591e-06 2.85706e-06 2.85922e-06 2.85723e-06 1.62835e-06 1.62878e-06 1.62834e-06 1.62876e-06 -1.74581e-07 -1.74675e-07 -1.7458e-07 -1.74673e-07 -2.34088e-06 -2.34086e-06 -2.34088e-06 -2.34086e-06 -4.56079e-06 -4.5608e-06 -4.56079e-06 -4.5608e-06 -6.4838e-06 -6.4838e-06 -6.4838e-06 -6.4838e-06 -7.78864e-06 -7.78864e-06 -7.78864e-06 -7.78864e-06 -8.25048e-06 -8.25048e-06 -8.25048e-06 -8.25048e-06
0.22 2.96992e-06 3.17011e-06 2.81859e-06 3.01592e-06 3.42762e-06 3.38458e-06 3.44229e-06 3.39981e-06 3.36887e-06 3.37812e-06 3.36746e-06 3.37661e-06 2.72862e-06 2.72663e-06 2.72875e-06 2.72678e-06 1.43991e-06 1.44034e-06 1.4399e-06 1.44032e-06 -3.98716e-07 -3.98808e-07 -3.98715e-07 -3.98806e-07 -2.57311e-06 -2.57309e-06 -2.57311e-06 -2.57309e-06 -4.777e-06 -4.777e-06 -4.777e-06 -4.777e-06 -6.67139e-06 -6.67139e-06 -6.67139e-06 -6.67139e-06 -7.95035e-06 -7.95035e-06 -7.95035e-06 -7.95035e-06 -8.4019e-06 -8.4019e-06 -8.4019e-06 -8.4019e-06
0.221 3.0271e-06 3.2191e-06 2.87803e-06 3.07131e-06 3.41772e-06 3.37641e-06 3.43235e-06 3.39077e-06 3.28637e-06 3.29526e-06 3.28493e-06 3.29387e-06 2.57524e-06 2.57333e-06 2.57539e-06 2.57346e-06 1.23227e-06 1.23268e-06 1.23226e-06 1.23267e-06 -6.33197e-07 -6.33285e-07 -6.33195e-07 -6.33284e-07 -2.80308e-06 -2.80306e-06 -2.80308e-06 -2.80306e-06 -4.97694e-06 -4.97695e-06 -4.97694e-06 -4.97695e-06 -6.8301e-06 -6.8301e-06 -6.8301e-06 -6.8301e-06 -8.07442e-06 -8.07442e-06 -8.07442e-06 -8.07442e-06 -8.51256e-06 -8.51256e-06 -8.51256e-06 -8.51256e-06
0.222 3.077e-06 3.25823e-06 2.93202e-06 3.11883e-06 3.3918e-06 3.35278e-06 3.40621e-06 3.36607e-06 3.18253e-06 3.19093e-06 3.18107e-06 3.1897e-06 2.39935e-06 2.39754e-06 2.39951e-06 2.39765e-06 1.00629e-06 1.00668e-06 1.00627e-06 1.00667e-06 -8.76999e-07 -8.77082e-07 -8.76996e-07 -8.77082e-07 -3.03e-06 -3.02998e-06 -3.03e-06 -3.02998e-06 -5.16046e-06 -5.16046e-06 -5.16046e-06 -5.16046e-06 -6.9605e-06 -6.9605e-06 -6.9605e-06 -6.9605e-06 -8.16206e-06 -8.16206e-06 -8.16206e-06 -8.16206e-06 -8.58389e-06 -8.58389e-06 -8.58389e-06 -8.58389e-06
0.223 3.11869e-06 3.28654e-06 2.97968e-06 3.15755e-06 3.34929e-06 3.31312e-06 3.36332e-06 3.32514e-06 3.05735e-06 3.06514e-06 3.05588e-06 3.06408e-06 2.20155e-06 2.19987e-06 2.20172e-06 2.19996e-06 7.63021e-07 7.63383e-07 7.63001e-07 7.63379e-07 -1.12895e-06 -1.12902e-06 -1.12894e-06 -1.12902e-06 -3.25304e-06 -3.25302e-06 -3.25304e-06 -3.25302e-06 -5.32741e-06 -5.32741e-06 -5.32741e-06 -5.32741e-06 -7.06332e-06 -7.06332e-06 -7.06332e-06 -7.06332e-06 -8.21467e-06 -8.21467e-06 -8.21467e-06 -8.21467e-06 -8.61757e-06 -8.61757e-06 -8.61757e-06 -8.61757e-06
0.224 3.15128e-06 3.30317e-06 3.02012e-06 3.18657e-06 3.28978e-06 3.25701e-06 3.30325e-06 3.26756e-06 2.91102e-06 2.91809e-06 2.90956e-06 2.91722e-06 1.98268e-06 1.98116e-06 1.98285e-06 1.98121e-06 5.03747e-07 5.04075e-07 5.03724e-07 5.04076e-07 -1.38773e-06 -1.3878e-06 -1.38773e-06 -1.3878e-06 -3.47132e-06 -3.4713e-06 -3.47132e-06 -3.4713e-06 -5.47773e-06 -5.47773e-06 -5.47773e-06 -5.47773e-06 -7.1394e-06 -7.1394e-06 -7.1394e-06 -7.1394e-06 -8.23384e-06 -8.23384e-06 -8.23384e-06 -8.23384e-06 -8.61547e-06 -8.61547e-06 -8.61547e-06 -8.61547e-06
0.225 3.17392e-06 3.3073e-06 3.05251e-06 3.20505e-06 3.21298e-06 3.18416e-06 3.22569e-06 3.19304e-06 2.74394e-06 2.75017e-06 2.74252e-06 2.74951e-06 1.74379e-06 1.74245e-06 1.74397e-06 1.74247e-06 2.29919e-07 2.30209e-07 2.29894e-07 2.30214e-07 -1.65193e-06 -1.65199e-06 -1.65192e-06 -1.65199e-06 -3.68393e-06 -3.68392e-06 -3.68393e-06 -3.68392e-06 -5.61139e-06 -5.61139e-06 -5.61139e-06 -5.61139e-06 -7.18974e-06 -7.18974e-06 -7.18974e-06 -7.18974e-06 -8.22132e-06 -8.22132e-06 -8.22132e-06 -8.22132e-06 -8.57963e-06 -8.57963e-06 -8.57963e-06 -8.57963e-06
0.226 3.18583e-06 3.29822e-06 3.07606e-06 3.21223e-06 3.11875e-06 3.09441e-06 3.13053e-06 3.10144e-06 2.55672e-06 2.56198e-06 2.55534e-06 2.56156e-06 1.48615e-06 1.48501e-06 1.48633e-06 1.485e-06 -5.68385e-08 -5.65921e-08 -5.68657e-08 -5.65814e-08 -1.92001e-06 -1.92007e-06 -1.92001e-06 -1.92007e-06 -3.88996e-06 -3.88995e-06 -3.88996e-06 -3.88995e-06 -5.72845e-06 -5.72846e-06 -5.72845e-06 -5.72846e-06 -7.21541e-06 -7.21541e-06 -7.21541e-06 -7.21541e-06 -8.17901e-06 -8.17901e-06 -8.17901e-06 -8.17901e-06 -8.51224e-06 -8.51224e-06 -8.51224e-06 -8.51224e-06
0.227 3.18628e-06 3.2753e-06 3.09002e-06 3.20741e-06 3.00712e-06 2.98778e-06 3.01778e-06 2.99277e-06 2.35014e-06 2.35434e-06 2.34883e-06 2.35416e-06 1.21121e-06 1.2103e-06 1.2114e-06 1.21026e-06 -3.54751e-07 -3.54554e-07 -3.5478e-07 -3.54538e-07 -2.1904e-06 -2.19045e-06 -2.1904e-06 -2.19045e-06 -4.0885e-06 -4.08849e-06 -4.08851e-06 -4.08849e-06 -5.82903e-06 -5.82903e-06 -5.82903e-06 -5.82903e-06 -7.21763e-06 -7.21763e-06 -7.21763e-06 -7.21763e-06 -8.10893e-06 -8.10893e-06 -8.10893e-06 -8.10893e-06 -8.41563e-06 -8.41563e-06 -8.41563e-06 -8.41563e-06
0.228 3.17464e-06 3.23801e-06 3.09369e-06 3.18996e-06 2.87825e-06 2.8644e-06 2.88761e-06 2.86718e-06 2.12521e-06 2.12824e-06 2.12399e-06 2.12833e-06 9.20629e-07 9.1997e-07 9.20814e-07 9.19892e-07 -6.61917e-07 -6.61774e-07 -6.61948e-07 -6.61752e-07 -2.46145e-06 -2.46148e-06 -2.46144e-06 -2.46149e-06 -4.27866e-06 -4.27866e-06 -4.27866e-06 -4.27866e-06 -5.91329e-06 -5.9133e-06 -5.91329e-06 -5.9133e-06 -7.19767e-06 -7.19767e-06 -7.19767e-06 -7.19767e-06 -8.01319e-06 -8.01319e-06 -8.01319e-06 -8.01319e-06 -8.29223e-06 -8.29223e-06 -8.29223e-06 -8.29223e-06
0.229 3.15034e-06 3.18595e-06 3.08646e-06 3.15937e-06 2.7325e-06 2.72458e-06 2.74037e-06 2.72501e-06 1.88311e-06 1.88486e-06 1.88198e-06 1.88523e-06 6.16207e-07 6.1582e-07 6.1639e-07 6.15706e-07 -9.7633e-07 -9.76244e-07 -9.76362e-07 -9.76218e-07 -2.73148e-06 -2.7315e-06 -2.73147e-06 -2.7315e-06 -4.45959e-06 -4.45958e-06 -4.45959e-06 -4.45958e-06 -5.98152e-06 -5.98152e-06 -5.98152e-06 -5.98152e-06 -7.15693e-06 -7.15693e-06 -7.15693e-06 -7.15693e-06 -7.894e-06 -7.894e-06 -7.894e-06 -7.894e-06 -8.14452e-06 -8.14452e-06 -8.14452e-06 -8.14452e-06
0.23 3.11293e-06 3.11882e-06 3.06778e-06 3.11521e-06 2.57034e-06 2.56879e-06 2.57657e-06 2.56672e-06 1.62518e-06 1.62557e-06 1.62418e-06 1.62622e-06 2.99905e-07 2.99811e-07 3.00084e-07 2.99659e-07 -1.2959e-06 -1.29587e-06 -1.29593e-06 -1.29584e-06 -2.99881e-06 -2.99881e-06 -2.9988e-06 -2.99882e-06 -4.63046e-06 -4.63046e-06 -4.63046e-06 -4.63046e-06 -6.03402e-06 -6.03402e-06 -6.03402e-06 -6.03402e-06 -7.09683e-06 -7.09683e-06 -7.09683e-06 -7.09683e-06 -7.75359e-06 -7.75359e-06 -7.75359e-06 -7.75359e-06 -7.97506e-06 -7.97506e-06 -7.97506e-06 -7.97506e-06
0.231 3.06204e-06 3.03645e-06 3.03718e-06 3.05717e-06 2.39243e-06 2.39763e-06 2.39685e-06 2.39294e-06 1.35294e-06 1.35188e-06 1.35208e-06 1.35284e-06 -2.61916e-08 -2.59761e-08 -2.6018e-08 -2.61659e-08 -1.61847e-06 -1.61851e-06 -1.6185e-06 -1.61847e-06 -3.26176e-06 -3.26175e-06 -3.26175e-06 -3.26175e-06 -4.79054e-06 -4.79054e-06 -4.79054e-06 -4.79054e-06 -6.0712e-06 -6.0712e-06 -6.0712e-06 -6.0712e-06 -7.01888e-06 -7.01888e-06 -7.01888e-06 -7.01888e-06 -7.59428e-06 -7.59428e-06 -7.59428e-06 -7.59428e-06 -7.78643e-06 -7.78643e-06 -7.78643e-06 -7.78643e-06
0.232 2.99743e-06 2.93881e-06 2.99429e-06 2.98504e-06 2.19958e-06 2.21186e-06 2.20203e-06 2.20445e-06 1.06807e-06 1.06549e-06 1.06736e-06 1.06676e-06 -3.5989e-07 -3.59349e-07 -3.59724e-07 -3.59577e-07 -1.94185e-06 -1.94197e-06 -1.94189e-06 -1.94192e-06 -3.51868e-06 -3.51866e-06 -3.51867e-06 -3.51867e-06 -4.93914e-06 -4.93915e-06 -4.93914e-06 -4.93914e-06 -6.09354e-06 -6.09354e-06 -6.09354e-06 -6.09354e-06 -6.92464e-06 -6.92464e-06 -6.92464e-06 -6.92464e-06 -7.41835e-06 -7.41835e-06 -7.41835e-06 -7.41835e-06 -7.5812e-06 -7.5812e-06 -7.5812e-06 -7.5812e-06
0.233 2.91894e-06 2.826e-06 2.93883e-06 2.89873e-06 1.99274e-06 2.01238e-06 1.99309e-06 2.00217e-06 7.72364e-07 7.68209e-07 7.71833e-07 7.69787e-07 -6.98913e-07 -6.98033e-07 -6.98758e-07 -6.98299e-07 -2.26385e-06 -2.26404e-06 -2.26389e-06 -2.26399e-06 -3.76799e-06 -3.76795e-06 -3.76798e-06 -3.76796e-06 -5.07565e-06 -5.07566e-06 -5.07565e-06 -5.07566e-06 -6.10157e-06 -6.10157e-06 -6.10157e-06 -6.10157e-06 -6.81568e-06 -6.81568e-06 -6.81568e-06 -6.81568e-06 -7.22812e-06 -7.22812e-06 -7.22812e-06 -7.22812e-06 -7.36193e-06 -7.36193e-06 -7.36193e-06 -7.36193e-06
0.234 2.82657e-06 2.69824e-06 2.87061e-06 2.79828e-06 1.77301e-06 1.80024e-06 1.77112e-06 1.78716e-06 4.67747e-07 4.61963e-07 4.67406e-07 4.63856e-07 -1.04092e-06 -1.03969e-06 -1.04078e-06 -1.04e-06 -2.58226e-06 -2.58253e-06 -2.5823e-06 -2.58247e-06 -4.00814e-06 -4.00808e-06 -4.00813e-06 -4.00809e-06 -5.19955e-06 -5.19956e-06 -5.19955e-06 -5.19956e-06 -6.09589e-06 -6.09589e-06 -6.09589e-06 -6.09589e-06 -6.69361e-06 -6.69361e-06 -6.69361e-06 -6.69361e-06 -7.02587e-06 -7.02587e-06 -7.02587e-06 -7.02587e-06 -7.13115e-06 -7.13115e-06 -7.13115e-06 -7.13115e-06
0.235 2.72039e-06 2.55592e-06 2.78956e-06 2.68385e-06 1.5416e-06 1.57659e-06 1.53736e-06 1.56062e-06 1.56237e-07 1.48788e-07 1.56101e-07 1.50995e-07 -1.38354e-06 -1.38196e-06 -1.38342e-06 -1.3823e-06 -2.89493e-06 -2.89527e-06 -2.89497e-06 -2.89521e-06 -4.23768e-06 -4.23761e-06 -4.23767e-06 -4.23762e-06 -5.31041e-06 -5.31042e-06 -5.31041e-06 -5.31042e-06 -6.07717e-06 -6.07717e-06 -6.07717e-06 -6.07717e-06 -6.56003e-06 -6.56003e-06 -6.56003e-06 -6.56003e-06 -6.81384e-06 -6.81384e-06 -6.81384e-06 -6.81384e-06 -6.89132e-06 -6.89132e-06 -6.89132e-06 -6.89132e-06
0.236 2.60064e-06 2.39954e-06 2.69572e-06 2.55571e-06 1.29987e-06 1.34273e-06 1.29318e-06 1.32384e-06 -1.6007e-07 -1.69208e-07 -1.59987e-07 -1.66689e-07 -1.72439e-06 -1.72244e-06 -1.72428e-06 -1.72281e-06 -3.19975e-06 -3.20017e-06 -3.19978e-06 -3.2001e-06 -4.45525e-06 -4.45516e-06 -4.45524e-06 -4.45517e-06 -5.40788e-06 -5.4079e-06 -5.40788e-06 -5.4079e-06 -6.04613e-06 -6.04612e-06 -6.04612e-06 -6.04612e-06 -6.41655e-06 -6.41655e-06 -6.41655e-06 -6.41655e-06 -6.59421e-06 -6.59421e-06 -6.59421e-06 -6.59421e-06 -6.64482e-06 -6.64482e-06 -6.64482e-06 -6.64482e-06
0.237 2.46765e-06 2.22972e-06 2.58922e-06 2.41429e-06 1.04926e-06 1.10002e-06 1.04005e-06 1.07823e-06 -4.7902e-07 -4.89858e-07 -4.78706e-07 -4.87033e-07 -2.06108e-06 -2.05877e-06 -2.06099e-06 -2.05918e-06 -3.49467e-06 -3.49517e-06 -3.49471e-06 -3.4951e-06 -4.65959e-06 -4.65948e-06 -4.65958e-06 -4.65949e-06 -5.49172e-06 -5.49174e-06 -5.49172e-06 -5.49174e-06 -6.00351e-06 -6.00351e-06 -6.00351e-06 -6.00351e-06 -6.26476e-06 -6.26476e-06 -6.26476e-06 -6.26476e-06 -6.3691e-06 -6.3691e-06 -6.3691e-06 -6.3691e-06 -6.39396e-06 -6.39396e-06 -6.39396e-06 -6.39396e-06
0.238 2.32188e-06 2.04725e-06 2.47032e-06 2.2601e-06 7.91309e-07 8.49963e-07 7.79514e-07 8.25306e-07 -7.98427e-07 -8.10961e-07 -7.97872e-07 -8.07838e-07 -2.39128e-06 -2.3886e-06 -2.39121e-06 -2.38904e-06 -3.77776e-06 -3.77833e-06 -3.77779e-06 -3.77826e-06 -4.84955e-06 -4.84943e-06 -4.84954e-06 -4.84944e-06 -5.56178e-06 -5.5618e-06 -5.56178e-06 -5.5618e-06 -5.95014e-06 -5.95013e-06 -5.95014e-06 -5.95013e-06 -6.10622e-06 -6.10622e-06 -6.10622e-06 -6.10622e-06 -6.14055e-06 -6.14055e-06 -6.14055e-06 -6.14055e-06 -6.14092e-06 -6.14092e-06 -6.14092e-06 -6.14092e-06
0.239 2.16391e-06 1.85301e-06 2.33937e-06 2.09379e-06 5.27643e-07 5.94094e-07 5.13222e-07 5.66632e-07 -1.11609e-06 -1.1303e-06 -1.11529e-06 -1.12689e-06 -2.71269e-06 -2.70965e-06 -2.71265e-06 -2.71013e-06 -4.04717e-06 -4.04783e-06 -4.0472e-06 -4.04775e-06 -5.02413e-06 -5.02399e-06 -5.02412e-06 -5.024e-06 -5.61799e-06 -5.61802e-06 -5.61799e-06 -5.61802e-06 -5.88684e-06 -5.88683e-06 -5.88684e-06 -5.88683e-06 -5.94244e-06 -5.94244e-06 -5.94244e-06 -5.94244e-06 -5.91048e-06 -5.91048e-06 -5.91048e-06 -5.91048e-06 -5.88777e-06 -5.88777e-06 -5.88777e-06 -5.88777e-06
0.24 1.99442e-06 1.648e-06 2.19684e-06 1.91613e-06 2.59938e-07 3.3403e-07 2.42873e-07 3.03848e-07 -1.42983e-06 -1.44569e-06 -1.42877e-06 -1.442e-06 -3.02313e-06 -3.01974e-06 -3.02311e-06 -3.02024e-06 -4.30121e-06 -4.30193e-06 -4.30123e-06 -4.30186e-06 -5.18242e-06 -5.18227e-06 -5.18242e-06 -5.18228e-06 -5.6604e-06 -5.66043e-06 -5.6604e-06 -5.66043e-06 -5.81447e-06 -5.81446e-06 -5.81447e-06 -5.81446e-06 -5.77491e-06 -5.77491e-06 -5.77491e-06 -5.77491e-06 -5.68074e-06 -5.68074e-06 -5.68074e-06 -5.68074e-06 -5.63647e-06 -5.63647e-06 -5.63647e-06 -5.63647e-06
0.241 1.81421e-06 1.43334e-06 2.04331e-06 1.72799e-06 -1.00842e-08 7.14257e-08 -2.97903e-08 3.86328e-08 -1.73749e-06 -1.75494e-06 -1.73617e-06 -1.751e-06 -3.32049e-06 -3.31675e-06 -3.32049e-06 -3.31728e-06 -4.53829e-06 -4.53909e-06 -4.53831e-06 -4.53901e-06 -5.32368e-06 -5.32351e-06 -5.32367e-06 -5.32352e-06 -5.68911e-06 -5.68915e-06 -5.68912e-06 -5.68915e-06 -5.73392e-06 -5.73391e-06 -5.73392e-06 -5.73391e-06 -5.60503e-06 -5.60503e-06 -5.60503e-06 -5.60503e-06 -5.45304e-06 -5.45304e-06 -5.45304e-06 -5.45304e-06 -5.38884e-06 -5.38884e-06 -5.38884e-06 -5.38884e-06
0.242 1.62418e-06 1.21022e-06 1.87945e-06 1.53033e-06 -2.80676e-07 -1.92038e-07 -3.03e-07 -2.27308e-07 -2.03698e-06 -2.05596e-06 -2.03539e-06 -2.05179e-06 -3.60279e-06 -3.59873e-06 -3.60282e-06 -3.59927e-06 -4.75699e-06 -4.75787e-06 -4.75702e-06 -4.75779e-06 -5.44728e-06 -5.44709e-06 -5.44727e-06 -5.44711e-06 -5.70435e-06 -5.70439e-06 -5.70435e-06 -5.70439e-06 -5.64606e-06 -5.64605e-06 -5.64606e-06 -5.64605e-06 -5.43415e-06 -5.43415e-06 -5.43415e-06 -5.43415e-06 -5.22897e-06 -5.22897e-06 -5.22897e-06 -5.22897e-06 -5.14653e-06 -5.14653e-06 -5.14653e-06 -5.14653e-06
0.243 1.42533e-06 9.79933e-07 1.70602e-06 1.32421e-06 -5.50084e-07 -4.54672e-07 -5.7498e-07 -4.92263e-07 -2.32627e-06 -2.34672e-06 -2.32442e-06 -2.34233e-06 -3.86821e-06 -3.86383e-06 -3.86827e-06 -3.86439e-06 -4.95608e-06 -4.95702e-06 -4.9561e-06 -4.95694e-06 -5.55274e-06 -5.55254e-06 -5.55274e-06 -5.55256e-06 -5.70638e-06 -5.70642e-06 -5.70638e-06 -5.70642e-06 -5.55177e-06 -5.55177e-06 -5.55177e-06 -5.55177e-06 -5.26353e-06 -5.26354e-06 -5.26353e-06 -5.26354e-06 -5.01e-06 -5.01e-06 -5.01e-06 -5.01e-06 -4.91107e-06 -4.91107e-06 -4.91107e-06 -4.91107e-06
0.244 1.21873e-06 7.43844e-07 1.52387e-06 1.11077e-06 -8.16567e-07 -7.14796e-07 -8.43968e-07 -7.54531e-07 -2.60346e-06 -2.62528e-06 -2.60134e-06 -2.62069e-06 -4.11506e-06 -4.11038e-06 -4.11515e-06 -4.11096e-06 -5.13445e-06 -5.13546e-06 -5.13447e-06 -5.13537e-06 -5.63972e-06 -5.63951e-06 -5.63972e-06 -5.63952e-06 -5.69556e-06 -5.69561e-06 -5.69556e-06 -5.69561e-06 -5.45194e-06 -5.45193e-06 -5.45194e-06 -5.45193e-06 -5.09437e-06 -5.09437e-06 -5.09437e-06 -5.09437e-06 -4.79746e-06 -4.79746e-06 -4.79746e-06 -4.79746e-06 -4.68383e-06 -4.68383e-06 -4.68383e-06 -4.68383e-06
0.245 1.00552e-06 5.03365e-07 1.33394e-06 8.91231e-07 -1.07842e-06 -9.70757e-07 -1.10823e-06 -1.01244e-06 -2.86674e-06 -2.88983e-06 -2.86436e-06 -2.88508e-06 -4.34184e-06 -4.33689e-06 -4.34196e-06 -4.33748e-06 -5.29121e-06 -5.29228e-06 -5.29122e-06 -5.29219e-06 -5.70802e-06 -5.70779e-06 -5.70801e-06 -5.7078e-06 -5.67231e-06 -5.67235e-06 -5.67231e-06 -5.67235e-06 -5.34741e-06 -5.3474e-06 -5.34741e-06 -5.3474e-06 -4.92775e-06 -4.92776e-06 -4.92775e-06 -4.92776e-06 -4.59254e-06 -4.59254e-06 -4.59254e-06 -4.59254e-06 -4.46604e-06 -4.46604e-06 -4.46604e-06 -4.46604e-06
0.246 7.8692e-07 2.59956e-07 1.13724e-06 6.66853e-07 -1.33396e-06 -1.22094e-06 -1.36608e-06 -1.26436e-06 -3.11446e-06 -3.13871e-06 -3.11182e-06 -3.13381e-06 -4.54724e-06 -4.54203e-06 -4.54739e-06 -4.54263e-06 -5.42563e-06 -5.42675e-06 -5.42564e-06 -5.42667e-06 -5.75755e-06 -5.75731e-06 -5.75754e-06 -5.75732e-06 -5.63708e-06 -5.63714e-06 -5.63708e-06 -5.63713e-06 -5.239e-06 -5.23899e-06 -5.239e-06 -5.23899e-06 -4.76468e-06 -4.76469e-06 -4.76468e-06 -4.76469e-06 -4.3963e-06 -4.39629e-06 -4.3963e-06 -4.39629e-06 -4.25875e-06 -4.25875e-06 -4.25875e-06 -4.25875e-06
0.247 5.64188e-07 1.51051e-08 9.34823e-07 4.38952e-07 -1.58162e-06 -1.46381e-06 -1.61591e-06 -1.50873e-06 -3.3451e-06 -3.37038e-06 -3.34221e-06 -3.36538e-06 -4.73013e-06 -4.7247e-06 -4.73031e-06 -4.72531e-06 -5.53718e-06 -5.53834e-06 -5.53718e-06 -5.53826e-06 -5.78836e-06 -5.78811e-06 -5.78836e-06 -5.78813e-06 -5.59041e-06 -5.59047e-06 -5.59042e-06 -5.59047e-06 -5.12752e-06 -5.12751e-06 -5.12752e-06 -5.12751e-06 -4.60606e-06 -4.60606e-06 -4.60606e-06 -4.60606e-06 -4.20965e-06 -4.20964e-06 -4.20965e-06 -4.20964e-06 -4.06287e-06 -4.06287e-06 -4.06287e-06 -4.06287e-06
0.248 3.38625e-07 -2.29689e-07 7.27814e-07 2.08874e-07 -1.81985e-06 -1.69788e-06 -1.85617e-06 -1.74405e-06 -3.55733e-06 -3.58351e-06 -3.5542e-06 -3.57842e-06 -4.8896e-06 -4.88398e-06 -4.88981e-06 -4.88458e-06 -5.62549e-06 -5.6267e-06 -5.62549e-06 -5.62662e-06 -5.80065e-06 -5.80039e-06 -5.80065e-06 -5.8004e-06 -5.53286e-06 -5.53291e-06 -5.53286e-06 -5.53291e-06 -5.01371e-06 -5.0137e-06 -5.01371e-06 -5.0137e-06 -4.45268e-06 -4.45269e-06 -4.45268e-06 -4.45269e-06 -4.03336e-06 -4.03336e-06 -4.03336e-06 -4.03336e-06 -3.87915e-06 -3.87915e-06 -3.87915e-06 -3.87915e-06
0.249 1.11552e-07 -4.72928e-07 5.1737e-07 -2.20175e-08 -2.04726e-06 -1.92177e-06 -2.08543e-06 -1.96895e-06 -3.74996e-06 -3.77691e-06 -3.74661e-06 -3.77176e-06 -5.02495e-06 -5.01916e-06 -5.02519e-06 -5.01976e-06 -5.6904e-06 -5.69165e-06 -5.6904e-06 -5.69157e-06 -5.7947e-06 -5.79443e-06 -5.7947e-06 -5.79444e-06 -5.465e-06 -5.46506e-06 -5.46501e-06 -5.46506e-06 -4.89829e-06 -4.89828e-06 -4.89829e-06 -4.89828e-06 -4.30525e-06 -4.30525e-06 -4.30525e-06 -4.30525e-06 -3.86808e-06 -3.86808e-06 -3.86808e-06 -3.86808e-06 -3.70821e-06 -3.70821e-06 -3.70821e-06 -3.70821e-06
0.25 -1.15694e-07 -7.13132e-07 3.04677e-07 -2.52352e-07 -2.26252e-06 -2.13421e-06 -2.30237e-06 -2.18212e-06 -3.92205e-06 -3.94961e-06 -3.91848e-06 -3.94443e-06 -5.13567e-06 -5.12975e-06 -5.13595e-06 -5.13035e-06 -5.73193e-06 -5.73321e-06 -5.73192e-06 -5.73313e-06 -5.77091e-06 -5.77064e-06 -5.77091e-06 -5.77065e-06 -5.38747e-06 -5.38753e-06 -5.38747e-06 -5.38753e-06 -4.78191e-06 -4.78189e-06 -4.78191e-06 -4.78189e-06 -4.16434e-06 -4.16434e-06 -4.16434e-06 -4.16434e-06 -3.7143e-06 -3.7143e-06 -3.7143e-06 -3.7143e-06 -3.55051e-06 -3.55051e-06 -3.55051e-06 -3.55051e-06
0.251 -3.41781e-07 -9.48854e-07 9.09397e-08 -4.80768e-07 -2.46445e-06 -2.33402e-06 -2.50577e-06 -2.3824e-06 -4.07278e-06 -4.10081e-06 -4.06902e-06 -4.09564e-06 -5.2215e-06 -5.21548e-06 -5.22181e-06 -5.21607e-06 -5.75027e-06 -5.75156e-06 -5.75025e-06 -5.75149e-06 -5.72981e-06 -5.72953e-06 -5.72981e-06 -5.72954e-06 -5.3009e-06 -5.30096e-06 -5.3009e-06 -5.30096e-06 -4.66517e-06 -4.66515e-06 -4.66517e-06 -4.66515e-06 -4.03044e-06 -4.03044e-06 -4.03044e-06 -4.03044e-06 -3.57237e-06 -3.57237e-06 -3.57237e-06 -3.57237e-06 -3.40634e-06 -3.40634e-06 -3.40634e-06 -3.40634e-06
0.252 -5.6539e-07 -1.1787e-06 -1.22632e-07 -7.05929e-07 -2.65199e-06 -2.52018e-06 -2.69457e-06 -2.56876e-06 -4.2016e-06 -4.22993e-06 -4.19766e-06 -4.2248e-06 -5.28238e-06 -5.27629e-06 -5.28271e-06 -5.27686e-06 -5.74577e-06 -5.74708e-06 -5.74575e-06 -5.74701e-06 -5.67198e-06 -5.6717e-06 -5.67198e-06 -5.67171e-06 -5.20593e-06 -5.206e-06 -5.20594e-06 -5.20599e-06 -4.54861e-06 -4.5486e-06 -4.54861e-06 -4.5486e-06 -3.90393e-06 -3.90393e-06 -3.90393e-06 -3.90393e-06 -3.44254e-06 -3.44254e-06 -3.44254e-06 -3.44254e-06 -3.2759e-06 -3.2759e-06 -3.2759e-06 -3.2759e-06
0.253 -7.8523e-07 -1.40132e-06 -3.34833e-07 -9.26531e-07 -2.82423e-06 -2.69178e-06 -2.86785e-06 -2.74027e-06 -4.30812e-06 -4.3366e-06 -4.30402e-06 -4.33152e-06 -5.31843e-06 -5.31231e-06 -5.31879e-06 -5.31286e-06 -5.71896e-06 -5.72028e-06 -5.71894e-06 -5.72022e-06 -5.59812e-06 -5.59784e-06 -5.59812e-06 -5.59785e-06 -5.10323e-06 -5.10329e-06 -5.10323e-06 -5.10329e-06 -4.43273e-06 -4.43272e-06 -4.43273e-06 -4.43272e-06 -3.78506e-06 -3.78507e-06 -3.78506e-06 -3.78507e-06 -3.32491e-06 -3.32491e-06 -3.32491e-06 -3.32491e-06 -3.15922e-06 -3.15922e-06 -3.15922e-06 -3.15922e-06
0.254 -1.00005e-06 -1.61545e-06 -5.44478e-07 -1.14132e-06 -2.9804e-06 -2.84805e-06 -3.02483e-06 -2.89619e-06 -4.39215e-06 -4.42062e-06 -4.38791e-06 -4.41564e-06 -5.33001e-06 -5.32389e-06 -5.3304e-06 -5.32442e-06 -5.67053e-06 -5.67184e-06 -5.6705e-06 -5.67178e-06 -5.50901e-06 -5.50873e-06 -5.50901e-06 -5.50873e-06 -4.99344e-06 -4.9935e-06 -4.99344e-06 -4.9935e-06 -4.31793e-06 -4.31792e-06 -4.31793e-06 -4.31792e-06 -3.67402e-06 -3.67402e-06 -3.67402e-06 -3.67402e-06 -3.21944e-06 -3.21944e-06 -3.21944e-06 -3.21944e-06 -3.05621e-06 -3.05621e-06 -3.05621e-06 -3.05621e-06
0.255 -1.20866e-06 -1.81993e-06 -7.50407e-07 -1.3491e-06 -3.1199e-06 -2.98839e-06 -3.1649e-06 -3.0359e-06 -4.45373e-06 -4.48203e-06 -4.44938e-06 -4.47717e-06 -5.31767e-06 -5.31158e-06 -5.31808e-06 -5.31209e-06 -5.60128e-06 -5.60259e-06 -5.60125e-06 -5.60254e-06 -5.40548e-06 -5.40519e-06 -5.40548e-06 -5.4052e-06 -4.87722e-06 -4.87728e-06 -4.87722e-06 -4.87728e-06 -4.20458e-06 -4.20457e-06 -4.20458e-06 -4.20457e-06 -3.57087e-06 -3.57087e-06 -3.57087e-06 -3.57087e-06 -3.12602e-06 -3.12602e-06 -3.12602e-06 -3.12602e-06 -2.96666e-06 -2.96666e-06 -2.96666e-06 -2.96666e-06
0.256 -1.40992e-06 -2.01366e-06 -9.51504e-07 -1.54875e-06 -3.24225e-06 -3.11232e-06 -3.28758e-06 -3.15894e-06 -4.49307e-06 -4.52103e-06 -4.48862e-06 -4.51633e-06 -5.28213e-06 -5.27611e-06 -5.28256e-06 -5.27659e-06 -5.51219e-06 -5.51348e-06 -5.51215e-06 -5.51343e-06 -5.28843e-06 -5.28815e-06 -5.28843e-06 -5.28815e-06 -4.7552e-06 -4.75526e-06 -4.7552e-06 -4.75526e-06 -4.09298e-06 -4.09297e-06 -4.09298e-06 -4.09297e-06 -3.47557e-06 -3.47558e-06 -3.47557e-06 -3.47558e-06 -3.04438e-06 -3.04438e-06 -3.04438e-06 -3.04438e-06 -2.89025e-06 -2.89025e-06 -2.89025e-06 -2.89025e-06
0.257 -1.60276e-06 -2.19566e-06 -1.1467e-06 -1.73922e-06 -3.34717e-06 -3.21952e-06 -3.39258e-06 -3.26501e-06 -4.51057e-06 -4.53805e-06 -4.50605e-06 -4.53351e-06 -5.22428e-06 -5.21837e-06 -5.22473e-06 -5.21882e-06 -5.40432e-06 -5.4056e-06 -5.40428e-06 -5.40555e-06 -5.15882e-06 -5.15855e-06 -5.15883e-06 -5.15855e-06 -4.62803e-06 -4.62809e-06 -4.62803e-06 -4.62809e-06 -3.98335e-06 -3.98334e-06 -3.98335e-06 -3.98334e-06 -3.38802e-06 -3.38802e-06 -3.38802e-06 -3.38802e-06 -2.97417e-06 -2.97417e-06 -2.97417e-06 -2.97417e-06 -2.82653e-06 -2.82653e-06 -2.82653e-06 -2.82653e-06
0.258 -1.78622e-06 -2.36508e-06 -1.33498e-06 -1.91957e-06 -3.43452e-06 -3.30984e-06 -3.47976e-06 -3.35394e-06 -4.50681e-06 -4.53366e-06 -4.50224e-06 -4.52932e-06 -5.1452e-06 -5.13941e-06 -5.14566e-06 -5.13984e-06 -5.27888e-06 -5.28012e-06 -5.27883e-06 -5.28008e-06 -5.01766e-06 -5.01739e-06 -5.01766e-06 -5.01739e-06 -4.49632e-06 -4.49638e-06 -4.49632e-06 -4.49638e-06 -3.87588e-06 -3.87587e-06 -3.87588e-06 -3.87587e-06 -3.30801e-06 -3.30801e-06 -3.30801e-06 -3.30801e-06 -2.91494e-06 -2.91494e-06 -2.91494e-06 -2.91494e-06 -2.77496e-06 -2.77496e-06 -2.77496e-06 -2.77496e-06
0.259 -1.9594e-06 -2.52117e-06 -1.51542e-06 -2.08893e-06 -3.50429e-06 -3.38325e-06 -3.54912e-06 -3.42573e-06 -4.48254e-06 -4.50862e-06 -4.47795e-06 -4.5045e-06 -5.04608e-06 -5.04046e-06 -5.04656e-06 -5.04084e-06 -5.13713e-06 -5.13834e-06 -5.13708e-06 -5.13831e-06 -4.86598e-06 -4.86572e-06 -4.86599e-06 -4.86572e-06 -4.36068e-06 -4.36073e-06 -4.36068e-06 -4.36073e-06 -3.77069e-06 -3.77068e-06 -3.77069e-06 -3.77068e-06 -3.23525e-06 -3.23525e-06 -3.23525e-06 -3.23525e-06 -2.86614e-06 -2.86614e-06 -2.86614e-06 -2.86614e-06 -2.73492e-06 -2.73492e-06 -2.73492e-06 -2.73492e-06
0.26 -2.12152e-06 -2.66332e-06 -1.68713e-06 -2.24656e-06 -3.55665e-06 -3.43986e-06 -3.60084e-06 -3.48053e-06 -4.43866e-06 -4.46383e-06 -4.43408e-06 -4.45995e-06 -4.92826e-06 -4.92283e-06 -4.92875e-06 -4.92318e-06 -4.98045e-06 -4.98162e-06 -4.9804e-06 -4.9816e-06 -4.70486e-06 -4.70461e-06 -4.70487e-06 -4.70461e-06 -4.22168e-06 -4.22174e-06 -4.22168e-06 -4.22174e-06 -3.66784e-06 -3.66783e-06 -3.66784e-06 -3.66783e-06 -3.16938e-06 -3.16938e-06 -3.16938e-06 -3.16938e-06 -2.82714e-06 -2.82714e-06 -2.82714e-06 -2.82714e-06 -2.70566e-06 -2.70566e-06 -2.70566e-06 -2.70566e-06
0.261 -2.27189e-06 -2.79102e-06 -1.84935e-06 -2.39181e-06 -3.59191e-06 -3.47995e-06 -3.63521e-06 -3.5186e-06 -4.37621e-06 -4.40036e-06 -4.37166e-06 -4.39674e-06 -4.79318e-06 -4.78798e-06 -4.79368e-06 -4.78829e-06 -4.81029e-06 -4.81141e-06 -4.81023e-06 -4.81139e-06 -4.53539e-06 -4.53514e-06 -4.53539e-06 -4.53514e-06 -4.0799e-06 -4.07995e-06 -4.0799e-06 -4.07995e-06 -3.56736e-06 -3.56735e-06 -3.56736e-06 -3.56735e-06 -3.10997e-06 -3.10998e-06 -3.10997e-06 -3.10998e-06 -2.79722e-06 -2.79722e-06 -2.79722e-06 -2.79722e-06 -2.68639e-06 -2.68639e-06 -2.68639e-06 -2.68639e-06
0.262 -2.40994e-06 -2.90393e-06 -2.00137e-06 -2.52417e-06 -3.61048e-06 -3.50389e-06 -3.65269e-06 -3.54035e-06 -4.29638e-06 -4.31937e-06 -4.29188e-06 -4.31602e-06 -4.6424e-06 -4.63744e-06 -4.64291e-06 -4.63772e-06 -4.62811e-06 -4.62918e-06 -4.62805e-06 -4.62917e-06 -4.35867e-06 -4.35844e-06 -4.35868e-06 -4.35844e-06 -3.93589e-06 -3.93594e-06 -3.93589e-06 -3.93594e-06 -3.46922e-06 -3.46921e-06 -3.46922e-06 -3.46921e-06 -3.05655e-06 -3.05655e-06 -3.05655e-06 -3.05655e-06 -2.7756e-06 -2.7756e-06 -2.7756e-06 -2.7756e-06 -2.67623e-06 -2.67623e-06 -2.67623e-06 -2.67623e-06
0.263 -2.53519e-06 -3.0018e-06 -2.14259e-06 -2.6432e-06 -3.61295e-06 -3.51221e-06 -3.65384e-06 -3.54632e-06 -4.20042e-06 -4.22216e-06 -4.19599e-06 -4.21909e-06 -4.47753e-06 -4.47284e-06 -4.47804e-06 -4.47308e-06 -4.43548e-06 -4.43649e-06 -4.43541e-06 -4.43648e-06 -4.17583e-06 -4.17561e-06 -4.17584e-06 -4.17561e-06 -3.79017e-06 -3.79022e-06 -3.79017e-06 -3.79022e-06 -3.37336e-06 -3.37335e-06 -3.37336e-06 -3.37335e-06 -3.00856e-06 -3.00856e-06 -3.00856e-06 -3.00856e-06 -2.76145e-06 -2.76145e-06 -2.76145e-06 -2.76145e-06 -2.67422e-06 -2.67422e-06 -2.67422e-06 -2.67422e-06
0.264 -2.64729e-06 -3.08455e-06 -2.27251e-06 -2.74862e-06 -3.59997e-06 -3.50551e-06 -3.63936e-06 -3.53714e-06 -4.08971e-06 -4.11011e-06 -4.08539e-06 -4.10734e-06 -4.30026e-06 -4.29585e-06 -4.30077e-06 -4.29605e-06 -4.23394e-06 -4.23489e-06 -4.23387e-06 -4.23488e-06 -3.98798e-06 -3.98778e-06 -3.98799e-06 -3.98777e-06 -3.64326e-06 -3.6433e-06 -3.64326e-06 -3.64331e-06 -3.27969e-06 -3.27968e-06 -3.27969e-06 -3.27968e-06 -2.96541e-06 -2.96542e-06 -2.96541e-06 -2.96542e-06 -2.75386e-06 -2.75386e-06 -2.75386e-06 -2.75386e-06 -2.67937e-06 -2.67937e-06 -2.67937e-06 -2.67937e-06
0.265 -2.74601e-06 -3.15218e-06 -2.39072e-06 -2.84024e-06 -3.57235e-06 -3.48454e-06 -3.61003e-06 -3.51358e-06 -3.9657e-06 -3.98467e-06 -3.9615e-06 -3.9822e-06 -4.11231e-06 -4.10821e-06 -4.11281e-06 -4.10837e-06 -4.02507e-06 -4.02595e-06 -4.025e-06 -4.02595e-06 -3.79624e-06 -3.79605e-06 -3.79625e-06 -3.79605e-06 -3.49565e-06 -3.49569e-06 -3.49565e-06 -3.49569e-06 -3.18808e-06 -3.18807e-06 -3.18808e-06 -3.18807e-06 -2.92649e-06 -2.9265e-06 -2.92649e-06 -2.9265e-06 -2.75189e-06 -2.75189e-06 -2.75189e-06 -2.75189e-06 -2.69062e-06 -2.69062e-06 -2.69062e-06 -2.69062e-06
0.266 -2.8312e-06 -3.20485e-06 -2.49692e-06 -2.91799e-06 -3.53093e-06 -3.45009e-06 -3.56676e-06 -3.47645e-06 -3.82988e-06 -3.84737e-06 -3.82583e-06 -3.8452e-06 -3.91543e-06 -3.91165e-06 -3.91593e-06 -3.91177e-06 -3.81045e-06 -3.81127e-06 -3.81038e-06 -3.81127e-06 -3.60171e-06 -3.60153e-06 -3.60172e-06 -3.60153e-06 -3.34782e-06 -3.34786e-06 -3.34782e-06 -3.34786e-06 -3.09838e-06 -3.09837e-06 -3.09838e-06 -3.09837e-06 -2.89114e-06 -2.89114e-06 -2.89114e-06 -2.89114e-06 -2.75455e-06 -2.75455e-06 -2.75455e-06 -2.75455e-06 -2.70689e-06 -2.70689e-06 -2.70689e-06 -2.70689e-06
0.267 -2.90285e-06 -3.24282e-06 -2.59088e-06 -2.98193e-06 -3.47669e-06 -3.40307e-06 -3.5105e-06 -3.42668e-06 -3.68381e-06 -3.69975e-06 -3.67992e-06 -3.69789e-06 -3.71139e-06 -3.70794e-06 -3.71188e-06 -3.70802e-06 -3.59165e-06 -3.5924e-06 -3.59159e-06 -3.59241e-06 -3.40548e-06 -3.40532e-06 -3.40549e-06 -3.40531e-06 -3.20023e-06 -3.20026e-06 -3.20022e-06 -3.20026e-06 -3.01042e-06 -3.01041e-06 -3.01042e-06 -3.01041e-06 -2.85866e-06 -2.85866e-06 -2.85866e-06 -2.85866e-06 -2.76084e-06 -2.76084e-06 -2.76084e-06 -2.76084e-06 -2.72705e-06 -2.72705e-06 -2.72705e-06 -2.72705e-06
0.268 -2.96104e-06 -3.26645e-06 -2.67251e-06 -3.03219e-06 -3.41064e-06 -3.34444e-06 -3.44229e-06 -3.36525e-06 -3.52905e-06 -3.54339e-06 -3.52533e-06 -3.54184e-06 -3.50192e-06 -3.49882e-06 -3.5024e-06 -3.49886e-06 -3.37023e-06 -3.3709e-06 -3.37016e-06 -3.37092e-06 -3.2086e-06 -3.20846e-06 -3.20862e-06 -3.20845e-06 -3.05331e-06 -3.05334e-06 -3.05331e-06 -3.05334e-06 -2.92401e-06 -2.92401e-06 -2.92401e-06 -2.92401e-06 -2.82838e-06 -2.82838e-06 -2.82838e-06 -2.82838e-06 -2.76973e-06 -2.76973e-06 -2.76973e-06 -2.76973e-06 -2.74995e-06 -2.74995e-06 -2.74995e-06 -2.74995e-06
0.269 -3.00597e-06 -3.27622e-06 -2.74178e-06 -3.06904e-06 -3.33386e-06 -3.2752e-06 -3.36324e-06 -3.2932e-06 -3.36717e-06 -3.37989e-06 -3.36365e-06 -3.37865e-06 -3.28877e-06 -3.28601e-06 -3.28923e-06 -3.28602e-06 -3.14768e-06 -3.14828e-06 -3.14761e-06 -3.1483e-06 -3.01213e-06 -3.012e-06 -3.01214e-06 -3.01199e-06 -2.90749e-06 -2.90752e-06 -2.90749e-06 -2.90752e-06 -2.83898e-06 -2.83897e-06 -2.83898e-06 -2.83897e-06 -2.79957e-06 -2.79957e-06 -2.79957e-06 -2.79957e-06 -2.78018e-06 -2.78018e-06 -2.78018e-06 -2.78018e-06 -2.77444e-06 -2.77444e-06 -2.77444e-06 -2.77444e-06
0.27 -3.03791e-06 -3.2727e-06 -2.79879e-06 -3.09282e-06 -3.24746e-06 -3.19642e-06 -3.27447e-06 -3.2116e-06 -3.19974e-06 -3.21082e-06 -3.19643e-06 -3.20988e-06 -3.07361e-06 -3.0712e-06 -3.07406e-06 -3.07118e-06 -2.92548e-06 -2.926e-06 -2.92541e-06 -2.92602e-06 -2.81705e-06 -2.81694e-06 -2.81706e-06 -2.81693e-06 -2.76318e-06 -2.76321e-06 -2.76318e-06 -2.76321e-06 -2.75512e-06 -2.75511e-06 -2.75512e-06 -2.75511e-06 -2.77155e-06 -2.77155e-06 -2.77155e-06 -2.77155e-06 -2.79115e-06 -2.79115e-06 -2.79115e-06 -2.79115e-06 -2.79936e-06 -2.79936e-06 -2.79936e-06 -2.79936e-06
0.271 -3.05723e-06 -3.25652e-06 -2.84369e-06 -3.10396e-06 -3.15259e-06 -3.10917e-06 -3.17716e-06 -3.12156e-06 -3.0283e-06 -3.03775e-06 -3.02522e-06 -3.0371e-06 -2.85808e-06 -2.85603e-06 -2.85852e-06 -2.85597e-06 -2.70503e-06 -2.70548e-06 -2.70497e-06 -2.70551e-06 -2.62434e-06 -2.62424e-06 -2.62435e-06 -2.62423e-06 -2.62078e-06 -2.6208e-06 -2.62077e-06 -2.6208e-06 -2.67223e-06 -2.67223e-06 -2.67223e-06 -2.67222e-06 -2.7436e-06 -2.7436e-06 -2.7436e-06 -2.7436e-06 -2.8016e-06 -2.8016e-06 -2.8016e-06 -2.8016e-06 -2.82356e-06 -2.82356e-06 -2.82356e-06 -2.82356e-06
0.272 -3.0644e-06 -3.22842e-06 -2.87675e-06 -3.103e-06 -3.0504e-06 -3.01457e-06 -3.07247e-06 -3.02421e-06 -2.85435e-06 -2.86217e-06 -2.85151e-06 -2.86181e-06 -2.64376e-06 -2.64205e-06 -2.64417e-06 -2.64197e-06 -2.4877e-06 -2.48807e-06 -2.48763e-06 -2.4881e-06 -2.4349e-06 -2.43482e-06 -2.43492e-06 -2.43482e-06 -2.48064e-06 -2.48066e-06 -2.48064e-06 -2.48066e-06 -2.59012e-06 -2.59012e-06 -2.59012e-06 -2.59012e-06 -2.71504e-06 -2.71504e-06 -2.71504e-06 -2.71504e-06 -2.8105e-06 -2.8105e-06 -2.8105e-06 -2.8105e-06 -2.8459e-06 -2.8459e-06 -2.8459e-06 -2.8459e-06
0.273 -3.05995e-06 -3.18918e-06 -2.89829e-06 -3.09051e-06 -2.94206e-06 -2.91371e-06 -2.96159e-06 -2.92066e-06 -2.67936e-06 -2.68557e-06 -2.67676e-06 -2.68548e-06 -2.43213e-06 -2.43077e-06 -2.43252e-06 -2.43066e-06 -2.27475e-06 -2.27504e-06 -2.27468e-06 -2.27508e-06 -2.24963e-06 -2.24956e-06 -2.24964e-06 -2.24955e-06 -2.34313e-06 -2.34314e-06 -2.34313e-06 -2.34314e-06 -2.5086e-06 -2.5086e-06 -2.5086e-06 -2.5086e-06 -2.68521e-06 -2.68521e-06 -2.68521e-06 -2.68521e-06 -2.81688e-06 -2.81688e-06 -2.81688e-06 -2.81688e-06 -2.86527e-06 -2.86527e-06 -2.86527e-06 -2.86527e-06
0.274 -3.04448e-06 -3.13965e-06 -2.90873e-06 -3.06715e-06 -2.82873e-06 -2.80771e-06 -2.8457e-06 -2.81205e-06 -2.50471e-06 -2.50934e-06 -2.50236e-06 -2.50951e-06 -2.2246e-06 -2.22358e-06 -2.22496e-06 -2.22344e-06 -2.06737e-06 -2.0676e-06 -2.06731e-06 -2.06763e-06 -2.06932e-06 -2.06927e-06 -2.06933e-06 -2.06926e-06 -2.20858e-06 -2.20859e-06 -2.20857e-06 -2.20859e-06 -2.42749e-06 -2.42749e-06 -2.42749e-06 -2.42749e-06 -2.65346e-06 -2.65346e-06 -2.65346e-06 -2.65346e-06 -2.81976e-06 -2.81976e-06 -2.81976e-06 -2.81976e-06 -2.88059e-06 -2.88059e-06 -2.88059e-06 -2.88059e-06
0.275 -3.01864e-06 -3.08072e-06 -2.90853e-06 -3.03365e-06 -2.71154e-06 -2.69765e-06 -2.72595e-06 -2.69947e-06 -2.33173e-06 -2.33483e-06 -2.32963e-06 -2.33525e-06 -2.02248e-06 -2.0218e-06 -2.02282e-06 -2.02163e-06 -1.86669e-06 -1.86684e-06 -1.86663e-06 -1.86688e-06 -1.89475e-06 -1.89471e-06 -1.89476e-06 -1.8947e-06 -2.0773e-06 -2.07731e-06 -2.0773e-06 -2.07731e-06 -2.34662e-06 -2.34662e-06 -2.34662e-06 -2.34662e-06 -2.61919e-06 -2.61919e-06 -2.61919e-06 -2.61919e-06 -2.81824e-06 -2.81824e-06 -2.81824e-06 -2.81824e-06 -2.89084e-06 -2.89084e-06 -2.89084e-06 -2.89084e-06
0.276 -2.98316e-06 -3.01329e-06 -2.89822e-06 -2.99076e-06 -2.5916e-06 -2.58459e-06 -2.60348e-06 -2.58401e-06 -2.16165e-06 -2.16327e-06 -2.15982e-06 -2.16392e-06 -1.82699e-06 -1.82662e-06 -1.8273e-06 -1.82643e-06 -1.67371e-06 -1.67379e-06 -1.67365e-06 -1.67383e-06 -1.72661e-06 -1.72659e-06 -1.72662e-06 -1.72658e-06 -1.94959e-06 -1.94959e-06 -1.94959e-06 -1.94959e-06 -2.26583e-06 -2.26583e-06 -2.26583e-06 -2.26583e-06 -2.58182e-06 -2.58182e-06 -2.58182e-06 -2.58182e-06 -2.81143e-06 -2.81143e-06 -2.81143e-06 -2.81143e-06 -2.89504e-06 -2.89504e-06 -2.89504e-06 -2.89504e-06
0.277 -2.93877e-06 -2.93833e-06 -2.87841e-06 -2.93927e-06 -2.46999e-06 -2.46957e-06 -2.47938e-06 -2.46671e-06 -1.99564e-06 -1.99583e-06 -1.99406e-06 -1.9967e-06 -1.63922e-06 -1.63915e-06 -1.6395e-06 -1.63895e-06 -1.48935e-06 -1.48936e-06 -1.48929e-06 -1.48941e-06 -1.56554e-06 -1.56553e-06 -1.56555e-06 -1.56552e-06 -1.82571e-06 -1.82571e-06 -1.82571e-06 -1.82571e-06 -2.18498e-06 -2.18498e-06 -2.18498e-06 -2.18498e-06 -2.54082e-06 -2.54082e-06 -2.54082e-06 -2.54082e-06 -2.79853e-06 -2.79853e-06 -2.79853e-06 -2.79853e-06 -2.89227e-06 -2.89227e-06 -2.89227e-06 -2.89227e-06
0.278 -2.88627e-06 -2.85678e-06 -2.8497e-06 -2.88002e-06 -2.34774e-06 -2.35358e-06 -2.35468e-06 -2.34858e-06 -1.83474e-06 -1.83358e-06 -1.83342e-06 -1.83465e-06 -1.46015e-06 -1.46038e-06 -1.4604e-06 -1.46016e-06 -1.31442e-06 -1.31438e-06 -1.31438e-06 -1.31443e-06 -1.4121e-06 -1.41211e-06 -1.41211e-06 -1.4121e-06 -1.7059e-06 -1.7059e-06 -1.7059e-06 -1.7059e-06 -2.10394e-06 -2.10394e-06 -2.10394e-06 -2.10394e-06 -2.4957e-06 -2.4957e-06 -2.4957e-06 -2.4957e-06 -2.7788e-06 -2.7788e-06 -2.7788e-06 -2.7788e-06 -2.8817e-06 -2.8817e-06 -2.8817e-06 -2.8817e-06
0.279 -2.82648e-06 -2.76961e-06 -2.81278e-06 -2.81384e-06 -2.22581e-06 -2.23757e-06 -2.23038e-06 -2.23056e-06 -1.67993e-06 -1.67749e-06 -1.67886e-06 -1.67874e-06 -1.29066e-06 -1.29116e-06 -1.29088e-06 -1.29093e-06 -1.14965e-06 -1.14955e-06 -1.14961e-06 -1.14959e-06 -1.26679e-06 -1.26682e-06 -1.2668e-06 -1.26681e-06 -1.59039e-06 -1.59038e-06 -1.59039e-06 -1.59038e-06 -2.02259e-06 -2.02259e-06 -2.02259e-06 -2.02259e-06 -2.44604e-06 -2.44604e-06 -2.44604e-06 -2.44604e-06 -2.75157e-06 -2.75157e-06 -2.75157e-06 -2.75157e-06 -2.86257e-06 -2.86257e-06 -2.86257e-06 -2.86257e-06
0.28 -2.76021e-06 -2.67778e-06 -2.76834e-06 -2.74161e-06 -2.10514e-06 -2.12242e-06 -2.10741e-06 -2.11357e-06 -1.53205e-06 -1.52842e-06 -1.53123e-06 -1.52983e-06 -1.13149e-06 -1.13226e-06 -1.13169e-06 -1.13201e-06 -9.95633e-07 -9.95473e-07 -9.95591e-07 -9.9552e-07 -1.13004e-06 -1.13007e-06 -1.13004e-06 -1.13006e-06 -1.47934e-06 -1.47933e-06 -1.47934e-06 -1.47933e-06 -1.94084e-06 -1.94084e-06 -1.94084e-06 -1.94084e-06 -2.39145e-06 -2.39145e-06 -2.39145e-06 -2.39145e-06 -2.71623e-06 -2.71623e-06 -2.71623e-06 -2.71623e-06 -2.8342e-06 -2.8342e-06 -2.8342e-06 -2.8342e-06
0.281 -2.6883e-06 -2.58223e-06 -2.7171e-06 -2.66418e-06 -1.98657e-06 -2.00896e-06 -1.98665e-06 -1.99843e-06 -1.39186e-06 -1.38713e-06 -1.39129e-06 -1.38868e-06 -9.83281e-07 -9.84282e-07 -9.83447e-07 -9.84024e-07 -8.52861e-07 -8.52649e-07 -8.52823e-07 -8.52696e-07 -1.00217e-06 -1.00221e-06 -1.00218e-06 -1.0022e-06 -1.37291e-06 -1.3729e-06 -1.37291e-06 -1.3729e-06 -1.85859e-06 -1.85859e-06 -1.85859e-06 -1.85859e-06 -2.33161e-06 -2.33161e-06 -2.33161e-06 -2.33161e-06 -2.67229e-06 -2.67229e-06 -2.67229e-06 -2.67229e-06 -2.79601e-06 -2.79601e-06 -2.79601e-06 -2.79601e-06
0.282 -2.61159e-06 -2.48387e-06 -2.6598e-06 -2.58241e-06 -1.8709e-06 -1.89797e-06 -1.8689e-06 -1.88592e-06 -1.26001e-06 -1.25426e-06 -1.25967e-06 -1.25594e-06 -8.4653e-07 -8.4775e-07 -8.46667e-07 -8.47485e-07 -7.21721e-07 -7.21462e-07 -7.21687e-07 -7.21508e-07 -8.83455e-07 -8.8351e-07 -8.83463e-07 -8.83502e-07 -1.27122e-06 -1.27121e-06 -1.27122e-06 -1.27121e-06 -1.77579e-06 -1.77579e-06 -1.77579e-06 -1.77579e-06 -2.26624e-06 -2.26624e-06 -2.26624e-06 -2.26624e-06 -2.61931e-06 -2.61931e-06 -2.61931e-06 -2.61931e-06 -2.74753e-06 -2.74753e-06 -2.74753e-06 -2.74753e-06
0.283 -2.53091e-06 -2.38362e-06 -2.59718e-06 -2.49714e-06 -1.75884e-06 -1.79015e-06 -1.75488e-06 -1.77675e-06 -1.13703e-06 -1.13037e-06 -1.13693e-06 -1.13215e-06 -7.21629e-07 -7.23047e-07 -7.21737e-07 -7.22778e-07 -6.02488e-07 -6.02186e-07 -6.02458e-07 -6.02231e-07 -7.74083e-07 -7.74148e-07 -7.7409e-07 -7.74139e-07 -1.17434e-06 -1.17433e-06 -1.17434e-06 -1.17433e-06 -1.69237e-06 -1.69237e-06 -1.69237e-06 -1.69237e-06 -2.19515e-06 -2.19514e-06 -2.19515e-06 -2.19514e-06 -2.55698e-06 -2.55698e-06 -2.55698e-06 -2.55698e-06 -2.68839e-06 -2.68839e-06 -2.68839e-06 -2.68839e-06
0.284 -2.44708e-06 -2.28232e-06 -2.52998e-06 -2.4092e-06 -1.65104e-06 -1.68614e-06 -1.64525e-06 -1.67156e-06 -1.02338e-06 -1.0159e-06 -1.02349e-06 -1.01777e-06 -6.08849e-07 -6.10445e-07 -6.08929e-07 -6.10174e-07 -4.95329e-07 -4.94988e-07 -4.95303e-07 -4.95033e-07 -6.74155e-07 -6.74228e-07 -6.74161e-07 -6.7422e-07 -1.08232e-06 -1.08231e-06 -1.08232e-06 -1.08231e-06 -1.60829e-06 -1.6083e-06 -1.60829e-06 -1.6083e-06 -2.11818e-06 -2.11818e-06 -2.11818e-06 -2.11818e-06 -2.48506e-06 -2.48506e-06 -2.48506e-06 -2.48506e-06 -2.6183e-06 -2.6183e-06 -2.6183e-06 -2.6183e-06
0.285 -2.36089e-06 -2.1808e-06 -2.45896e-06 -2.3194e-06 -1.54808e-06 -1.58651e-06 -1.54059e-06 -1.57092e-06 -9.19382e-07 -9.11177e-07 -9.19697e-07 -9.13111e-07 -5.08346e-07 -5.10099e-07 -5.08399e-07 -5.09828e-07 -4.00303e-07 -3.99929e-07 -4.00282e-07 -3.99972e-07 -5.83695e-07 -5.83775e-07 -5.837e-07 -5.83767e-07 -9.95167e-07 -9.9515e-07 -9.95166e-07 -9.95151e-07 -1.52353e-06 -1.52353e-06 -1.52353e-06 -1.52353e-06 -2.03526e-06 -2.03526e-06 -2.03526e-06 -2.03526e-06 -2.40342e-06 -2.40342e-06 -2.40342e-06 -2.40342e-06 -2.53713e-06 -2.53713e-06 -2.53713e-06 -2.53713e-06
0.286 -2.27311e-06 -2.07984e-06 -2.38483e-06 -2.22851e-06 -1.45046e-06 -1.49176e-06 -1.44141e-06 -1.47533e-06 -8.2527e-07 -8.16442e-07 -8.25778e-07 -8.18425e-07 -4.20166e-07 -4.22055e-07 -4.20192e-07 -4.21785e-07 -3.17368e-07 -3.16964e-07 -3.1735e-07 -3.17005e-07 -5.02645e-07 -5.02731e-07 -5.0265e-07 -5.02724e-07 -9.12837e-07 -9.12819e-07 -9.12836e-07 -9.1282e-07 -1.43806e-06 -1.43806e-06 -1.43806e-06 -1.43806e-06 -1.94636e-06 -1.94636e-06 -1.94636e-06 -1.94636e-06 -2.31202e-06 -2.31202e-06 -2.31202e-06 -2.31202e-06 -2.44483e-06 -2.44483e-06 -2.44483e-06 -2.44483e-06
0.287 -2.18448e-06 -1.98016e-06 -2.30832e-06 -2.13727e-06 -1.3586e-06 -1.40231e-06 -1.34815e-06 -1.38521e-06 -7.41186e-07 -7.31832e-07 -7.41872e-07 -7.33848e-07 -3.44248e-07 -3.46251e-07 -3.44249e-07 -3.45985e-07 -2.46376e-07 -2.45947e-07 -2.46362e-07 -2.45987e-07 -4.30871e-07 -4.30963e-07 -4.30875e-07 -4.30956e-07 -8.35259e-07 -8.3524e-07 -8.35258e-07 -8.35241e-07 -1.35187e-06 -1.35187e-06 -1.35187e-06 -1.35187e-06 -1.85153e-06 -1.85152e-06 -1.85153e-06 -1.85152e-06 -2.21093e-06 -2.21093e-06 -2.21093e-06 -2.21093e-06 -2.34148e-06 -2.34148e-06 -2.34148e-06 -2.34148e-06
0.288 -2.09571e-06 -1.88243e-06 -2.23012e-06 -2.04636e-06 -1.27287e-06 -1.31853e-06 -1.26116e-06 -1.30092e-06 -6.67177e-07 -6.57394e-07 -6.68027e-07 -6.59425e-07 -2.80429e-07 -2.82525e-07 -2.80405e-07 -2.82265e-07 -1.87086e-07 -1.86637e-07 -1.87076e-07 -1.86674e-07 -3.68161e-07 -3.68257e-07 -3.68164e-07 -3.68251e-07 -7.62317e-07 -7.62297e-07 -7.62317e-07 -7.62298e-07 -1.26496e-06 -1.26497e-06 -1.26496e-06 -1.26497e-06 -1.75086e-06 -1.75086e-06 -1.75086e-06 -1.75086e-06 -2.10033e-06 -2.10033e-06 -2.10033e-06 -2.10033e-06 -2.22727e-06 -2.22727e-06 -2.22727e-06 -2.22727e-06
0.289 -2.00747e-06 -1.78729e-06 -2.15089e-06 -1.95647e-06 -1.19353e-06 -1.24072e-06 -1.18072e-06 -1.22275e-06 -6.03199e-07 -5.93084e-07 -6.04199e-07 -5.95114e-07 -2.28449e-07 -2.30618e-07 -2.28403e-07 -2.30365e-07 -1.39163e-07 -1.38697e-07 -1.39157e-07 -1.38733e-07 -3.14228e-07 -3.14328e-07 -3.14231e-07 -3.14322e-07 -6.93857e-07 -6.93836e-07 -6.93857e-07 -6.93837e-07 -1.17736e-06 -1.17736e-06 -1.17736e-06 -1.17736e-06 -1.64452e-06 -1.64451e-06 -1.64452e-06 -1.64451e-06 -1.98046e-06 -1.98046e-06 -1.98046e-06 -1.98046e-06 -2.10249e-06 -2.10249e-06 -2.10249e-06 -2.10249e-06
0.29 -1.92037e-06 -1.69529e-06 -2.07128e-06 -1.86818e-06 -1.12082e-06 -1.16909e-06 -1.10705e-06 -1.15093e-06 -5.4913e-07 -5.38774e-07 -5.50264e-07 -5.40788e-07 -1.87959e-07 -1.90181e-07 -1.87891e-07 -1.89937e-07 -1.02184e-07 -1.01707e-07 -1.02181e-07 -1.0174e-07 -2.68717e-07 -2.68819e-07 -2.68719e-07 -2.68814e-07 -6.29688e-07 -6.29666e-07 -6.29687e-07 -6.29667e-07 -1.08906e-06 -1.08907e-06 -1.08906e-06 -1.08907e-06 -1.53272e-06 -1.53272e-06 -1.53272e-06 -1.53272e-06 -1.8517e-06 -1.8517e-06 -1.8517e-06 -1.8517e-06 -1.96755e-06 -1.96755e-06 -1.96755e-06 -1.96755e-06
0.291 -1.835e-06 -1.60693e-06 -1.99188e-06 -1.78206e-06 -1.05486e-06 -1.10381e-06 -1.04029e-06 -1.08559e-06 -5.04766e-07 -4.94259e-07 -5.0602e-07 -4.96243e-07 -1.58525e-07 -1.60781e-07 -1.58438e-07 -1.60548e-07 -7.56452e-08 -7.51608e-08 -7.56463e-08 -7.51912e-08 -2.31202e-07 -2.31306e-07 -2.31204e-07 -2.31302e-07 -5.6958e-07 -5.69558e-07 -5.6958e-07 -5.69559e-07 -1.00011e-06 -1.00011e-06 -1.00011e-06 -1.00011e-06 -1.41574e-06 -1.41573e-06 -1.41574e-06 -1.41573e-06 -1.71448e-06 -1.71448e-06 -1.71448e-06 -1.71448e-06 -1.82297e-06 -1.82297e-06 -1.82297e-06 -1.82297e-06
0.292 -1.75188e-06 -1.52267e-06 -1.91328e-06 -1.69864e-06 -9.95754e-07 -1.04498e-06 -9.80533e-07 -1.02684e-06 -4.69832e-07 -4.59258e-07 -4.71189e-07 -4.612e-07 -1.39637e-07 -1.41908e-07 -1.39532e-07 -1.41687e-07 -5.89677e-08 -5.84797e-08 -5.89721e-08 -5.85075e-08 -2.01201e-07 -2.01305e-07 -2.01201e-07 -2.01302e-07 -5.13274e-07 -5.13252e-07 -5.13274e-07 -5.13252e-07 -9.10522e-07 -9.10527e-07 -9.10523e-07 -9.10527e-07 -1.29389e-06 -1.29389e-06 -1.29389e-06 -1.29389e-06 -1.56935e-06 -1.56935e-06 -1.56935e-06 -1.56935e-06 -1.66937e-06 -1.66937e-06 -1.66937e-06 -1.66937e-06
0.293 -1.67151e-06 -1.44289e-06 -1.83598e-06 -1.61836e-06 -9.43508e-07 -9.92638e-07 -9.27781e-07 -9.74706e-07 -4.43985e-07 -4.33426e-07 -4.4543e-07 -4.35313e-07 -1.30713e-07 -1.32982e-07 -1.30592e-07 -1.32773e-07 -5.15032e-08 -5.10153e-08 -5.15106e-08 -5.10405e-08 -1.78169e-07 -1.78274e-07 -1.78169e-07 -1.78271e-07 -4.60478e-07 -4.60455e-07 -4.60478e-07 -4.60456e-07 -8.20354e-07 -8.20359e-07 -8.20354e-07 -8.20358e-07 -1.16757e-06 -1.16756e-06 -1.16757e-06 -1.16756e-06 -1.41693e-06 -1.41693e-06 -1.41693e-06 -1.41693e-06 -1.50744e-06 -1.50744e-06 -1.50744e-06 -1.50744e-06
0.294 -1.59431e-06 -1.36791e-06 -1.7605e-06 -1.54163e-06 -8.98085e-07 -9.46765e-07 -8.81993e-07 -9.29161e-07 -4.2682e-07 -4.16352e-07 -4.28338e-07 -4.18174e-07 -1.31106e-07 -1.33357e-07 -1.30971e-07 -1.33162e-07 -5.2542e-08 -5.20579e-08 -5.25523e-08 -5.20804e-08 -1.61516e-07 -1.6162e-07 -1.61516e-07 -1.61617e-07 -4.10872e-07 -4.10849e-07 -4.10872e-07 -4.1085e-07 -7.29647e-07 -7.29652e-07 -7.29647e-07 -7.29651e-07 -1.03717e-06 -1.03717e-06 -1.03717e-06 -1.03717e-06 -1.25789e-06 -1.25789e-06 -1.25789e-06 -1.25789e-06 -1.33798e-06 -1.33798e-06 -1.33798e-06 -1.33798e-06
0.295 -1.52065e-06 -1.29801e-06 -1.68726e-06 -1.46881e-06 -8.59389e-07 -9.07289e-07 -8.4307e-07 -8.90124e-07 -4.17877e-07 -4.07571e-07 -4.19453e-07 -4.09318e-07 -1.40117e-07 -1.42334e-07 -1.39969e-07 -1.42152e-07 -6.13207e-08 -6.08436e-08 -6.13336e-08 -6.08634e-08 -1.50604e-07 -1.50707e-07 -1.50603e-07 -1.50705e-07 -3.64114e-07 -3.64092e-07 -3.64114e-07 -3.64092e-07 -6.38457e-07 -6.38462e-07 -6.38457e-07 -6.38462e-07 -9.03156e-07 -9.03155e-07 -9.03156e-07 -9.03155e-07 -1.09301e-06 -1.09301e-06 -1.09301e-06 -1.09301e-06 -1.16186e-06 -1.16186e-06 -1.16186e-06 -1.16186e-06
0.296 -1.45088e-06 -1.2334e-06 -1.61667e-06 -1.4002e-06 -8.27271e-07 -8.74088e-07 -8.10855e-07 -8.5746e-07 -4.16644e-07 -4.06567e-07 -4.18264e-07 -4.0823e-07 -1.56992e-07 -1.59161e-07 -1.56834e-07 -1.58994e-07 -7.70293e-08 -7.65623e-08 -7.70446e-08 -7.65794e-08 -1.4476e-07 -1.44861e-07 -1.44759e-07 -1.44859e-07 -3.19844e-07 -3.19822e-07 -3.19844e-07 -3.19822e-07 -5.46848e-07 -5.46853e-07 -5.46848e-07 -5.46853e-07 -7.66031e-07 -7.6603e-07 -7.66031e-07 -7.6603e-07 -9.23097e-07 -9.23097e-07 -9.23097e-07 -9.23097e-07 -9.80015e-07 -9.80015e-07 -9.80015e-07 -9.80015e-07
0.297 -1.38527e-06 -1.17422e-06 -1.54908e-06 -1.33606e-06 -8.01532e-07 -8.46988e-07 -7.85143e-07 -8.30987e-07 -4.22566e-07 -4.12776e-07 -4.24215e-07 -4.14349e-07 -1.80939e-07 -1.83048e-07 -1.80772e-07 -1.82895e-07 -9.88199e-08 -9.83658e-08 -9.88373e-08 -9.83803e-08 -1.43281e-07 -1.43379e-07 -1.43279e-07 -1.43377e-07 -2.77686e-07 -2.77665e-07 -2.77686e-07 -2.77665e-07 -4.54892e-07 -4.54896e-07 -4.54892e-07 -4.54896e-07 -6.26316e-07 -6.26315e-07 -6.26316e-07 -6.26315e-07 -7.49019e-07 -7.49019e-07 -7.49019e-07 -7.49019e-07 -7.93439e-07 -7.93438e-07 -7.93439e-07 -7.93438e-07
0.298 -1.32405e-06 -1.12059e-06 -1.48481e-06 -1.27657e-06 -7.81928e-07 -8.25773e-07 -7.65684e-07 -8.10478e-07 -4.35045e-07 -4.25597e-07 -4.3671e-07 -4.27073e-07 -2.1113e-07 -2.13166e-07 -2.10955e-07 -2.13028e-07 -1.25814e-07 -1.25376e-07 -1.25834e-07 -1.25388e-07 -1.4544e-07 -1.45535e-07 -1.45438e-07 -1.45534e-07 -2.37257e-07 -2.37236e-07 -2.37257e-07 -2.37236e-07 -3.62667e-07 -3.62671e-07 -3.62667e-07 -3.62671e-07 -4.84567e-07 -4.84566e-07 -4.84567e-07 -4.84566e-07 -5.71687e-07 -5.71687e-07 -5.71687e-07 -5.71687e-07 -6.03172e-07 -6.03172e-07 -6.03172e-07 -6.03172e-07
0.299 -1.26739e-06 -1.07255e-06 -1.42412e-06 -1.22188e-06 -7.68172e-07 -8.10184e-07 -7.5218e-07 -7.95663e-07 -4.53453e-07 -4.44395e-07 -4.5512e-07 -4.45769e-07 -2.46709e-07 -2.48662e-07 -2.46528e-07 -2.48539e-07 -1.57114e-07 -1.56693e-07 -1.57134e-07 -1.56702e-07 -1.50499e-07 -1.50589e-07 -1.50496e-07 -1.50589e-07 -1.98167e-07 -1.98148e-07 -1.98168e-07 -1.98148e-07 -2.70264e-07 -2.70268e-07 -2.70264e-07 -2.70268e-07 -3.4136e-07 -3.41359e-07 -3.4136e-07 -3.41359e-07 -3.92043e-07 -3.92043e-07 -3.92043e-07 -3.92043e-07 -4.10292e-07 -4.10292e-07 -4.10292e-07 -4.10292e-07
0.3 -1.21541e-06 -1.03009e-06 -1.36723e-06 -1.1721e-06 -7.59936e-07 -7.99921e-07 -7.44298e-07 -7.86233e-07 -4.77128e-07 -4.68503e-07 -4.78786e-07 -4.69772e-07 -2.868e-07 -2.8866e-07 -2.86615e-07 -2.88553e-07 -1.91805e-07 -1.91403e-07 -1.91827e-07 -1.9141e-07 -1.5771e-07 -1.57797e-07 -1.57707e-07 -1.57797e-07 -1.60032e-07 -1.60013e-07 -1.60032e-07 -1.60013e-07 -1.77781e-07 -1.77785e-07 -1.77781e-07 -1.77785e-07 -1.9729e-07 -1.97289e-07 -1.9729e-07 -1.97289e-07 -2.11051e-07 -2.11051e-07 -2.11051e-07 -2.11051e-07 -2.15901e-07 -2.15901e-07 -2.15901e-07 -2.15901e-07
0.301 -1.16821e-06 -9.93159e-07 -1.3143e-06 -1.12727e-06 -7.56858e-07 -7.94651e-07 -7.41665e-07 -7.81843e-07 -5.0539e-07 -4.97233e-07 -5.07026e-07 -4.98394e-07 -3.30514e-07 -3.32274e-07 -3.30326e-07 -3.32182e-07 -2.2897e-07 -2.2859e-07 -2.28993e-07 -2.28595e-07 -1.66331e-07 -1.66413e-07 -1.66327e-07 -1.66413e-07 -1.22471e-07 -1.22453e-07 -1.22471e-07 -1.22453e-07 -8.53271e-08 -8.53309e-08 -8.5327e-08 -8.5331e-08 -5.29633e-08 -5.29624e-08 -5.29633e-08 -5.29624e-08 -2.96893e-08 -2.96895e-08 -2.96893e-08 -2.96895e-08 -2.1114e-08 -2.1114e-08 -2.1114e-08 -2.1114e-08
0.302 -1.12582e-06 -9.6166e-07 -1.26548e-06 -1.08739e-06 -7.58544e-07 -7.94006e-07 -7.43878e-07 -7.82116e-07 -5.37535e-07 -5.29876e-07 -5.39141e-07 -5.30928e-07 -3.76955e-07 -3.78609e-07 -3.76767e-07 -3.78531e-07 -2.67696e-07 -2.67339e-07 -2.67721e-07 -2.67342e-07 -1.75626e-07 -1.75703e-07 -1.75622e-07 -1.75704e-07 -8.51162e-08 -8.50996e-08 -8.51168e-08 -8.50993e-08 6.97729e-09 6.9737e-09 6.97739e-09 6.97363e-09 9.10072e-08 9.1008e-08 9.10072e-08 9.1008e-08 1.51062e-07 1.51062e-07 1.51062e-07 1.51062e-07 1.72952e-07 1.72953e-07 1.72952e-07 1.72953e-07
0.303 -1.08821e-06 -9.35449e-07 -1.22083e-06 -1.05242e-06 -7.64567e-07 -7.97591e-07 -7.50502e-07 -7.86645e-07 -5.7285e-07 -5.65713e-07 -5.74414e-07 -5.66655e-07 -4.2523e-07 -4.26772e-07 -4.25042e-07 -4.26708e-07 -3.07082e-07 -3.06749e-07 -3.07107e-07 -3.06749e-07 -1.84879e-07 -1.84951e-07 -1.84876e-07 -1.84953e-07 -4.76182e-08 -4.76027e-08 -4.76188e-08 -4.76023e-08 9.90016e-08 9.89982e-08 9.90017e-08 9.89982e-08 2.34006e-07 2.34007e-07 2.34006e-07 2.34007e-07 3.30229e-07 3.30229e-07 3.30229e-07 3.30229e-07 3.65192e-07 3.65192e-07 3.65192e-07 3.65192e-07
0.304 -1.05534e-06 -9.14339e-07 -1.18041e-06 -1.02228e-06 -7.74478e-07 -8.04983e-07 -7.61077e-07 -7.94997e-07 -6.1061e-07 -6.04013e-07 -6.12124e-07 -6.04846e-07 -4.74451e-07 -4.75878e-07 -4.74266e-07 -4.75828e-07 -3.46244e-07 -3.45936e-07 -3.4627e-07 -3.45934e-07 -1.934e-07 -1.93467e-07 -1.93396e-07 -1.93468e-07 -9.64898e-09 -9.63459e-09 -9.64964e-09 -9.63417e-09 1.90604e-07 1.906e-07 1.90604e-07 1.906e-07 3.75423e-07 3.75423e-07 3.75423e-07 3.75423e-07 5.06853e-07 5.06853e-07 5.06853e-07 5.06853e-07 5.54518e-07 5.54518e-07 5.54518e-07 5.54518e-07
0.305 -1.0271e-06 -8.98106e-07 -1.1442e-06 -9.9683e-07 -7.87805e-07 -8.15736e-07 -7.75121e-07 -8.06718e-07 -6.50089e-07 -6.44043e-07 -6.51545e-07 -6.44769e-07 -5.23747e-07 -5.25055e-07 -5.23564e-07 -5.25018e-07 -3.84329e-07 -3.84046e-07 -3.84355e-07 -3.84043e-07 -2.0053e-07 -2.00591e-07 -2.00526e-07 -2.00593e-07 2.90927e-08 2.91059e-08 2.9092e-08 2.91063e-08 2.8163e-07 2.81627e-07 2.8163e-07 2.81627e-07 5.14653e-07 5.14654e-07 5.14653e-07 5.14654e-07 6.80001e-07 6.80001e-07 6.80001e-07 6.80001e-07 7.39877e-07 7.39877e-07 7.39877e-07 7.39877e-07
0.306 -1.00336e-06 -8.8649e-07 -1.11218e-06 -9.75912e-07 -8.04054e-07 -8.29385e-07 -7.92133e-07 -8.21333e-07 -6.9056e-07 -6.85073e-07 -6.91952e-07 -6.85693e-07 -5.72265e-07 -5.73453e-07 -5.72087e-07 -5.73429e-07 -4.20518e-07 -4.2026e-07 -4.20543e-07 -4.20255e-07 -2.05649e-07 -2.05705e-07 -2.05645e-07 -2.05707e-07 6.88768e-08 6.88889e-08 6.88761e-08 6.88894e-08 3.71915e-07 3.71912e-07 3.71915e-07 3.71912e-07 6.51109e-07 6.51109e-07 6.51109e-07 6.51109e-07 8.48775e-07 8.48775e-07 8.48775e-07 8.48775e-07 9.20256e-07 9.20256e-07 9.20256e-07 9.20256e-07
0.307 -9.83954e-07 -8.79196e-07 -1.08426e-06 -9.59322e-07 -8.22719e-07 -8.45448e-07 -8.11596e-07 -8.38351e-07 -7.31305e-07 -7.26376e-07 -7.32627e-07 -7.26894e-07 -6.19181e-07 -6.2025e-07 -6.19008e-07 -6.20237e-07 -4.54031e-07 -4.538e-07 -4.54057e-07 -4.53793e-07 -2.08184e-07 -2.08234e-07 -2.0818e-07 -2.08236e-07 1.09939e-07 1.0995e-07 1.09938e-07 1.0995e-07 4.61283e-07 4.61281e-07 4.61284e-07 4.61281e-07 7.84217e-07 7.84218e-07 7.84217e-07 7.84218e-07 1.01232e-06 1.01232e-06 1.01232e-06 1.01232e-06 1.09469e-06 1.0947e-06 1.09469e-06 1.0947e-06
0.308 -9.68663e-07 -8.75899e-07 -1.06032e-06 -9.46825e-07 -8.4328e-07 -8.63433e-07 -8.32981e-07 -8.5727e-07 -7.71615e-07 -7.6724e-07 -7.72861e-07 -7.6766e-07 -6.63705e-07 -6.64654e-07 -6.63538e-07 -6.64652e-07 -4.84142e-07 -4.83936e-07 -4.84167e-07 -4.83928e-07 -2.07612e-07 -2.07657e-07 -2.07608e-07 -2.07659e-07 1.52477e-07 1.52487e-07 1.52476e-07 1.52487e-07 5.4955e-07 5.49548e-07 5.4955e-07 5.49547e-07 9.13431e-07 9.13432e-07 9.13431e-07 9.13432e-07 1.16982e-06 1.16982e-06 1.16982e-06 1.16982e-06 1.26229e-06 1.26229e-06 1.26229e-06 1.26229e-06
0.309 -9.57247e-07 -8.76246e-07 -1.04021e-06 -9.38154e-07 -8.65211e-07 -8.82834e-07 -8.55751e-07 -8.77577e-07 -8.10797e-07 -8.06966e-07 -8.11964e-07 -8.07294e-07 -7.05083e-07 -7.05915e-07 -7.04923e-07 -7.05923e-07 -5.10175e-07 -5.09994e-07 -5.10199e-07 -5.09985e-07 -2.03468e-07 -2.03507e-07 -2.03463e-07 -2.03509e-07 1.96649e-07 1.96657e-07 1.96648e-07 1.96658e-07 6.36518e-07 6.36516e-07 6.36518e-07 6.36516e-07 1.03823e-06 1.03823e-06 1.03823e-06 1.03823e-06 1.32053e-06 1.32053e-06 1.32053e-06 1.32053e-06 1.42221e-06 1.42221e-06 1.42221e-06 1.42221e-06
0.31 -9.49436e-07 -8.7986e-07 -1.02375e-06 -9.33011e-07 -8.87978e-07 -9.03144e-07 -8.79366e-07 -8.98755e-07 -8.4818e-07 -8.44877e-07 -8.49264e-07 -8.45118e-07 -7.42607e-07 -7.43326e-07 -7.42455e-07 -7.43342e-07 -5.31516e-07 -5.31359e-07 -5.31539e-07 -5.31349e-07 -1.95344e-07 -1.95377e-07 -1.95339e-07 -1.9538e-07 2.42569e-07 2.42576e-07 2.42568e-07 2.42577e-07 7.21984e-07 7.21982e-07 7.21984e-07 7.21982e-07 1.15812e-06 1.15812e-06 1.15812e-06 1.15812e-06 1.46377e-06 1.46377e-06 1.46377e-06 1.46377e-06 1.5737e-06 1.5737e-06 1.5737e-06 1.5737e-06
0.311 -9.44931e-07 -8.86341e-07 -1.01072e-06 -9.31075e-07 -9.1105e-07 -9.2385e-07 -9.03283e-07 -9.20286e-07 -8.83116e-07 -8.80323e-07 -8.84116e-07 -8.80484e-07 -7.7562e-07 -7.76229e-07 -7.75477e-07 -7.76253e-07 -5.47614e-07 -5.47481e-07 -5.47637e-07 -5.47471e-07 -1.82898e-07 -1.82927e-07 -1.82894e-07 -1.8293e-07 2.9031e-07 2.90316e-07 2.90309e-07 2.90317e-07 8.05737e-07 8.05736e-07 8.05737e-07 8.05736e-07 1.27265e-06 1.27265e-06 1.27265e-06 1.27265e-06 1.59891e-06 1.59891e-06 1.59891e-06 1.59891e-06 1.71608e-06 1.71608e-06 1.71608e-06 1.71608e-06
0.312 -9.43408e-07 -8.95272e-07 -1.00088e-06 -9.32001e-07 -9.33895e-07 -9.44443e-07 -9.26966e-07 -9.41655e-07 -9.1499e-07 -9.12682e-07 -9.15904e-07 -9.12769e-07 -8.03517e-07 -8.04022e-07 -8.03383e-07 -8.04053e-07 -5.57989e-07 -5.57878e-07 -5.5801e-07 -5.57867e-07 -1.65855e-07 -1.65879e-07 -1.65851e-07 -1.65881e-07 3.39901e-07 3.39906e-07 3.399e-07 3.39907e-07 8.87561e-07 8.8756e-07 8.87562e-07 8.8756e-07 1.38139e-06 1.38139e-06 1.38139e-06 1.38139e-06 1.7254e-06 1.7254e-06 1.7254e-06 1.7254e-06 1.84875e-06 1.84875e-06 1.84875e-06 1.84875e-06
0.313 -9.44523e-07 -9.06219e-07 -9.93968e-07 -9.35422e-07 -9.55992e-07 -9.6442e-07 -9.49881e-07 -9.6235e-07 -9.43218e-07 -9.41367e-07 -9.44046e-07 -9.41389e-07 -8.25755e-07 -8.2616e-07 -8.2563e-07 -8.26197e-07 -5.62231e-07 -5.62142e-07 -5.62252e-07 -5.62131e-07 -1.44006e-07 -1.44025e-07 -1.44002e-07 -1.44028e-07 3.91325e-07 3.9133e-07 3.91325e-07 3.9133e-07 9.67237e-07 9.67236e-07 9.67237e-07 9.67236e-07 1.48398e-06 1.48398e-06 1.48398e-06 1.48398e-06 1.84277e-06 1.84277e-06 1.84277e-06 1.84277e-06 1.97121e-06 1.97121e-06 1.97121e-06 1.97121e-06
0.314 -9.4791e-07 -9.18737e-07 -9.89681e-07 -9.40956e-07 -9.76829e-07 -9.83286e-07 -9.71511e-07 -9.81871e-07 -9.67258e-07 -9.65833e-07 -9.68001e-07 -9.65796e-07 -8.41849e-07 -8.42164e-07 -8.41735e-07 -8.42204e-07 -5.60007e-07 -5.59938e-07 -5.60027e-07 -5.59927e-07 -1.17212e-07 -1.17227e-07 -1.17208e-07 -1.1723e-07 4.44525e-07 4.44529e-07 4.44525e-07 4.44529e-07 1.04454e-06 1.04454e-06 1.04454e-06 1.04454e-06 1.58008e-06 1.58008e-06 1.58008e-06 1.58008e-06 1.95062e-06 1.95062e-06 1.95062e-06 1.95062e-06 2.08304e-06 2.08304e-06 2.08304e-06 2.08304e-06
0.315 -9.53192e-07 -9.32372e-07 -9.8771e-07 -9.48205e-07 -9.95908e-07 -1.00056e-06 -9.91351e-07 -9.99733e-07 -9.8661e-07 -9.85574e-07 -9.87268e-07 -9.85488e-07 -8.51386e-07 -8.51616e-07 -8.51281e-07 -8.5166e-07 -5.5106e-07 -5.5101e-07 -5.51078e-07 -5.50998e-07 -8.54027e-08 -8.5414e-08 -8.53994e-08 -8.54166e-08 4.99402e-07 4.99404e-07 4.99401e-07 4.99405e-07 1.11925e-06 1.11925e-06 1.11925e-06 1.11925e-06 1.66941e-06 1.66941e-06 1.66941e-06 1.66941e-06 2.04865e-06 2.04865e-06 2.04865e-06 2.04865e-06 2.18394e-06 2.18394e-06 2.18394e-06 2.18394e-06
0.316 -9.59975e-07 -9.46667e-07 -9.87726e-07 -9.56763e-07 -1.01275e-06 -1.01578e-06 -1.00892e-06 -1.01547e-06 -1.00082e-06 -1.00013e-06 -1.0014e-06 -1.00001e-06 -8.54019e-07 -8.54173e-07 -8.53924e-07 -8.54218e-07 -5.35211e-07 -5.35177e-07 -5.35228e-07 -5.35165e-07 -4.85766e-08 -4.85843e-08 -4.85735e-08 -4.85868e-08 5.55816e-07 5.55818e-07 5.55815e-07 5.55818e-07 1.19116e-06 1.19116e-06 1.19116e-06 1.19116e-06 1.75171e-06 1.75171e-06 1.75171e-06 1.75171e-06 2.13662e-06 2.13662e-06 2.13662e-06 2.13662e-06 2.27366e-06 2.27366e-06 2.27366e-06 2.27366e-06
0.317 -9.67858e-07 -9.61161e-07 -9.89385e-07 -9.66214e-07 -1.02691e-06 -1.0285e-06 -1.02374e-06 -1.02863e-06 -1.00948e-06 -1.00911e-06 -1.00998e-06 -1.00895e-06 -8.49472e-07 -8.49559e-07 -8.49388e-07 -8.49606e-07 -5.12359e-07 -5.12339e-07 -5.12375e-07 -5.12328e-07 -6.79787e-09 -6.80243e-09 -6.79503e-09 -6.80481e-09 6.13592e-07 6.13593e-07 6.13591e-07 6.13593e-07 1.26004e-06 1.26004e-06 1.26004e-06 1.26004e-06 1.8268e-06 1.8268e-06 1.8268e-06 1.8268e-06 2.21438e-06 2.21438e-06 2.21438e-06 2.21438e-06 2.35208e-06 2.35208e-06 2.35208e-06 2.35208e-06
0.318 -9.76434e-07 -9.75397e-07 -9.92329e-07 -9.7614e-07 -1.03794e-06 -1.03831e-06 -1.0354e-06 -1.03879e-06 -1.01225e-06 -1.01215e-06 -1.01268e-06 -1.01197e-06 -8.37546e-07 -8.37575e-07 -8.37472e-07 -8.37621e-07 -4.82482e-07 -4.82475e-07 -4.82496e-07 -4.82464e-07 3.98046e-08 3.98028e-08 3.98072e-08 3.98006e-08 6.72521e-07 6.72522e-07 6.72521e-07 6.72522e-07 1.32569e-06 1.32569e-06 1.32569e-06 1.32569e-06 1.89454e-06 1.89454e-06 1.89454e-06 1.89454e-06 2.28184e-06 2.28184e-06 2.28184e-06 2.28184e-06 2.41915e-06 2.41915e-06 2.41915e-06 2.41915e-06
0.319 -9.85292e-07 -9.88925e-07 -9.96196e-07 -9.8612e-07 -1.04546e-06 -1.04481e-06 -1.04349e-06 -1.04558e-06 -1.00884e-06 -1.00896e-06 -1.00919e-06 -1.00876e-06 -8.18115e-07 -8.18096e-07 -8.1805e-07 -8.1814e-07 -4.45635e-07 -4.45638e-07 -4.45647e-07 -4.45628e-07 9.10411e-08 9.10415e-08 9.10434e-08 9.10394e-08 7.32366e-07 7.32366e-07 7.32365e-07 7.32366e-07 1.38793e-06 1.38793e-06 1.38793e-06 1.38793e-06 1.95483e-06 1.95483e-06 1.95483e-06 1.95483e-06 2.33902e-06 2.33902e-06 2.33902e-06 2.33902e-06 2.47492e-06 2.47492e-06 2.47492e-06 2.47492e-06
0.32 -9.94026e-07 -1.0013e-06 -1.00061e-06 -9.95738e-07 -1.0491e-06 -1.04765e-06 -1.04763e-06 -1.04861e-06 -9.99015e-07 -9.99302e-07 -9.99302e-07 -9.99104e-07 -7.91128e-07 -7.91071e-07 -7.91073e-07 -7.91113e-07 -4.01945e-07 -4.01957e-07 -4.01956e-07 -4.01948e-07 1.46664e-07 1.46666e-07 1.46666e-07 1.46664e-07 7.92861e-07 7.9286e-07 7.9286e-07 7.92861e-07 1.44655e-06 1.44655e-06 1.44655e-06 1.44655e-06 2.00762e-06 2.00762e-06 2.00762e-06 2.00762e-06 2.386e-06 2.386e-06 2.386e-06 2.386e-06 2.51951e-06 2.51951e-06 2.51951e-06 2.51951e-06
0.321 -1.00223e-06 -1.0121e-06 -1.00521e-06 -1.00458e-06 -1.04853e-06 -1.04651e-06 -1.04751e-06 -1.04759e-06 -9.82604e-07 -9.83017e-07 -9.82831e-07 -9.82825e-07 -7.56611e-07 -7.56526e-07 -7.56565e-07 -7.56564e-07 -3.51617e-07 -3.51634e-07 -3.51626e-07 -3.51626e-07 2.06373e-07 2.06377e-07 2.06375e-07 2.06375e-07 8.53721e-07 8.5372e-07 8.5372e-07 8.5372e-07 1.50141e-06 1.50141e-06 1.50141e-06 1.50141e-06 2.05293e-06 2.05293e-06 2.05293e-06 2.05293e-06 2.42292e-06 2.42292e-06 2.42292e-06 2.42292e-06 2.55313e-06 2.55313e-06 2.55313e-06 2.55313e-06
0.322 -1.00951e-06 -1.02091e-06 -1.00963e-06 -1.01226e-06 -1.04348e-06 -1.04112e-06 -1.04283e-06 -1.04222e-06 -9.59505e-07 -9.59994e-07 -9.59677e-07 -9.59817e-07 -7.14663e-07 -7.14562e-07 -7.14627e-07 -7.14595e-07 -2.9492e-07 -2.94941e-07 -2.94928e-07 -2.94935e-07 2.6982e-07 2.69824e-07 2.69821e-07 2.69823e-07 9.14642e-07 9.14641e-07 9.14642e-07 9.14642e-07 1.55235e-06 1.55235e-06 1.55235e-06 1.55235e-06 2.0908e-06 2.0908e-06 2.0908e-06 2.0908e-06 2.45001e-06 2.45001e-06 2.45001e-06 2.45001e-06 2.57607e-06 2.57607e-06 2.57607e-06 2.57607e-06
0.323 -1.01547e-06 -1.02735e-06 -1.01348e-06 -1.01838e-06 -1.0337e-06 -1.03122e-06 -1.03335e-06 -1.03226e-06 -9.29678e-07 -9.30195e-07 -9.29803e-07 -9.30042e-07 -6.6546e-07 -6.65352e-07 -6.65431e-07 -6.65379e-07 -2.32191e-07 -2.32214e-07 -2.32197e-07 -2.32209e-07 3.36612e-07 3.36617e-07 3.36613e-07 3.36616e-07 9.7531e-07 9.75309e-07 9.7531e-07 9.7531e-07 1.59924e-06 1.59924e-06 1.59924e-06 1.59924e-06 2.12134e-06 2.12134e-06 2.12134e-06 2.12134e-06 2.46755e-06 2.46755e-06 2.46755e-06 2.46755e-06 2.58868e-06 2.58868e-06 2.58868e-06 2.58868e-06
0.324 -1.01976e-06 -1.03104e-06 -1.01643e-06 -1.02257e-06 -1.01899e-06 -1.01663e-06 -1.01887e-06 -1.01753e-06 -8.9315e-07 -8.93646e-07 -8.93234e-07 -8.93525e-07 -6.09245e-07 -6.09141e-07 -6.09224e-07 -6.09161e-07 -1.63828e-07 -1.6385e-07 -1.63832e-07 -1.63846e-07 4.06321e-07 4.06325e-07 4.06322e-07 4.06325e-07 1.0354e-06 1.0354e-06 1.0354e-06 1.0354e-06 1.64197e-06 1.64197e-06 1.64197e-06 1.64197e-06 2.14467e-06 2.14467e-06 2.14467e-06 2.14467e-06 2.47588e-06 2.47588e-06 2.47588e-06 2.47588e-06 2.59138e-06 2.59138e-06 2.59138e-06 2.59138e-06
0.325 -1.02201e-06 -1.03165e-06 -1.01812e-06 -1.02449e-06 -9.99216e-07 -9.9719e-07 -9.99244e-07 -9.9787e-07 -8.50013e-07 -8.50439e-07 -8.50063e-07 -8.50358e-07 -5.46332e-07 -5.46243e-07 -5.46319e-07 -5.46255e-07 -9.02822e-08 -9.0301e-08 -9.0285e-08 -9.02986e-08 4.78485e-07 4.78489e-07 4.78486e-07 4.78489e-07 1.09459e-06 1.09459e-06 1.09459e-06 1.09459e-06 1.68045e-06 1.68045e-06 1.68045e-06 1.68045e-06 2.161e-06 2.161e-06 2.161e-06 2.161e-06 2.4754e-06 2.4754e-06 2.4754e-06 2.4754e-06 2.58465e-06 2.58465e-06 2.58465e-06 2.58465e-06
0.326 -1.02191e-06 -1.02888e-06 -1.01822e-06 -1.02381e-06 -9.74278e-07 -9.72811e-07 -9.74383e-07 -9.73192e-07 -8.00424e-07 -8.00733e-07 -8.00447e-07 -8.00701e-07 -4.77101e-07 -4.77037e-07 -4.77094e-07 -4.77041e-07 -1.20574e-08 -1.20711e-08 -1.20588e-08 -1.20703e-08 5.52619e-07 5.52622e-07 5.52619e-07 5.52622e-07 1.15255e-06 1.15255e-06 1.15255e-06 1.15255e-06 1.71463e-06 1.71463e-06 1.71463e-06 1.71463e-06 2.17054e-06 2.17054e-06 2.17054e-06 2.17054e-06 2.46654e-06 2.46654e-06 2.46654e-06 2.46654e-06 2.569e-06 2.569e-06 2.569e-06 2.569e-06
0.327 -1.01913e-06 -1.02246e-06 -1.01641e-06 -1.02024e-06 -9.44135e-07 -9.43439e-07 -9.44241e-07 -9.43445e-07 -7.44605e-07 -7.4475e-07 -7.44608e-07 -7.44773e-07 -4.01992e-07 -4.01962e-07 -4.01991e-07 -4.01957e-07 7.02991e-08 7.02927e-08 7.02989e-08 7.02918e-08 6.28216e-07 6.28218e-07 6.28216e-07 6.28218e-07 1.20896e-06 1.20896e-06 1.20896e-06 1.20896e-06 1.74447e-06 1.74447e-06 1.74447e-06 1.74447e-06 2.17355e-06 2.17355e-06 2.17355e-06 2.17355e-06 2.44981e-06 2.44981e-06 2.44981e-06 2.44981e-06 2.54502e-06 2.54502e-06 2.54502e-06 2.54502e-06
0.328 -1.01342e-06 -1.01214e-06 -1.01242e-06 -1.0135e-06 -9.08795e-07 -9.09074e-07 -9.08827e-07 -9.08636e-07 -6.82837e-07 -6.82776e-07 -6.82829e-07 -6.82861e-07 -3.21502e-07 -3.21516e-07 -3.21506e-07 -3.21501e-07 1.56202e-07 1.56205e-07 1.56203e-07 1.56202e-07 7.04758e-07 7.04757e-07 7.04758e-07 7.04758e-07 1.26352e-06 1.26352e-06 1.26352e-06 1.26352e-06 1.76995e-06 1.76995e-06 1.76995e-06 1.76995e-06 2.17034e-06 2.17034e-06 2.17034e-06 2.17034e-06 2.42571e-06 2.42571e-06 2.42571e-06 2.42571e-06 2.5133e-06 2.5133e-06 2.5133e-06 2.5133e-06
0.329 -1.00451e-06 -9.97743e-07 -1.00596e-06 -1.00337e-06 -8.68321e-07 -8.69768e-07 -8.68205e-07 -8.68819e-07 -6.15463e-07 -6.15153e-07 -6.15451e-07 -6.15308e-07 -2.36179e-07 -2.36246e-07 -2.36187e-07 -2.3622e-07 2.45034e-07 2.45048e-07 2.45036e-07 2.45044e-07 7.81717e-07 7.81714e-07 7.81716e-07 7.81715e-07 1.31592e-06 1.31592e-06 1.31592e-06 1.31592e-06 1.79109e-06 1.79109e-06 1.79109e-06 1.79109e-06 2.16122e-06 2.16122e-06 2.16122e-06 2.16122e-06 2.39481e-06 2.39481e-06 2.39481e-06 2.39481e-06 2.47448e-06 2.47448e-06 2.47448e-06 2.47448e-06
0.33 -9.92208e-07 -9.79106e-07 -9.96794e-07 -9.89634e-07 -8.22826e-07 -8.25621e-07 -8.22491e-07 -8.24101e-07 -5.42882e-07 -5.42285e-07 -5.42873e-07 -5.42513e-07 -1.46618e-07 -1.46746e-07 -1.46629e-07 -1.4671e-07 3.36153e-07 3.3618e-07 3.36156e-07 3.36174e-07 8.58565e-07 8.58559e-07 8.58565e-07 8.58561e-07 1.36589e-06 1.36589e-06 1.36589e-06 1.36589e-06 1.80794e-06 1.80794e-06 1.80794e-06 1.80794e-06 2.14655e-06 2.14655e-06 2.14655e-06 2.14655e-06 2.35768e-06 2.35768e-06 2.35768e-06 2.35768e-06 2.42923e-06 2.42923e-06 2.42923e-06 2.42923e-06
0.331 -9.7632e-07 -9.56121e-07 -9.84707e-07 -9.72142e-07 -7.72476e-07 -7.76785e-07 -7.71854e-07 -7.7464e-07 -4.65543e-07 -4.64623e-07 -4.65545e-07 -4.64929e-07 -5.34528e-08 -5.36494e-08 -5.3466e-08 -5.3602e-08 4.28898e-07 4.2894e-07 4.28902e-07 4.28932e-07 9.34779e-07 9.3477e-07 9.34778e-07 9.34771e-07 1.41316e-06 1.41317e-06 1.41316e-06 1.41317e-06 1.82055e-06 1.82055e-06 1.82055e-06 1.82055e-06 2.1267e-06 2.1267e-06 2.1267e-06 2.1267e-06 2.31491e-06 2.31491e-06 2.31491e-06 2.31491e-06 2.37821e-06 2.37821e-06 2.37821e-06 2.37821e-06
0.332 -9.56709e-07 -9.28722e-07 -9.69514e-07 -9.50766e-07 -7.17487e-07 -7.23459e-07 -7.16512e-07 -7.20641e-07 -3.83944e-07 -3.82668e-07 -3.83965e-07 -3.83057e-07 4.26496e-08 4.2377e-08 4.2635e-08 4.24357e-08 5.22599e-07 5.22657e-07 5.22604e-07 5.22648e-07 1.00984e-06 1.00983e-06 1.00984e-06 1.00983e-06 1.45751e-06 1.45751e-06 1.45751e-06 1.45751e-06 1.82903e-06 1.82903e-06 1.82903e-06 1.82903e-06 2.10208e-06 2.10208e-06 2.10208e-06 2.10208e-06 2.26712e-06 2.26712e-06 2.26712e-06 2.26712e-06 2.32211e-06 2.32211e-06 2.32211e-06 2.32211e-06
0.333 -9.33272e-07 -8.96887e-07 -9.51065e-07 -9.2542e-07 -6.58121e-07 -6.65889e-07 -6.56733e-07 -6.62358e-07 -2.98625e-07 -2.96966e-07 -2.98672e-07 -2.9744e-07 1.40995e-07 1.4064e-07 1.4098e-07 1.40711e-07 6.16578e-07 6.16654e-07 6.16584e-07 6.16643e-07 1.08326e-06 1.08324e-06 1.08326e-06 1.08324e-06 1.49872e-06 1.49872e-06 1.49872e-06 1.49872e-06 1.83348e-06 1.83348e-06 1.83348e-06 1.83348e-06 2.07308e-06 2.07308e-06 2.07308e-06 2.07308e-06 2.21491e-06 2.21491e-06 2.21491e-06 2.21491e-06 2.26161e-06 2.26161e-06 2.26161e-06 2.26161e-06
0.334 -9.05946e-07 -8.60642e-07 -9.29241e-07 -8.96061e-07 -5.94687e-07 -6.04363e-07 -5.92828e-07 -6.00085e-07 -2.10164e-07 -2.08096e-07 -2.10242e-07 -2.08657e-07 2.40871e-07 2.40429e-07 2.40856e-07 2.4051e-07 7.10162e-07 7.10256e-07 7.10168e-07 7.10243e-07 1.15454e-06 1.15452e-06 1.15454e-06 1.15452e-06 1.53659e-06 1.53659e-06 1.53659e-06 1.53659e-06 1.83405e-06 1.83405e-06 1.83405e-06 1.83405e-06 2.04015e-06 2.04015e-06 2.04015e-06 2.04015e-06 2.15891e-06 2.15891e-06 2.15891e-06 2.15891e-06 2.19741e-06 2.19741e-06 2.19741e-06 2.19741e-06
0.335 -8.74707e-07 -8.20056e-07 -9.03961e-07 -8.62687e-07 -5.27535e-07 -5.39213e-07 -5.25154e-07 -5.34162e-07 -1.19167e-07 -1.16671e-07 -1.19285e-07 -1.17321e-07 3.41552e-07 3.41018e-07 3.41538e-07 3.4111e-07 8.02683e-07 8.02798e-07 8.0269e-07 8.02783e-07 1.22324e-06 1.22321e-06 1.22323e-06 1.22321e-06 1.57098e-06 1.57098e-06 1.57098e-06 1.57098e-06 1.83089e-06 1.83089e-06 1.83089e-06 1.83089e-06 2.0037e-06 2.0037e-06 2.0037e-06 2.0037e-06 2.09973e-06 2.09973e-06 2.09973e-06 2.09973e-06 2.13017e-06 2.13017e-06 2.13017e-06 2.13017e-06
0.336 -8.39571e-07 -7.75243e-07 -8.75178e-07 -8.25336e-07 -4.57053e-07 -4.70804e-07 -4.54104e-07 -4.64964e-07 -2.6269e-08 -2.33277e-08 -2.64309e-08 -2.40665e-08 4.42307e-07 4.41677e-07 4.42295e-07 4.41781e-07 8.93492e-07 8.93627e-07 8.93499e-07 8.9361e-07 1.28891e-06 1.28888e-06 1.28891e-06 1.28888e-06 1.60175e-06 1.60175e-06 1.60175e-06 1.60175e-06 1.82419e-06 1.82419e-06 1.82419e-06 1.82419e-06 1.96418e-06 1.96418e-06 1.96418e-06 1.96418e-06 2.03796e-06 2.03796e-06 2.03796e-06 2.03796e-06 2.06056e-06 2.06056e-06 2.06056e-06 2.06056e-06
0.337 -8.00596e-07 -7.26362e-07 -8.42882e-07 -7.8409e-07 -3.83663e-07 -3.99538e-07 -3.80106e-07 -3.929e-07 6.78808e-08 7.12776e-08 6.76688e-08 7.04506e-08 5.42409e-07 5.41682e-07 5.424e-07 5.41796e-07 9.81956e-07 9.82112e-07 9.81963e-07 9.82094e-07 1.35116e-06 1.35113e-06 1.35116e-06 1.35113e-06 1.62879e-06 1.6288e-06 1.6288e-06 1.6288e-06 1.81414e-06 1.81413e-06 1.81414e-06 1.81413e-06 1.92201e-06 1.92201e-06 1.92201e-06 1.92201e-06 1.97422e-06 1.97422e-06 1.97422e-06 1.97422e-06 1.98923e-06 1.98923e-06 1.98923e-06 1.98923e-06
0.338 -7.57878e-07 -6.73612e-07 -8.07099e-07 -7.39069e-07 -3.07817e-07 -3.25845e-07 -3.03619e-07 -3.18407e-07 1.6262e-07 1.66479e-07 1.62353e-07 1.65565e-07 6.41139e-07 6.40312e-07 6.41134e-07 6.40437e-07 1.06747e-06 1.06765e-06 1.06748e-06 1.06763e-06 1.40963e-06 1.40959e-06 1.40963e-06 1.40959e-06 1.65205e-06 1.65205e-06 1.65205e-06 1.65205e-06 1.80094e-06 1.80094e-06 1.80094e-06 1.80094e-06 1.87765e-06 1.87765e-06 1.87765e-06 1.87765e-06 1.90906e-06 1.90906e-06 1.90906e-06 1.90906e-06 1.91679e-06 1.91679e-06 1.91679e-06 1.91679e-06
0.339 -7.11554e-07 -6.17234e-07 -7.67894e-07 -6.90432e-07 -2.29993e-07 -2.50179e-07 -2.25126e-07 -2.41949e-07 2.57283e-07 2.61605e-07 2.56956e-07 2.60607e-07 7.37795e-07 7.36869e-07 7.37795e-07 7.37003e-07 1.14946e-06 1.14966e-06 1.14947e-06 1.14964e-06 1.46397e-06 1.46393e-06 1.46397e-06 1.46393e-06 1.67146e-06 1.67146e-06 1.67146e-06 1.67146e-06 1.78482e-06 1.78481e-06 1.78482e-06 1.78481e-06 1.83151e-06 1.83151e-06 1.83151e-06 1.83151e-06 1.84304e-06 1.84304e-06 1.84304e-06 1.84304e-06 1.84384e-06 1.84384e-06 1.84384e-06 1.84384e-06
0.34 -6.61796e-07 -5.57505e-07 -7.25363e-07 -6.38376e-07 -1.50685e-07 -1.73014e-07 -1.45131e-07 -1.64006e-07 3.51205e-07 3.55988e-07 3.50816e-07 3.54909e-07 8.31699e-07 8.30674e-07 8.31704e-07 8.30817e-07 1.22739e-06 1.22761e-06 1.2274e-06 1.22759e-06 1.51389e-06 1.51385e-06 1.51389e-06 1.51385e-06 1.687e-06 1.68701e-06 1.687e-06 1.68701e-06 1.766e-06 1.766e-06 1.766e-06 1.766e-06 1.78401e-06 1.78401e-06 1.78401e-06 1.78401e-06 1.7767e-06 1.7767e-06 1.7767e-06 1.7767e-06 1.77095e-06 1.77095e-06 1.77095e-06 1.77095e-06
0.341 -6.08812e-07 -4.94736e-07 -6.7964e-07 -5.83132e-07 -7.04049e-08 -9.48369e-08 -6.41507e-08 -8.50766e-08 4.43733e-07 4.48968e-07 4.43278e-07 4.47813e-07 9.222e-07 9.21078e-07 9.22211e-07 9.21229e-07 1.30076e-06 1.30101e-06 1.30077e-06 1.30098e-06 1.55914e-06 1.55909e-06 1.55914e-06 1.55909e-06 1.69869e-06 1.6987e-06 1.69869e-06 1.6987e-06 1.74474e-06 1.74473e-06 1.74474e-06 1.74473e-06 1.73555e-06 1.73555e-06 1.73555e-06 1.73555e-06 1.71053e-06 1.71053e-06 1.71053e-06 1.71053e-06 1.69865e-06 1.69865e-06 1.69865e-06 1.69865e-06
0.342 -5.52843e-07 -4.29269e-07 -6.3089e-07 -5.24966e-07 1.03289e-08 -1.6146e-08 1.72886e-08 -5.66409e-09 5.3423e-07 5.39904e-07 5.33706e-07 5.38677e-07 1.00869e-06 1.00747e-06 1.0087e-06 1.00763e-06 1.36912e-06 1.36938e-06 1.36913e-06 1.36936e-06 1.5995e-06 1.59944e-06 1.59949e-06 1.59944e-06 1.70655e-06 1.70657e-06 1.70656e-06 1.70657e-06 1.72125e-06 1.72125e-06 1.72125e-06 1.72125e-06 1.68653e-06 1.68653e-06 1.68653e-06 1.68653e-06 1.645e-06 1.645e-06 1.645e-06 1.645e-06 1.62743e-06 1.62743e-06 1.62743e-06 1.62743e-06
0.343 -4.94161e-07 -3.61475e-07 -5.79309e-07 -4.64171e-07 9.09944e-08 6.25579e-08 9.86574e-08 7.37228e-08 6.22079e-07 6.28175e-07 6.21485e-07 6.26882e-07 1.09058e-06 1.08928e-06 1.09061e-06 1.08944e-06 1.43206e-06 1.43234e-06 1.43206e-06 1.43232e-06 1.63477e-06 1.63471e-06 1.63477e-06 1.63472e-06 1.71064e-06 1.71066e-06 1.71064e-06 1.71065e-06 1.6958e-06 1.6958e-06 1.6958e-06 1.6958e-06 1.63732e-06 1.63732e-06 1.63732e-06 1.63732e-06 1.58056e-06 1.58056e-06 1.58056e-06 1.58056e-06 1.55777e-06 1.55777e-06 1.55777e-06 1.55777e-06
0.344 -4.33064e-07 -2.91746e-07 -5.25124e-07 -4.01069e-07 1.71072e-07 1.40776e-07 1.79429e-07 1.52578e-07 7.06695e-07 7.13192e-07 7.06029e-07 7.11839e-07 1.16737e-06 1.16597e-06 1.1674e-06 1.16614e-06 1.48922e-06 1.48952e-06 1.48922e-06 1.48949e-06 1.66484e-06 1.66477e-06 1.66484e-06 1.66478e-06 1.71103e-06 1.71104e-06 1.71103e-06 1.71104e-06 1.66861e-06 1.66861e-06 1.66861e-06 1.66861e-06 1.58826e-06 1.58826e-06 1.58826e-06 1.58826e-06 1.51762e-06 1.51762e-06 1.51762e-06 1.51762e-06 1.49008e-06 1.49008e-06 1.49008e-06 1.49008e-06
0.345 -3.69877e-07 -2.20494e-07 -4.68586e-07 -3.36003e-07 2.5005e-07 2.18014e-07 2.59084e-07 2.30401e-07 7.87526e-07 7.94398e-07 7.86789e-07 7.92992e-07 1.23856e-06 1.23709e-06 1.2386e-06 1.23726e-06 1.54029e-06 1.5406e-06 1.54029e-06 1.54058e-06 1.68959e-06 1.68952e-06 1.68959e-06 1.68952e-06 1.7078e-06 1.70782e-06 1.7078e-06 1.70782e-06 1.63993e-06 1.63992e-06 1.63993e-06 1.63993e-06 1.53968e-06 1.53968e-06 1.53968e-06 1.53968e-06 1.45653e-06 1.45653e-06 1.45653e-06 1.45653e-06 1.42475e-06 1.42475e-06 1.42475e-06 1.42475e-06
0.346 -3.04944e-07 -1.48146e-07 -4.09971e-07 -2.69337e-07 3.2743e-07 2.93794e-07 3.37117e-07 3.06707e-07 8.6406e-07 8.71277e-07 8.63252e-07 8.69826e-07 1.30374e-06 1.30219e-06 1.30379e-06 1.30237e-06 1.58502e-06 1.58535e-06 1.58502e-06 1.58533e-06 1.70896e-06 1.70889e-06 1.70896e-06 1.70889e-06 1.70108e-06 1.70109e-06 1.70108e-06 1.70109e-06 1.60998e-06 1.60998e-06 1.60998e-06 1.60998e-06 1.49189e-06 1.49189e-06 1.49189e-06 1.49189e-06 1.39765e-06 1.39765e-06 1.39765e-06 1.39765e-06 1.36212e-06 1.36212e-06 1.36212e-06 1.36212e-06
0.347 -2.38625e-07 -7.51378e-08 -3.49576e-07 -2.01449e-07 4.02732e-07 3.6765e-07 4.13043e-07 3.81026e-07 9.35829e-07 9.43359e-07 9.34953e-07 9.41871e-07 1.36254e-06 1.36092e-06 1.3626e-06 1.3611e-06 1.62321e-06 1.62356e-06 1.62321e-06 1.62353e-06 1.72293e-06 1.72286e-06 1.72293e-06 1.72286e-06 1.69097e-06 1.69098e-06 1.69097e-06 1.69098e-06 1.57899e-06 1.57899e-06 1.57899e-06 1.57899e-06 1.44515e-06 1.44515e-06 1.44515e-06 1.44515e-06 1.34126e-06 1.34126e-06 1.34126e-06 1.34126e-06 1.3025e-06 1.3025e-06 1.3025e-06 1.3025e-06
0.348 -1.71296e-07 -1.91128e-09 -2.87714e-07 -1.3273e-07 4.75499e-07 4.39141e-07 4.86396e-07 4.52912e-07 1.00242e-06 1.01022e-06 1.00147e-06 1.0087e-06 1.41466e-06 1.41298e-06 1.41473e-06 1.41316e-06 1.65471e-06 1.65507e-06 1.65471e-06 1.65505e-06 1.73151e-06 1.73143e-06 1.73151e-06 1.73144e-06 1.67762e-06 1.67763e-06 1.67762e-06 1.67763e-06 1.54717e-06 1.54717e-06 1.54717e-06 1.54717e-06 1.39972e-06 1.39972e-06 1.39972e-06 1.39972e-06 1.28762e-06 1.28762e-06 1.28762e-06 1.28762e-06 1.24613e-06 1.24613e-06 1.24613e-06 1.24613e-06
0.349 -1.03339e-07 7.10911e-08 -2.24714e-07 -6.3577e-08 5.45302e-07 5.07849e-07 5.56743e-07 5.21943e-07 1.06345e-06 1.0715e-06 1.06244e-06 1.06996e-06 1.45985e-06 1.45813e-06 1.45993e-06 1.45831e-06 1.67944e-06 1.67981e-06 1.67944e-06 1.67979e-06 1.73475e-06 1.73467e-06 1.73475e-06 1.73467e-06 1.66117e-06 1.66118e-06 1.66117e-06 1.66118e-06 1.51472e-06 1.51472e-06 1.51472e-06 1.51472e-06 1.35581e-06 1.35582e-06 1.35581e-06 1.35582e-06 1.23695e-06 1.23695e-06 1.23695e-06 1.23695e-06 1.19324e-06 1.19324e-06 1.19324e-06 1.19324e-06
0.35 -3.51434e-08 1.43431e-07 -1.60915e-07 5.60913e-09 6.11743e-07 5.73389e-07 6.2368e-07 5.87731e-07 1.11863e-06 1.12687e-06 1.11756e-06 1.12532e-06 1.49794e-06 1.49617e-06 1.49802e-06 1.49635e-06 1.69735e-06 1.69773e-06 1.69734e-06 1.69771e-06 1.73272e-06 1.73264e-06 1.73272e-06 1.73264e-06 1.64177e-06 1.64179e-06 1.64177e-06 1.64179e-06 1.48182e-06 1.48182e-06 1.48182e-06 1.48182e-06 1.31362e-06 1.31363e-06 1.31362e-06 1.31363e-06 1.18944e-06 1.18944e-06 1.18944e-06 1.18944e-06 1.144e-06 1.144e-06 1.144e-06 1.144e-06
0.351 3.29002e-08 2.14678e-07 -9.66619e-08 7.44289e-08 6.74459e-07 6.35405e-07 6.86838e-07 6.49917e-07 1.16768e-06 1.17608e-06 1.16656e-06 1.17452e-06 1.52881e-06 1.527e-06 1.5289e-06 1.52718e-06 1.70845e-06 1.70884e-06 1.70845e-06 1.70882e-06 1.72553e-06 1.72545e-06 1.72553e-06 1.72545e-06 1.61959e-06 1.61961e-06 1.61959e-06 1.6196e-06 1.44866e-06 1.44865e-06 1.44866e-06 1.44865e-06 1.27331e-06 1.27331e-06 1.27331e-06 1.27331e-06 1.14522e-06 1.14522e-06 1.14522e-06 1.14522e-06 1.09855e-06 1.09855e-06 1.09855e-06 1.09855e-06
0.352 1.00405e-07 2.84415e-07 -3.23052e-08 1.42488e-07 7.33127e-07 6.93581e-07 7.4589e-07 7.08184e-07 1.21043e-06 1.21893e-06 1.20925e-06 1.21738e-06 1.55239e-06 1.55056e-06 1.55249e-06 1.55073e-06 1.71282e-06 1.71322e-06 1.71282e-06 1.71319e-06 1.71333e-06 1.71325e-06 1.71333e-06 1.71325e-06 1.59479e-06 1.59481e-06 1.59479e-06 1.59481e-06 1.41537e-06 1.41537e-06 1.41537e-06 1.41537e-06 1.235e-06 1.235e-06 1.235e-06 1.235e-06 1.1044e-06 1.1044e-06 1.1044e-06 1.1044e-06 1.05699e-06 1.05699e-06 1.05699e-06 1.05699e-06
0.353 1.66991e-07 3.52241e-07 3.18054e-08 2.094e-07 7.87461e-07 7.47636e-07 8.00547e-07 7.6225e-07 1.24672e-06 1.25528e-06 1.24549e-06 1.25375e-06 1.5687e-06 1.56686e-06 1.56881e-06 1.56703e-06 1.71057e-06 1.71096e-06 1.71056e-06 1.71094e-06 1.69628e-06 1.6962e-06 1.69628e-06 1.6962e-06 1.56754e-06 1.56756e-06 1.56754e-06 1.56756e-06 1.38211e-06 1.38211e-06 1.38211e-06 1.38211e-06 1.19879e-06 1.19879e-06 1.19879e-06 1.19879e-06 1.06704e-06 1.06704e-06 1.06704e-06 1.06704e-06 1.01937e-06 1.01937e-06 1.01937e-06 1.01937e-06
0.354 2.32288e-07 4.17777e-07 9.53237e-08 2.74794e-07 8.37221e-07 7.97332e-07 8.50566e-07 8.11878e-07 1.27648e-06 1.28506e-06 1.27521e-06 1.28355e-06 1.5778e-06 1.57596e-06 1.57792e-06 1.57612e-06 1.70185e-06 1.70224e-06 1.70184e-06 1.70223e-06 1.67458e-06 1.67449e-06 1.67458e-06 1.67449e-06 1.53802e-06 1.53803e-06 1.53802e-06 1.53803e-06 1.349e-06 1.34899e-06 1.349e-06 1.34899e-06 1.16475e-06 1.16475e-06 1.16475e-06 1.16475e-06 1.03319e-06 1.03319e-06 1.03319e-06 1.03319e-06 9.8571e-07 9.8571e-07 9.8571e-07 9.8571e-07
0.355 2.9594e-07 4.80667e-07 1.5791e-07 3.38312e-07 8.8221e-07 8.42471e-07 8.95746e-07 8.5687e-07 1.29969e-06 1.30824e-06 1.29838e-06 1.30676e-06 1.57982e-06 1.57798e-06 1.57994e-06 1.57814e-06 1.68687e-06 1.68726e-06 1.68686e-06 1.68725e-06 1.64843e-06 1.64834e-06 1.64843e-06 1.64835e-06 1.50639e-06 1.50641e-06 1.50639e-06 1.5064e-06 1.31614e-06 1.31613e-06 1.31614e-06 1.31613e-06 1.13293e-06 1.13293e-06 1.13293e-06 1.13293e-06 1.00283e-06 1.00283e-06 1.00283e-06 1.00283e-06 9.55985e-07 9.55985e-07 9.55985e-07 9.55985e-07
0.356 3.57608e-07 5.40581e-07 2.19235e-07 3.99618e-07 9.22275e-07 8.829e-07 9.35933e-07 8.97075e-07 1.31638e-06 1.32485e-06 1.31504e-06 1.32341e-06 1.57494e-06 1.57311e-06 1.57506e-06 1.57326e-06 1.66588e-06 1.66627e-06 1.66586e-06 1.66625e-06 1.61808e-06 1.61799e-06 1.61808e-06 1.61799e-06 1.47283e-06 1.47285e-06 1.47283e-06 1.47285e-06 1.28362e-06 1.28362e-06 1.28362e-06 1.28362e-06 1.10333e-06 1.10333e-06 1.10333e-06 1.10333e-06 9.75927e-07 9.75927e-07 9.75927e-07 9.75927e-07 9.3014e-07 9.3014e-07 9.3014e-07 9.3014e-07
0.357 4.16974e-07 5.97223e-07 2.78983e-07 4.58397e-07 9.5731e-07 9.18508e-07 9.7102e-07 9.32384e-07 1.32664e-06 1.335e-06 1.32529e-06 1.33361e-06 1.56338e-06 1.56158e-06 1.56351e-06 1.56172e-06 1.63915e-06 1.63954e-06 1.63914e-06 1.63952e-06 1.58377e-06 1.58369e-06 1.58377e-06 1.58369e-06 1.43751e-06 1.43753e-06 1.43751e-06 1.43753e-06 1.25152e-06 1.25152e-06 1.25152e-06 1.25152e-06 1.07595e-06 1.07595e-06 1.07595e-06 1.07595e-06 9.52408e-07 9.52408e-07 9.52408e-07 9.52408e-07 9.08085e-07 9.08085e-07 9.08085e-07 9.08085e-07
0.358 4.73743e-07 6.50325e-07 3.36853e-07 5.14361e-07 9.87252e-07 9.49225e-07 1.00094e-06 9.62731e-07 1.33062e-06 1.33881e-06 1.32925e-06 1.33748e-06 1.54542e-06 1.54366e-06 1.54556e-06 1.54379e-06 1.60701e-06 1.60739e-06 1.607e-06 1.60738e-06 1.54579e-06 1.5457e-06 1.54579e-06 1.5457e-06 1.40061e-06 1.40063e-06 1.40061e-06 1.40063e-06 1.21989e-06 1.21989e-06 1.21989e-06 1.21989e-06 1.05074e-06 1.05074e-06 1.05074e-06 1.05074e-06 9.32172e-07 9.32171e-07 9.32172e-07 9.32171e-07 8.89696e-07 8.89697e-07 8.89696e-07 8.89697e-07
0.359 5.27644e-07 6.99655e-07 3.92563e-07 5.67248e-07 1.01208e-06 9.75027e-07 1.02569e-06 9.88094e-07 1.32851e-06 1.3365e-06 1.32713e-06 1.33522e-06 1.52139e-06 1.51967e-06 1.52153e-06 1.51979e-06 1.56981e-06 1.57018e-06 1.56979e-06 1.57017e-06 1.5044e-06 1.50432e-06 1.50441e-06 1.50433e-06 1.36229e-06 1.36231e-06 1.36229e-06 1.36231e-06 1.18878e-06 1.18878e-06 1.18878e-06 1.18878e-06 1.02764e-06 1.02764e-06 1.02764e-06 1.02764e-06 9.15085e-07 9.15085e-07 9.15085e-07 9.15085e-07 8.74819e-07 8.74819e-07 8.74819e-07 8.74819e-07
0.36 5.78437e-07 7.45017e-07 4.45852e-07 6.16826e-07 1.03183e-06 9.95928e-07 1.04527e-06 1.00849e-06 1.32054e-06 1.32828e-06 1.31916e-06 1.32707e-06 1.49165e-06 1.48998e-06 1.49179e-06 1.49009e-06 1.52792e-06 1.52828e-06 1.5279e-06 1.52827e-06 1.45993e-06 1.45985e-06 1.45993e-06 1.45985e-06 1.32272e-06 1.32274e-06 1.32272e-06 1.32274e-06 1.15822e-06 1.15821e-06 1.15822e-06 1.15821e-06 1.00657e-06 1.00657e-06 1.00657e-06 1.00657e-06 9.00989e-07 9.00989e-07 9.00989e-07 9.00989e-07 8.63268e-07 8.63268e-07 8.63268e-07 8.63268e-07
0.361 6.25908e-07 7.86251e-07 4.96482e-07 6.62895e-07 1.04656e-06 1.01198e-06 1.05977e-06 1.02399e-06 1.307e-06 1.31445e-06 1.30562e-06 1.31331e-06 1.45659e-06 1.45498e-06 1.45674e-06 1.45508e-06 1.48173e-06 1.48208e-06 1.48171e-06 1.48207e-06 1.41266e-06 1.41258e-06 1.41266e-06 1.41258e-06 1.28207e-06 1.28208e-06 1.28207e-06 1.28208e-06 1.12821e-06 1.12821e-06 1.12821e-06 1.12821e-06 9.87409e-07 9.87409e-07 9.87409e-07 9.87409e-07 8.89699e-07 8.89698e-07 8.89699e-07 8.89698e-07 8.54831e-07 8.54831e-07 8.54831e-07 8.54831e-07
0.362 6.69874e-07 8.23235e-07 5.44241e-07 7.05284e-07 1.05637e-06 1.02328e-06 1.06929e-06 1.03468e-06 1.28819e-06 1.29532e-06 1.28682e-06 1.29426e-06 1.41664e-06 1.4151e-06 1.41679e-06 1.41519e-06 1.43167e-06 1.432e-06 1.43165e-06 1.432e-06 1.36291e-06 1.36284e-06 1.36291e-06 1.36284e-06 1.24049e-06 1.24051e-06 1.24049e-06 1.24051e-06 1.09877e-06 1.09876e-06 1.09877e-06 1.09876e-06 9.70038e-07 9.70039e-07 9.70038e-07 9.70039e-07 8.81004e-07 8.81004e-07 8.81004e-07 8.81004e-07 8.49272e-07 8.49273e-07 8.49272e-07 8.49273e-07
0.363 7.10184e-07 8.55882e-07 5.88939e-07 7.43858e-07 1.06141e-06 1.02996e-06 1.07398e-06 1.04069e-06 1.26447e-06 1.27125e-06 1.26312e-06 1.27027e-06 1.37226e-06 1.3708e-06 1.37241e-06 1.37087e-06 1.37818e-06 1.37849e-06 1.37816e-06 1.37849e-06 1.31101e-06 1.31095e-06 1.31102e-06 1.31095e-06 1.19815e-06 1.19817e-06 1.19815e-06 1.19817e-06 1.06988e-06 1.06988e-06 1.06988e-06 1.06988e-06 9.54314e-07 9.54314e-07 9.54314e-07 9.54314e-07 8.74675e-07 8.74674e-07 8.74675e-07 8.74674e-07 8.46331e-07 8.46331e-07 8.46331e-07 8.46331e-07
0.364 7.4672e-07 8.84144e-07 6.30418e-07 7.78513e-07 1.06185e-06 1.03217e-06 1.074e-06 1.0422e-06 1.23621e-06 1.24261e-06 1.23489e-06 1.24172e-06 1.32391e-06 1.32253e-06 1.32406e-06 1.3226e-06 1.32168e-06 1.32198e-06 1.32166e-06 1.32198e-06 1.25729e-06 1.25723e-06 1.25729e-06 1.25722e-06 1.1552e-06 1.15522e-06 1.1552e-06 1.15522e-06 1.04153e-06 1.04153e-06 1.04153e-06 1.04153e-06 9.40076e-07 9.40076e-07 9.40076e-07 9.40077e-07 8.70461e-07 8.70461e-07 8.70461e-07 8.70461e-07 8.45726e-07 8.45727e-07 8.45726e-07 8.45727e-07
0.365 7.79394e-07 9.08009e-07 6.68544e-07 8.09181e-07 1.0579e-06 1.03011e-06 1.06958e-06 1.03939e-06 1.20381e-06 1.20981e-06 1.20252e-06 1.209e-06 1.27208e-06 1.27079e-06 1.27224e-06 1.27085e-06 1.26265e-06 1.26293e-06 1.26263e-06 1.26293e-06 1.20207e-06 1.202e-06 1.20207e-06 1.202e-06 1.11181e-06 1.11182e-06 1.11181e-06 1.11182e-06 1.0137e-06 1.0137e-06 1.0137e-06 1.0137e-06 9.27153e-07 9.27154e-07 9.27153e-07 9.27154e-07 8.68097e-07 8.68097e-07 8.68097e-07 8.68097e-07 8.4716e-07 8.4716e-07 8.4716e-07 8.4716e-07
0.366 8.08151e-07 9.275e-07 7.03214e-07 8.35822e-07 1.04979e-06 1.02398e-06 1.06095e-06 1.0325e-06 1.16769e-06 1.17327e-06 1.16644e-06 1.17255e-06 1.21728e-06 1.21607e-06 1.21743e-06 1.21612e-06 1.20153e-06 1.20179e-06 1.20151e-06 1.20179e-06 1.14567e-06 1.14561e-06 1.14567e-06 1.14561e-06 1.0681e-06 1.06812e-06 1.0681e-06 1.06812e-06 9.86355e-07 9.86352e-07 9.86355e-07 9.86352e-07 9.15364e-07 9.15364e-07 9.15364e-07 9.15364e-07 8.67302e-07 8.67302e-07 8.67302e-07 8.67302e-07 8.50316e-07 8.50316e-07 8.50316e-07 8.50316e-07
0.367 8.32968e-07 9.42671e-07 7.3435e-07 8.58433e-07 1.03778e-06 1.01404e-06 1.04838e-06 1.02177e-06 1.12829e-06 1.13342e-06 1.12708e-06 1.13279e-06 1.15999e-06 1.15888e-06 1.16014e-06 1.15892e-06 1.13879e-06 1.13903e-06 1.13877e-06 1.13903e-06 1.08842e-06 1.08837e-06 1.08843e-06 1.08837e-06 1.02425e-06 1.02426e-06 1.02425e-06 1.02426e-06 9.59455e-07 9.59453e-07 9.59455e-07 9.59453e-07 9.04516e-07 9.04517e-07 9.04516e-07 9.04517e-07 8.67783e-07 8.67783e-07 8.67783e-07 8.67783e-07 8.54869e-07 8.54869e-07 8.54869e-07 8.54869e-07
0.368 8.53852e-07 9.53612e-07 7.61907e-07 8.77038e-07 1.02215e-06 1.00054e-06 1.03213e-06 1.00746e-06 1.08604e-06 1.09071e-06 1.08488e-06 1.09017e-06 1.10073e-06 1.09972e-06 1.10087e-06 1.09974e-06 1.07487e-06 1.07509e-06 1.07485e-06 1.07509e-06 1.03066e-06 1.03061e-06 1.03066e-06 1.03061e-06 9.8038e-07 9.8039e-07 9.80379e-07 9.8039e-07 9.32963e-07 9.32961e-07 9.32963e-07 9.32961e-07 8.94414e-07 8.94414e-07 8.94414e-07 8.94414e-07 8.69241e-07 8.69241e-07 8.69241e-07 8.69241e-07 8.60481e-07 8.60481e-07 8.60481e-07 8.60481e-07
0.369 8.70839e-07 9.60438e-07 7.85863e-07 8.91694e-07 1.00319e-06 9.8376e-07 1.01253e-06 9.8986e-07 1.04138e-06 1.04559e-06 1.04028e-06 1.04514e-06 1.03999e-06 1.03908e-06 1.04013e-06 1.03909e-06 1.01023e-06 1.01043e-06 1.01021e-06 1.01043e-06 9.72681e-07 9.72638e-07 9.72684e-07 9.72636e-07 9.36641e-07 9.3665e-07 9.3664e-07 9.36651e-07 9.06834e-07 9.06832e-07 9.06834e-07 9.06832e-07 8.84855e-07 8.84855e-07 8.84855e-07 8.84855e-07 8.71367e-07 8.71367e-07 8.71367e-07 8.71367e-07 8.66809e-07 8.66809e-07 8.66809e-07 8.66809e-07
0.37 8.83994e-07 9.63297e-07 8.06226e-07 9.02482e-07 9.81204e-07 9.63989e-07 9.89868e-07 9.69268e-07 9.94773e-07 9.98508e-07 9.93734e-07 9.98144e-07 9.78264e-07 9.77454e-07 9.78402e-07 9.77457e-07 9.45298e-07 9.45473e-07 9.45277e-07 9.4548e-07 9.14806e-07 9.14768e-07 9.1481e-07 9.14766e-07 8.93168e-07 8.93176e-07 8.93167e-07 8.93176e-07 8.81023e-07 8.81022e-07 8.81023e-07 8.81021e-07 8.75636e-07 8.75636e-07 8.75636e-07 8.75636e-07 8.73852e-07 8.73852e-07 8.73852e-07 8.73852e-07 8.73503e-07 8.73503e-07 8.73503e-07 8.73503e-07
0.371 8.93407e-07 9.62356e-07 8.23027e-07 9.09511e-07 9.5652e-07 9.41528e-07 9.64482e-07 9.45989e-07 9.46648e-07 9.49905e-07 9.45673e-07 9.49629e-07 9.16031e-07 9.15324e-07 9.16164e-07 9.15317e-07 8.80503e-07 8.80656e-07 8.80482e-07 8.80664e-07 8.57333e-07 8.573e-07 8.57336e-07 8.57298e-07 8.50092e-07 8.50099e-07 8.50091e-07 8.501e-07 8.55485e-07 8.55483e-07 8.55485e-07 8.55483e-07 8.66554e-07 8.66554e-07 8.66554e-07 8.66554e-07 8.76385e-07 8.76385e-07 8.76385e-07 8.76385e-07 8.80217e-07 8.80217e-07 8.80217e-07 8.80217e-07
0.372 8.99194e-07 9.57809e-07 8.36325e-07 9.12916e-07 9.29456e-07 9.16686e-07 9.36696e-07 9.20336e-07 8.97441e-07 9.0022e-07 8.96532e-07 9.00028e-07 8.53753e-07 8.53148e-07 8.5388e-07 8.53132e-07 8.16252e-07 8.16383e-07 8.16232e-07 8.16392e-07 8.0055e-07 8.00521e-07 8.00553e-07 8.00519e-07 8.07542e-07 8.07548e-07 8.07542e-07 8.07549e-07 8.30172e-07 8.3017e-07 8.30172e-07 8.3017e-07 8.57407e-07 8.57408e-07 8.57407e-07 8.57408e-07 8.78659e-07 8.78659e-07 8.78659e-07 8.78659e-07 8.86603e-07 8.86603e-07 8.86603e-07 8.86603e-07
0.373 9.01492e-07 9.49867e-07 8.462e-07 9.1285e-07 9.00339e-07 8.89771e-07 9.06843e-07 8.92626e-07 8.47572e-07 8.49878e-07 8.46733e-07 8.49768e-07 7.91873e-07 7.91371e-07 7.91994e-07 7.91346e-07 7.52935e-07 7.53045e-07 7.52916e-07 7.53054e-07 7.44733e-07 7.44709e-07 7.44737e-07 7.44707e-07 7.6564e-07 7.65645e-07 7.6564e-07 7.65646e-07 8.05039e-07 8.05038e-07 8.05039e-07 8.05038e-07 8.48e-07 8.48e-07 8.48e-07 8.48e-07 8.80369e-07 8.80369e-07 8.80369e-07 8.80369e-07 8.9232e-07 8.9232e-07 8.9232e-07 8.9232e-07
0.374 9.0046e-07 9.38758e-07 8.52753e-07 9.09489e-07 8.69497e-07 8.61097e-07 8.75257e-07 8.63175e-07 7.97447e-07 7.99287e-07 7.96681e-07 7.99255e-07 7.30814e-07 7.30412e-07 7.30928e-07 7.30379e-07 6.90922e-07 6.9101e-07 6.90903e-07 6.9102e-07 6.90145e-07 6.90126e-07 6.90148e-07 6.90123e-07 7.24503e-07 7.24507e-07 7.24503e-07 7.24508e-07 7.80043e-07 7.80042e-07 7.80043e-07 7.80042e-07 8.38139e-07 8.3814e-07 8.38139e-07 8.3814e-07 8.81221e-07 8.81221e-07 8.81221e-07 8.81221e-07 8.97036e-07 8.97036e-07 8.97036e-07 8.97036e-07
0.375 8.96272e-07 9.24725e-07 8.56107e-07 9.03023e-07 8.37253e-07 8.30972e-07 8.42265e-07 8.32297e-07 7.47455e-07 7.48839e-07 7.46763e-07 7.48883e-07 6.70972e-07 6.70668e-07 6.71078e-07 6.70627e-07 6.30557e-07 6.30624e-07 6.30539e-07 6.30635e-07 6.37031e-07 6.37017e-07 6.37035e-07 6.37014e-07 6.84241e-07 6.84244e-07 6.8424e-07 6.84245e-07 7.55141e-07 7.55141e-07 7.55141e-07 7.5514e-07 8.27643e-07 8.27644e-07 8.27643e-07 8.27644e-07 8.80932e-07 8.80932e-07 8.80932e-07 8.80932e-07 9.00431e-07 9.00431e-07 9.00431e-07 9.00431e-07
0.376 8.89121e-07 9.08022e-07 8.56402e-07 8.93659e-07 8.03925e-07 7.99702e-07 8.08192e-07 8.00302e-07 6.97964e-07 6.98905e-07 6.97347e-07 6.99019e-07 6.12715e-07 6.12507e-07 6.12814e-07 6.12459e-07 5.72161e-07 5.72207e-07 5.72144e-07 5.72219e-07 5.85621e-07 5.85611e-07 5.85624e-07 5.85608e-07 6.44957e-07 6.4496e-07 6.44957e-07 6.4496e-07 7.30295e-07 7.30294e-07 7.30295e-07 7.30294e-07 8.16338e-07 8.16338e-07 8.16338e-07 8.16338e-07 8.7923e-07 8.7923e-07 8.7923e-07 8.7923e-07 9.02198e-07 9.02198e-07 9.02198e-07 9.02198e-07
0.377 8.79212e-07 8.8891e-07 8.53793e-07 8.81615e-07 7.69822e-07 7.67582e-07 7.73351e-07 7.67491e-07 6.49319e-07 6.49832e-07 6.48777e-07 6.50013e-07 5.56385e-07 5.56269e-07 5.56476e-07 5.56215e-07 5.16028e-07 5.16054e-07 5.16011e-07 5.16066e-07 5.36124e-07 5.36118e-07 5.36127e-07 5.36115e-07 6.06747e-07 6.06748e-07 6.06746e-07 6.06749e-07 7.05466e-07 7.05466e-07 7.05466e-07 7.05466e-07 8.0406e-07 8.0406e-07 8.0406e-07 8.0406e-07 8.75861e-07 8.75861e-07 8.75861e-07 8.75861e-07 9.0205e-07 9.0205e-07 9.0205e-07 9.0205e-07
0.378 8.66761e-07 8.67657e-07 8.48451e-07 8.67119e-07 7.35243e-07 7.34901e-07 7.38047e-07 7.34155e-07 6.0184e-07 6.01944e-07 6.01374e-07 6.02187e-07 5.02291e-07 5.02263e-07 5.02374e-07 5.02204e-07 4.62421e-07 4.62429e-07 4.62406e-07 4.62441e-07 4.8873e-07 4.88728e-07 4.88733e-07 4.88725e-07 5.69697e-07 5.69697e-07 5.69696e-07 5.69698e-07 6.80622e-07 6.80622e-07 6.80622e-07 6.80622e-07 7.90659e-07 7.90659e-07 7.90659e-07 7.90659e-07 8.7059e-07 8.7059e-07 8.7059e-07 8.7059e-07 8.99719e-07 8.99719e-07 8.99719e-07 8.99719e-07
0.379 8.51991e-07 8.44534e-07 8.40557e-07 8.50406e-07 7.00475e-07 7.01935e-07 7.0257e-07 7.00573e-07 5.55822e-07 5.55537e-07 5.55432e-07 5.55837e-07 4.50711e-07 4.50766e-07 4.50785e-07 4.50703e-07 4.11577e-07 4.11566e-07 4.11563e-07 4.1158e-07 4.43607e-07 4.4361e-07 4.4361e-07 4.43607e-07 5.33884e-07 5.33884e-07 5.33884e-07 5.33884e-07 6.55731e-07 6.55731e-07 6.55731e-07 6.55731e-07 7.75998e-07 7.75998e-07 7.75998e-07 7.75998e-07 8.63201e-07 8.63201e-07 8.63201e-07 8.63201e-07 8.94962e-07 8.94962e-07 8.94962e-07 8.94962e-07
0.38 8.35134e-07 8.1981e-07 8.30303e-07 8.31717e-07 6.6579e-07 6.68949e-07 6.67198e-07 6.67013e-07 5.11533e-07 5.10881e-07 5.11216e-07 5.11233e-07 4.01889e-07 4.02023e-07 4.01955e-07 4.01956e-07 3.637e-07 3.63672e-07 3.63687e-07 3.63686e-07 4.00903e-07 4.00909e-07 4.00906e-07 4.00906e-07 4.99376e-07 4.99375e-07 4.99375e-07 4.99375e-07 6.30766e-07 6.30766e-07 6.30766e-07 6.30766e-07 7.59955e-07 7.59955e-07 7.59955e-07 7.59955e-07 8.535e-07 8.535e-07 8.535e-07 8.535e-07 8.87558e-07 8.87558e-07 8.87558e-07 8.87558e-07
0.381 8.16425e-07 7.93755e-07 8.17888e-07 8.11295e-07 6.31444e-07 6.36189e-07 6.3219e-07 6.33724e-07 4.69212e-07 4.68217e-07 4.68968e-07 4.68615e-07 3.56037e-07 3.56245e-07 3.56094e-07 3.56175e-07 3.18963e-07 3.18919e-07 3.18951e-07 3.18933e-07 3.6074e-07 3.60749e-07 3.60742e-07 3.60746e-07 4.66228e-07 4.66226e-07 4.66228e-07 4.66227e-07 6.05702e-07 6.05702e-07 6.05702e-07 6.05702e-07 7.42424e-07 7.42424e-07 7.42424e-07 7.42424e-07 8.41322e-07 8.41322e-07 8.41322e-07 8.41322e-07 8.77317e-07 8.77317e-07 8.77317e-07 8.77317e-07
0.382 7.96099e-07 7.66635e-07 8.03519e-07 7.89383e-07 5.97677e-07 6.03891e-07 5.9779e-07 6.00942e-07 4.2907e-07 4.27758e-07 4.28897e-07 4.28196e-07 3.13332e-07 3.13609e-07 3.13381e-07 3.13536e-07 2.77508e-07 2.77449e-07 2.77497e-07 2.77462e-07 3.23217e-07 3.23229e-07 3.23219e-07 3.23227e-07 4.34486e-07 4.34483e-07 4.34485e-07 4.34484e-07 5.80516e-07 5.80517e-07 5.80516e-07 5.80517e-07 7.23315e-07 7.23315e-07 7.23315e-07 7.23315e-07 8.26523e-07 8.26523e-07 8.26523e-07 8.26523e-07 8.64078e-07 8.64078e-07 8.64078e-07 8.64078e-07
0.383 7.74393e-07 7.38708e-07 7.87404e-07 7.66223e-07 5.64709e-07 5.7227e-07 5.64222e-07 5.68884e-07 3.91289e-07 3.89686e-07 3.91184e-07 3.9016e-07 2.73919e-07 2.74259e-07 2.73959e-07 2.74184e-07 2.39443e-07 2.39371e-07 2.39433e-07 2.39384e-07 2.88408e-07 2.88424e-07 2.88411e-07 2.88421e-07 4.04181e-07 4.04178e-07 4.04181e-07 4.04179e-07 5.55191e-07 5.55192e-07 5.55191e-07 5.55192e-07 7.02556e-07 7.02556e-07 7.02556e-07 7.02556e-07 8.0899e-07 8.0899e-07 8.0899e-07 8.0899e-07 8.47712e-07 8.47712e-07 8.47712e-07 8.47712e-07
0.384 7.51543e-07 7.10227e-07 7.69755e-07 7.42054e-07 5.32744e-07 5.41524e-07 5.31691e-07 5.37751e-07 3.56023e-07 3.54156e-07 3.55984e-07 3.5466e-07 2.37907e-07 2.38305e-07 2.37939e-07 2.38228e-07 2.04846e-07 2.04761e-07 2.04837e-07 2.04774e-07 2.56365e-07 2.56383e-07 2.56367e-07 2.56381e-07 3.75335e-07 3.75331e-07 3.75335e-07 3.75332e-07 5.2971e-07 5.29711e-07 5.2971e-07 5.29711e-07 6.80091e-07 6.80091e-07 6.80091e-07 6.80091e-07 7.88637e-07 7.88637e-07 7.88637e-07 7.88637e-07 8.28121e-07 8.28121e-07 8.28121e-07 8.28121e-07
0.385 7.27777e-07 6.81431e-07 7.50784e-07 7.17108e-07 5.01965e-07 5.11836e-07 5.00383e-07 5.07722e-07 3.23397e-07 3.21293e-07 3.2342e-07 3.21822e-07 2.05374e-07 2.05823e-07 2.05398e-07 2.05746e-07 1.73762e-07 1.73666e-07 1.73754e-07 1.73679e-07 2.27111e-07 2.27132e-07 2.27113e-07 2.27129e-07 3.47954e-07 3.4795e-07 3.47954e-07 3.4795e-07 5.04059e-07 5.0406e-07 5.04059e-07 5.0406e-07 6.55884e-07 6.55884e-07 6.55884e-07 6.55884e-07 7.65409e-07 7.65409e-07 7.65409e-07 7.65409e-07 8.05242e-07 8.05242e-07 8.05242e-07 8.05242e-07
0.386 7.03321e-07 6.52554e-07 7.307e-07 6.91612e-07 4.72535e-07 4.83366e-07 4.70464e-07 4.78961e-07 2.93508e-07 2.91196e-07 2.9359e-07 2.91745e-07 1.76365e-07 1.76859e-07 1.76381e-07 1.76782e-07 1.46205e-07 1.46099e-07 1.46199e-07 1.46112e-07 2.00647e-07 2.0067e-07 2.00649e-07 2.00668e-07 3.22033e-07 3.22028e-07 3.22033e-07 3.22029e-07 4.78227e-07 4.78228e-07 4.78227e-07 4.78228e-07 6.29916e-07 6.29916e-07 6.29916e-07 6.29916e-07 7.3928e-07 7.3928e-07 7.3928e-07 7.3928e-07 7.79046e-07 7.79046e-07 7.79046e-07 7.79046e-07
0.387 6.78393e-07 6.23813e-07 7.09713e-07 6.65785e-07 4.44598e-07 4.56259e-07 4.42079e-07 4.51611e-07 2.66426e-07 2.63933e-07 2.66563e-07 2.64497e-07 1.50894e-07 1.51427e-07 1.50902e-07 1.5135e-07 1.22158e-07 1.22044e-07 1.22153e-07 1.22056e-07 1.76949e-07 1.76974e-07 1.7695e-07 1.76971e-07 2.97553e-07 2.97547e-07 2.97552e-07 2.97548e-07 4.52206e-07 4.52207e-07 4.52206e-07 4.52207e-07 6.02187e-07 6.02187e-07 6.02187e-07 6.02187e-07 7.10253e-07 7.10253e-07 7.10253e-07 7.10253e-07 7.49539e-07 7.49539e-07 7.49539e-07 7.49539e-07
0.388 6.53201e-07 5.95413e-07 6.88023e-07 6.39836e-07 4.18279e-07 4.30639e-07 4.15353e-07 4.25795e-07 2.42194e-07 2.39549e-07 2.42382e-07 2.40121e-07 1.28943e-07 1.29509e-07 1.28944e-07 1.29434e-07 1.01576e-07 1.01455e-07 1.01572e-07 1.01466e-07 1.55968e-07 1.55994e-07 1.55969e-07 1.55992e-07 2.74482e-07 2.74476e-07 2.74482e-07 2.74477e-07 4.25989e-07 4.2599e-07 4.25989e-07 4.2599e-07 5.72714e-07 5.72714e-07 5.72714e-07 5.72714e-07 6.78364e-07 6.78364e-07 6.78364e-07 6.78364e-07 7.16761e-07 7.16761e-07 7.16761e-07 7.16761e-07
0.389 6.27948e-07 5.67548e-07 6.6583e-07 6.13962e-07 3.93681e-07 4.06613e-07 3.90392e-07 4.01618e-07 2.20829e-07 2.18059e-07 2.21065e-07 2.18636e-07 1.10468e-07 1.11061e-07 1.10462e-07 1.10987e-07 8.43829e-08 8.42557e-08 8.438e-08 8.42665e-08 1.37632e-07 1.37659e-07 1.37633e-07 1.37658e-07 2.52776e-07 2.5277e-07 2.52776e-07 2.5277e-07 3.99571e-07 3.99572e-07 3.99571e-07 3.99572e-07 5.41533e-07 5.41533e-07 5.41533e-07 5.41533e-07 6.43677e-07 6.43677e-07 6.43677e-07 6.43677e-07 6.80787e-07 6.80787e-07 6.80787e-07 6.80787e-07
0.39 6.0282e-07 5.40392e-07 6.43321e-07 5.8835e-07 3.70888e-07 3.84266e-07 3.6728e-07 3.79166e-07 2.02324e-07 1.99457e-07 2.02603e-07 2.00034e-07 9.53942e-08 9.6009e-08 9.53818e-08 9.5937e-08 7.04769e-08 7.03451e-08 7.04751e-08 7.03552e-08 1.21848e-07 1.21876e-07 1.21849e-07 1.21874e-07 2.32379e-07 2.32373e-07 2.32379e-07 2.32373e-07 3.7295e-07 3.72952e-07 3.7295e-07 3.72952e-07 5.08696e-07 5.08695e-07 5.08696e-07 5.08695e-07 6.06283e-07 6.06284e-07 6.06283e-07 6.06283e-07 6.41724e-07 6.41724e-07 6.41724e-07 6.41724e-07
0.391 5.77997e-07 5.14108e-07 6.2068e-07 5.63175e-07 3.49967e-07 3.63669e-07 3.46082e-07 3.58507e-07 1.8665e-07 1.83711e-07 1.86968e-07 1.84284e-07 8.36235e-08 8.42541e-08 8.36051e-08 8.41846e-08 5.97304e-08 5.9595e-08 5.97296e-08 5.96045e-08 1.085e-07 1.08529e-07 1.08501e-07 1.08528e-07 2.13224e-07 2.13218e-07 2.13224e-07 2.13218e-07 3.46127e-07 3.46129e-07 3.46127e-07 3.46129e-07 4.74272e-07 4.74272e-07 4.74272e-07 4.74272e-07 5.66305e-07 5.66305e-07 5.66305e-07 5.66305e-07 5.99712e-07 5.99712e-07 5.99712e-07 5.99712e-07
0.392 5.53643e-07 4.88841e-07 5.98079e-07 5.38596e-07 3.30965e-07 3.44872e-07 3.26847e-07 3.39689e-07 1.73752e-07 1.70767e-07 1.74105e-07 1.71333e-07 7.5032e-08 7.56729e-08 7.5008e-08 7.56062e-08 5.19916e-08 5.1854e-08 5.19918e-08 5.18627e-08 9.74547e-08 9.74842e-08 9.74551e-08 9.74829e-08 1.95232e-07 1.95225e-07 1.95232e-07 1.95226e-07 3.19104e-07 3.19105e-07 3.19104e-07 3.19105e-07 4.38347e-07 4.38346e-07 4.38347e-07 4.38346e-07 5.23888e-07 5.23888e-07 5.23888e-07 5.23888e-07 5.54921e-07 5.5492e-07 5.54921e-07 5.5492e-07
0.393 5.29912e-07 4.6472e-07 5.75682e-07 5.14763e-07 3.13909e-07 3.27909e-07 3.096e-07 3.22744e-07 1.63559e-07 1.60552e-07 1.63942e-07 1.61106e-07 6.94734e-08 7.01193e-08 6.94442e-08 7.00558e-08 4.70869e-08 4.69481e-08 4.70881e-08 4.69562e-08 8.85588e-08 8.85886e-08 8.85591e-08 8.85875e-08 1.78315e-07 1.78309e-07 1.78315e-07 1.78309e-07 2.91885e-07 2.91886e-07 2.91885e-07 2.91886e-07 4.0102e-07 4.0102e-07 4.0102e-07 4.0102e-07 4.79204e-07 4.79204e-07 4.79204e-07 4.79204e-07 5.07548e-07 5.07548e-07 5.07548e-07 5.07548e-07
0.394 5.06943e-07 4.41858e-07 5.53639e-07 4.91806e-07 2.98812e-07 3.12797e-07 2.94354e-07 3.07687e-07 1.55977e-07 1.52971e-07 1.56385e-07 1.5351e-07 6.67805e-08 6.74265e-08 6.67468e-08 6.73665e-08 4.48225e-08 4.46836e-08 4.48245e-08 4.46909e-08 8.1644e-08 8.16739e-08 8.16441e-08 8.16729e-08 1.62378e-07 1.62371e-07 1.62378e-07 1.62372e-07 2.64478e-07 2.64479e-07 2.64478e-07 2.64479e-07 3.62406e-07 3.62406e-07 3.62406e-07 3.62406e-07 4.32448e-07 4.32449e-07 4.32448e-07 4.32449e-07 4.57818e-07 4.57818e-07 4.57818e-07 4.57818e-07
0.395 4.8486e-07 4.20351e-07 5.32093e-07 4.69847e-07 2.85666e-07 2.99536e-07 2.811e-07 2.94515e-07 1.50893e-07 1.47911e-07 1.51323e-07 1.48432e-07 6.67676e-08 6.74089e-08 6.67297e-08 6.73527e-08 4.49865e-08 4.48486e-08 4.49893e-08 4.48551e-08 7.65273e-08 7.6557e-08 7.65273e-08 7.65562e-08 1.47317e-07 1.47311e-07 1.47317e-07 1.47311e-07 2.36892e-07 2.36893e-07 2.36892e-07 2.36893e-07 3.22632e-07 3.22632e-07 3.22632e-07 3.22632e-07 3.83836e-07 3.83836e-07 3.83836e-07 3.83836e-07 4.0598e-07 4.0598e-07 4.0598e-07 4.0598e-07
0.396 4.63776e-07 4.00281e-07 5.11172e-07 4.48988e-07 2.74451e-07 2.8811e-07 2.69815e-07 2.8321e-07 1.48182e-07 1.45243e-07 1.48628e-07 1.45743e-07 6.92316e-08 6.98639e-08 6.91901e-08 6.98116e-08 4.73517e-08 4.72157e-08 4.73553e-08 4.72215e-08 7.30139e-08 7.30432e-08 7.30137e-08 7.30425e-08 1.33024e-07 1.33018e-07 1.33024e-07 1.33018e-07 2.0914e-07 2.09141e-07 2.0914e-07 2.09141e-07 2.81837e-07 2.81837e-07 2.81837e-07 2.81837e-07 3.33601e-07 3.33601e-07 3.33601e-07 3.33601e-07 3.52302e-07 3.52302e-07 3.52302e-07 3.52302e-07
0.397 4.43786e-07 3.81712e-07 4.90992e-07 4.29319e-07 2.65128e-07 2.7849e-07 2.6046e-07 2.73739e-07 1.47697e-07 1.44822e-07 1.48157e-07 1.45298e-07 7.39549e-08 7.45739e-08 7.39101e-08 7.45257e-08 5.16774e-08 5.15442e-08 5.16817e-08 5.15492e-08 7.0899e-08 7.09277e-08 7.08986e-08 7.09271e-08 1.19385e-07 1.19379e-07 1.19385e-07 1.19379e-07 1.81239e-07 1.8124e-07 1.81239e-07 1.8124e-07 2.4017e-07 2.4017e-07 2.4017e-07 2.4017e-07 2.81994e-07 2.81994e-07 2.81994e-07 2.81994e-07 2.97073e-07 2.97073e-07 2.97073e-07 2.97073e-07
0.398 4.24975e-07 3.64692e-07 4.71658e-07 4.10916e-07 2.57646e-07 2.70629e-07 2.52982e-07 2.66054e-07 1.49284e-07 1.46488e-07 1.49752e-07 1.46938e-07 8.07066e-08 8.13087e-08 8.06592e-08 8.12647e-08 5.77121e-08 5.75825e-08 5.7717e-08 5.75867e-08 6.99703e-08 6.99982e-08 6.99698e-08 6.99979e-08 1.06286e-07 1.0628e-07 1.06286e-07 1.0628e-07 1.53206e-07 1.53208e-07 1.53206e-07 1.53208e-07 1.9779e-07 1.97789e-07 1.9779e-07 1.97789e-07 2.29276e-07 2.29276e-07 2.29276e-07 2.29276e-07 2.40593e-07 2.40593e-07 2.40593e-07 2.40593e-07
0.399 4.07409e-07 3.49253e-07 4.53261e-07 3.93837e-07 2.51937e-07 2.64469e-07 2.4731e-07 2.60093e-07 1.5277e-07 1.50069e-07 1.53243e-07 1.50493e-07 8.92454e-08 8.98272e-08 8.91958e-08 8.97875e-08 6.51959e-08 6.50705e-08 6.52013e-08 6.5074e-08 7.00106e-08 7.00376e-08 7.001e-08 7.00374e-08 9.36085e-08 9.36027e-08 9.36086e-08 9.36027e-08 1.25066e-07 1.25068e-07 1.25066e-07 1.25068e-07 1.54862e-07 1.54861e-07 1.54862e-07 1.54861e-07 1.75722e-07 1.75722e-07 1.75722e-07 1.75722e-07 1.83176e-07 1.83176e-07 1.83176e-07 1.83176e-07
0.4 3.91143e-07 3.35414e-07 4.35879e-07 3.78128e-07 2.47923e-07 2.59938e-07 2.43364e-07 2.55782e-07 1.57975e-07 1.55384e-07 1.58449e-07 1.55778e-07 9.93211e-08 9.98795e-08 9.92699e-08 9.98442e-08 7.3863e-08 7.37426e-08 7.38688e-08 7.37453e-08 7.07998e-08 7.08258e-08 7.07991e-08 7.08257e-08 8.12382e-08 8.12326e-08 8.12383e-08 8.12326e-08 9.68447e-08 9.68459e-08 9.68447e-08 9.68459e-08 1.11558e-07 1.11558e-07 1.11558e-07 1.11558e-07 1.21613e-07 1.21613e-07 1.21613e-07 1.21613e-07 1.25144e-07 1.25144e-07 1.25144e-07 1.25144e-07
0.401 3.76217e-07 3.23176e-07 4.19577e-07 3.63821e-07 2.45511e-07 2.56954e-07 2.4105e-07 2.53033e-07 1.64708e-07 1.62239e-07 1.65179e-07 1.62604e-07 1.10677e-07 1.11209e-07 1.10625e-07 1.11178e-07 8.34444e-08 8.33296e-08 8.34507e-08 8.33316e-08 7.21178e-08 7.21426e-08 7.2117e-08 7.21426e-08 6.9061e-08 6.90557e-08 6.90612e-08 6.90557e-08 6.85721e-08 6.85732e-08 6.8572e-08 6.85732e-08 6.80569e-08 6.80567e-08 6.80569e-08 6.80567e-08 6.7235e-08 6.7235e-08 6.7235e-08 6.7235e-08 6.68229e-08 6.68229e-08 6.68229e-08 6.68229e-08
0.402 3.62656e-07 3.12529e-07 4.04407e-07 3.50932e-07 2.44598e-07 2.55419e-07 2.40261e-07 2.51749e-07 1.7277e-07 1.70434e-07 1.73236e-07 1.70768e-07 1.23052e-07 1.23556e-07 1.22999e-07 1.2353e-07 9.36704e-08 9.35617e-08 9.3677e-08 9.3563e-08 7.37467e-08 7.37701e-08 7.37458e-08 7.37703e-08 5.69674e-08 5.69623e-08 5.69675e-08 5.69622e-08 4.02828e-08 4.02839e-08 4.02828e-08 4.02839e-08 2.4537e-08 2.45368e-08 2.4537e-08 2.45368e-08 1.28761e-08 1.28762e-08 1.28761e-08 1.28762e-08 8.54153e-09 8.54151e-09 8.54153e-09 8.54151e-09
0.403 3.50473e-07 3.03447e-07 3.90408e-07 3.39466e-07 2.45071e-07 2.55229e-07 2.40882e-07 2.51821e-07 1.81955e-07 1.79762e-07 1.82413e-07 1.80064e-07 1.36183e-07 1.36657e-07 1.3613e-07 1.36635e-07 1.04273e-07 1.04171e-07 1.0428e-07 1.04171e-07 7.54729e-08 7.5495e-08 7.54719e-08 7.54952e-08 4.4853e-08 4.48482e-08 4.48531e-08 4.48481e-08 1.20155e-08 1.20166e-08 1.20155e-08 1.20166e-08 -1.88198e-08 -1.882e-08 -1.88198e-08 -1.882e-08 -4.11765e-08 -4.11764e-08 -4.11765e-08 -4.11764e-08 -4.93746e-08 -4.93746e-08 -4.93746e-08 -4.93746e-08
0.404 3.39667e-07 2.95892e-07 3.77608e-07 3.29413e-07 2.46806e-07 2.56268e-07 2.42786e-07 2.5313e-07 1.92054e-07 1.90009e-07 1.925e-07 1.9028e-07 1.49807e-07 1.50249e-07 1.49754e-07 1.5023e-07 1.14988e-07 1.14893e-07 1.14995e-07 1.14893e-07 7.70901e-08 7.71107e-08 7.70891e-08 7.71111e-08 3.26205e-08 3.2616e-08 3.26206e-08 3.26159e-08 -1.6187e-08 -1.6186e-08 -1.6187e-08 -1.6186e-08 -6.18319e-08 -6.18321e-08 -6.18319e-08 -6.18321e-08 -9.46395e-08 -9.46395e-08 -9.46395e-08 -9.46395e-08 -1.06605e-07 -1.06605e-07 -1.06605e-07 -1.06605e-07
0.405 3.30224e-07 2.8981e-07 3.66018e-07 3.20749e-07 2.4967e-07 2.58413e-07 2.45839e-07 2.5555e-07 2.02852e-07 2.00961e-07 2.03284e-07 2.012e-07 1.63661e-07 1.6407e-07 1.63608e-07 1.64056e-07 1.25559e-07 1.25471e-07 1.25567e-07 1.25471e-07 7.84008e-08 7.84199e-08 7.83997e-08 7.84203e-08 2.01806e-08 2.01765e-08 2.01808e-08 2.01764e-08 -4.42779e-08 -4.4277e-08 -4.42779e-08 -4.4277e-08 -1.04319e-07 -1.0432e-07 -1.04319e-07 -1.0432e-07 -1.47236e-07 -1.47236e-07 -1.47236e-07 -1.47236e-07 -1.62836e-07 -1.62836e-07 -1.62836e-07 -1.62836e-07
0.406 3.22117e-07 2.85141e-07 3.55641e-07 3.13439e-07 2.53526e-07 2.61532e-07 2.49898e-07 2.58946e-07 2.14132e-07 2.12399e-07 2.14548e-07 2.12607e-07 1.77489e-07 1.77864e-07 1.77437e-07 1.77853e-07 1.35738e-07 1.35657e-07 1.35745e-07 1.35656e-07 7.92185e-08 7.9236e-08 7.92173e-08 7.92365e-08 7.45354e-09 7.44975e-09 7.45374e-09 7.44962e-09 -7.22062e-08 -7.22054e-08 -7.22063e-08 -7.22054e-08 -1.46105e-07 -1.46105e-07 -1.46105e-07 -1.46105e-07 -1.98698e-07 -1.98698e-07 -1.98698e-07 -1.98698e-07 -2.17768e-07 -2.17768e-07 -2.17768e-07 -2.17768e-07
0.407 3.15308e-07 2.81807e-07 3.46465e-07 3.07438e-07 2.58225e-07 2.65486e-07 2.54814e-07 2.63177e-07 2.25678e-07 2.24105e-07 2.26076e-07 2.24283e-07 1.91038e-07 1.91379e-07 1.90987e-07 1.91372e-07 1.45287e-07 1.45213e-07 1.45294e-07 1.45211e-07 7.93698e-08 7.93857e-08 7.93686e-08 7.93863e-08 -5.63021e-09 -5.63366e-09 -5.63001e-09 -5.6338e-09 -9.99172e-08 -9.99165e-08 -9.99172e-08 -9.99164e-08 -1.87017e-07 -1.87017e-07 -1.87017e-07 -1.87017e-07 -2.48768e-07 -2.48768e-07 -2.48768e-07 -2.48768e-07 -2.71113e-07 -2.71113e-07 -2.71113e-07 -2.71113e-07
0.408 3.09748e-07 2.79725e-07 3.3847e-07 3.02686e-07 2.63618e-07 2.70131e-07 2.60434e-07 2.68097e-07 2.37276e-07 2.35863e-07 2.37654e-07 2.36012e-07 2.04066e-07 2.04372e-07 2.04016e-07 2.04368e-07 1.53982e-07 1.53915e-07 1.53989e-07 1.53913e-07 7.86958e-08 7.87101e-08 7.86946e-08 7.87108e-08 -1.91289e-08 -1.9132e-08 -1.91287e-08 -1.91322e-08 -1.27352e-07 -1.27352e-07 -1.27352e-07 -1.27352e-07 -2.26888e-07 -2.26888e-07 -2.26888e-07 -2.26888e-07 -2.97205e-07 -2.97205e-07 -2.97205e-07 -2.97205e-07 -3.226e-07 -3.226e-07 -3.226e-07 -3.226e-07
0.409 3.05375e-07 2.788e-07 3.3162e-07 2.99117e-07 2.69547e-07 2.7532e-07 2.66598e-07 2.73555e-07 2.48711e-07 2.47458e-07 2.49068e-07 2.47578e-07 2.16338e-07 2.1661e-07 2.1629e-07 2.16609e-07 1.61614e-07 1.61555e-07 1.61621e-07 1.61553e-07 7.70538e-08 7.70665e-08 7.70526e-08 7.70672e-08 -3.30888e-08 -3.30916e-08 -3.30886e-08 -3.30918e-08 -1.5445e-07 -1.5445e-07 -1.5445e-07 -1.5445e-07 -2.65558e-07 -2.65558e-07 -2.65558e-07 -2.65558e-07 -3.43779e-07 -3.43779e-07 -3.43779e-07 -3.43779e-07 -3.71978e-07 -3.71978e-07 -3.71978e-07 -3.71978e-07
0.41 3.0212e-07 2.78926e-07 3.25873e-07 2.9665e-07 2.75854e-07 2.809e-07 2.73146e-07 2.79395e-07 2.59777e-07 2.5868e-07 2.60111e-07 2.58774e-07 2.27634e-07 2.27872e-07 2.27588e-07 2.27874e-07 1.67992e-07 1.6794e-07 1.67999e-07 1.67937e-07 7.43183e-08 7.43295e-08 7.43171e-08 7.43303e-08 -4.7544e-08 -4.75464e-08 -4.75438e-08 -4.75466e-08 -1.81146e-07 -1.81146e-07 -1.81146e-07 -1.81146e-07 -3.02877e-07 -3.02877e-07 -3.02877e-07 -3.02877e-07 -3.88282e-07 -3.88282e-07 -3.88282e-07 -3.88282e-07 -4.19016e-07 -4.19016e-07 -4.19016e-07 -4.19016e-07
0.411 2.99902e-07 2.79994e-07 3.21174e-07 2.95199e-07 2.82378e-07 2.86718e-07 2.79913e-07 2.85463e-07 2.70272e-07 2.69326e-07 2.70582e-07 2.69395e-07 2.37744e-07 2.37949e-07 2.377e-07 2.37954e-07 1.72941e-07 1.72896e-07 1.72947e-07 1.72893e-07 7.03824e-08 7.03921e-08 7.03813e-08 7.03929e-08 -6.25156e-08 -6.25177e-08 -6.25154e-08 -6.25179e-08 -2.07374e-07 -2.07373e-07 -2.07374e-07 -2.07373e-07 -3.38703e-07 -3.38703e-07 -3.38703e-07 -3.38703e-07 -4.30522e-07 -4.30522e-07 -4.30522e-07 -4.30522e-07 -4.63506e-07 -4.63506e-07 -4.63506e-07 -4.63506e-07
0.412 2.98634e-07 2.81882e-07 3.1746e-07 2.94669e-07 2.88959e-07 2.92619e-07 2.86735e-07 2.91601e-07 2.8e-07 2.79201e-07 2.80286e-07 2.79247e-07 2.46476e-07 2.4665e-07 2.46435e-07 2.46657e-07 1.76307e-07 1.76269e-07 1.76313e-07 1.76266e-07 6.51582e-08 6.51664e-08 6.5157e-08 6.51672e-08 -7.80121e-08 -7.80139e-08 -7.80119e-08 -7.80141e-08 -2.33064e-07 -2.33064e-07 -2.33064e-07 -2.33064e-07 -3.72906e-07 -3.72906e-07 -3.72906e-07 -3.72906e-07 -4.70329e-07 -4.70329e-07 -4.70329e-07 -4.70329e-07 -5.05264e-07 -5.05264e-07 -5.05264e-07 -5.05264e-07
0.413 2.98218e-07 2.84468e-07 3.14659e-07 2.94956e-07 2.95435e-07 2.98448e-07 2.93451e-07 2.97652e-07 2.88776e-07 2.88117e-07 2.89038e-07 2.88142e-07 2.53653e-07 2.53797e-07 2.53615e-07 2.53806e-07 1.77957e-07 1.77926e-07 1.77963e-07 1.77922e-07 5.85774e-08 5.85842e-08 5.85763e-08 5.8585e-08 -9.40294e-08 -9.40309e-08 -9.40292e-08 -9.40311e-08 -2.58147e-07 -2.58147e-07 -2.58147e-07 -2.58147e-07 -4.05365e-07 -4.05365e-07 -4.05365e-07 -4.05365e-07 -5.07553e-07 -5.07553e-07 -5.07553e-07 -5.07553e-07 -5.4413e-07 -5.4413e-07 -5.4413e-07 -5.4413e-07
0.414 2.98552e-07 2.8762e-07 3.1269e-07 2.95951e-07 3.01648e-07 3.04054e-07 2.99898e-07 3.03463e-07 2.96427e-07 2.95898e-07 2.96664e-07 2.95904e-07 2.59117e-07 2.59233e-07 2.59082e-07 2.59244e-07 1.7778e-07 1.77754e-07 1.77786e-07 1.77751e-07 5.05917e-08 5.05973e-08 5.05907e-08 5.05981e-08 -1.10551e-07 -1.10552e-07 -1.10551e-07 -1.10552e-07 -2.82553e-07 -2.82553e-07 -2.82553e-07 -2.82553e-07 -4.35974e-07 -4.35974e-07 -4.35974e-07 -4.35974e-07 -5.42068e-07 -5.42068e-07 -5.42068e-07 -5.42068e-07 -5.79971e-07 -5.79971e-07 -5.79971e-07 -5.79971e-07
0.415 2.99527e-07 2.91204e-07 3.11468e-07 2.97539e-07 3.07443e-07 3.09285e-07 3.0592e-07 3.08882e-07 3.02789e-07 3.02382e-07 3.03002e-07 3.02372e-07 2.6273e-07 2.62819e-07 2.62697e-07 2.62831e-07 1.75685e-07 1.75666e-07 1.75691e-07 1.75662e-07 4.1173e-08 4.11773e-08 4.1172e-08 4.11781e-08 -1.27548e-07 -1.27549e-07 -1.27548e-07 -1.2755e-07 -3.06211e-07 -3.06211e-07 -3.06211e-07 -3.06211e-07 -4.64638e-07 -4.64638e-07 -4.64638e-07 -4.64638e-07 -5.73768e-07 -5.73768e-07 -5.73768e-07 -5.73768e-07 -6.1268e-07 -6.1268e-07 -6.1268e-07 -6.1268e-07
0.416 3.01029e-07 2.95084e-07 3.10897e-07 2.99602e-07 3.1267e-07 3.13999e-07 3.11365e-07 3.13762e-07 3.07714e-07 3.07418e-07 3.07903e-07 3.07394e-07 2.64371e-07 2.64437e-07 2.64341e-07 2.6445e-07 1.71608e-07 1.71593e-07 1.71613e-07 1.7159e-07 3.03127e-08 3.03159e-08 3.03118e-08 3.03167e-08 -1.44982e-07 -1.44983e-07 -1.44982e-07 -1.44983e-07 -3.29053e-07 -3.29053e-07 -3.29054e-07 -3.29053e-07 -4.91278e-07 -4.91278e-07 -4.91278e-07 -4.91278e-07 -6.02573e-07 -6.02573e-07 -6.02573e-07 -6.02573e-07 -6.42177e-07 -6.42177e-07 -6.42177e-07 -6.42177e-07
0.417 3.02941e-07 2.99122e-07 3.10879e-07 3.02016e-07 3.17185e-07 3.18054e-07 3.16086e-07 3.17961e-07 3.11068e-07 3.10872e-07 3.11234e-07 3.10836e-07 2.63945e-07 2.63989e-07 2.63918e-07 2.64002e-07 1.65504e-07 1.65494e-07 1.65509e-07 1.65491e-07 1.80217e-08 1.8024e-08 1.80209e-08 1.80247e-08 -1.62802e-07 -1.62803e-07 -1.62802e-07 -1.62803e-07 -3.51012e-07 -3.51012e-07 -3.51012e-07 -3.51012e-07 -5.15826e-07 -5.15826e-07 -5.15826e-07 -5.15826e-07 -6.28424e-07 -6.28424e-07 -6.28424e-07 -6.28424e-07 -6.68408e-07 -6.68408e-07 -6.68408e-07 -6.68408e-07
0.418 3.0514e-07 3.03179e-07 3.11311e-07 3.04657e-07 3.20851e-07 3.21317e-07 3.19944e-07 3.21348e-07 3.12733e-07 3.12624e-07 3.12876e-07 3.1258e-07 2.61375e-07 2.61401e-07 2.61351e-07 2.61414e-07 1.57354e-07 1.57348e-07 1.57358e-07 1.57345e-07 4.32964e-09 4.33096e-09 4.32883e-09 4.33164e-09 -1.80949e-07 -1.80949e-07 -1.80949e-07 -1.80949e-07 -3.72022e-07 -3.72022e-07 -3.72022e-07 -3.72022e-07 -5.38231e-07 -5.38231e-07 -5.38231e-07 -5.38231e-07 -6.51285e-07 -6.51285e-07 -6.51285e-07 -6.51285e-07 -6.91345e-07 -6.91345e-07 -6.91345e-07 -6.91345e-07
0.419 3.07505e-07 3.07118e-07 3.12087e-07 3.07398e-07 3.23542e-07 3.23666e-07 3.22812e-07 3.23795e-07 3.12609e-07 3.12574e-07 3.1273e-07 3.12524e-07 2.5661e-07 2.56619e-07 2.56588e-07 2.56632e-07 1.4716e-07 1.47158e-07 1.47164e-07 1.47155e-07 -1.07162e-08 -1.07156e-08 -1.07169e-08 -1.0715e-08 -1.99355e-07 -1.99355e-07 -1.99355e-07 -1.99355e-07 -3.92022e-07 -3.92022e-07 -3.92022e-07 -3.92022e-07 -5.58455e-07 -5.58455e-07 -5.58455e-07 -5.58455e-07 -6.71145e-07 -6.71145e-07 -6.71145e-07 -6.71145e-07 -7.10984e-07 -7.10984e-07 -7.10984e-07 -7.10984e-07
0.42 3.09913e-07 3.10801e-07 3.13095e-07 3.10113e-07 3.25138e-07 3.24984e-07 3.24568e-07 3.25187e-07 3.10612e-07 3.10638e-07 3.10714e-07 3.10585e-07 2.49618e-07 2.49614e-07 2.49599e-07 2.49626e-07 1.34948e-07 1.34948e-07 1.34951e-07 1.34945e-07 -2.70516e-08 -2.70516e-08 -2.70522e-08 -2.70511e-08 -2.17945e-07 -2.17945e-07 -2.17945e-07 -2.17945e-07 -4.10955e-07 -4.10955e-07 -4.10955e-07 -4.10955e-07 -5.76475e-07 -5.76475e-07 -5.76475e-07 -5.76475e-07 -6.88011e-07 -6.88011e-07 -6.88011e-07 -6.88011e-07 -7.27348e-07 -7.27348e-07 -7.27348e-07 -7.27348e-07
0.421 3.12241e-07 3.14097e-07 3.14227e-07 3.12678e-07 3.25533e-07 3.25168e-07 3.25105e-07 3.2542e-07 3.0668e-07 3.06752e-07 3.06762e-07 3.06698e-07 2.40392e-07 2.40378e-07 2.40377e-07 2.4039e-07 1.20763e-07 1.20766e-07 1.20766e-07 1.20764e-07 -4.45968e-08 -4.45973e-08 -4.45973e-08 -4.45968e-08 -2.36638e-07 -2.36637e-07 -2.36637e-07 -2.36638e-07 -4.28768e-07 -4.28768e-07 -4.28768e-07 -4.28768e-07 -5.92282e-07 -5.92282e-07 -5.92282e-07 -5.92282e-07 -7.01913e-07 -7.01913e-07 -7.01913e-07 -7.01913e-07 -7.40481e-07 -7.40481e-07 -7.40481e-07 -7.40481e-07
0.422 3.14367e-07 3.16878e-07 3.1537e-07 3.14969e-07 3.24634e-07 3.24124e-07 3.24328e-07 3.24399e-07 3.00767e-07 3.00871e-07 3.00833e-07 3.00821e-07 2.28949e-07 2.28928e-07 2.28936e-07 2.28939e-07 1.04675e-07 1.04679e-07 1.04677e-07 1.04677e-07 -6.32577e-08 -6.32585e-08 -6.32582e-08 -6.32581e-08 -2.55347e-07 -2.55347e-07 -2.55347e-07 -2.55347e-07 -4.45414e-07 -4.45414e-07 -4.45414e-07 -4.45414e-07 -6.05881e-07 -6.05881e-07 -6.05881e-07 -6.05881e-07 -7.12901e-07 -7.12901e-07 -7.12901e-07 -7.12901e-07 -7.50451e-07 -7.50451e-07 -7.50451e-07 -7.50451e-07
0.423 3.16174e-07 3.19021e-07 3.16414e-07 3.16867e-07 3.22359e-07 3.21772e-07 3.22155e-07 3.22046e-07 2.92851e-07 2.92972e-07 2.92902e-07 2.92927e-07 2.15327e-07 2.15302e-07 2.15317e-07 2.15311e-07 8.67699e-08 8.6775e-08 8.67719e-08 8.67732e-08 -8.29276e-08 -8.29287e-08 -8.2928e-08 -8.29283e-08 -2.73985e-07 -2.73984e-07 -2.73985e-07 -2.73985e-07 -4.60851e-07 -4.60852e-07 -4.60851e-07 -4.60851e-07 -6.17292e-07 -6.17292e-07 -6.17292e-07 -6.17292e-07 -7.21044e-07 -7.21044e-07 -7.21044e-07 -7.21044e-07 -7.57344e-07 -7.57344e-07 -7.57344e-07 -7.57344e-07
0.424 3.17547e-07 3.20411e-07 3.17251e-07 3.18258e-07 3.18641e-07 3.18046e-07 3.18517e-07 3.18293e-07 2.82928e-07 2.83051e-07 2.82964e-07 2.83014e-07 1.99586e-07 1.9956e-07 1.99578e-07 1.99567e-07 6.71539e-08 6.71592e-08 6.71555e-08 6.71579e-08 -1.03489e-07 -1.0349e-07 -1.03489e-07 -1.03489e-07 -2.92458e-07 -2.92458e-07 -2.92458e-07 -2.92458e-07 -4.75046e-07 -4.75046e-07 -4.75046e-07 -4.75046e-07 -6.26547e-07 -6.26547e-07 -6.26547e-07 -6.26547e-07 -7.26426e-07 -7.26426e-07 -7.26426e-07 -7.26426e-07 -7.61268e-07 -7.61268e-07 -7.61268e-07 -7.61268e-07
0.425 3.18376e-07 3.20941e-07 3.17773e-07 3.19031e-07 3.13427e-07 3.12893e-07 3.13362e-07 3.13088e-07 2.71013e-07 2.71124e-07 2.71038e-07 2.71097e-07 1.81807e-07 1.81784e-07 1.81801e-07 1.81788e-07 4.59501e-08 4.59549e-08 4.59512e-08 4.5954e-08 -1.24813e-07 -1.24814e-07 -1.24813e-07 -1.24814e-07 -3.10676e-07 -3.10676e-07 -3.10676e-07 -3.10676e-07 -4.87969e-07 -4.87969e-07 -4.87969e-07 -4.87969e-07 -6.33691e-07 -6.33691e-07 -6.33691e-07 -6.33691e-07 -7.29152e-07 -7.29152e-07 -7.29152e-07 -7.29152e-07 -7.62345e-07 -7.62345e-07 -7.62345e-07 -7.62345e-07
0.426 3.18559e-07 3.20512e-07 3.1788e-07 3.19086e-07 3.06682e-07 3.06274e-07 3.06652e-07 3.06394e-07 2.57143e-07 2.57228e-07 2.57159e-07 2.57215e-07 1.62092e-07 1.62074e-07 1.62088e-07 1.62076e-07 2.32969e-08 2.33006e-08 2.32976e-08 2.33001e-08 -1.46766e-07 -1.46766e-07 -1.46766e-07 -1.46766e-07 -3.28546e-07 -3.28546e-07 -3.28546e-07 -3.28546e-07 -4.99601e-07 -4.99601e-07 -4.99601e-07 -4.99601e-07 -6.38781e-07 -6.38781e-07 -6.38781e-07 -6.38781e-07 -7.29336e-07 -7.29336e-07 -7.29336e-07 -7.29336e-07 -7.60714e-07 -7.60714e-07 -7.60714e-07 -7.60714e-07
0.427 3.17997e-07 3.19037e-07 3.17473e-07 3.18327e-07 2.98383e-07 2.98168e-07 2.98368e-07 2.9819e-07 2.41376e-07 2.4142e-07 2.41385e-07 2.41422e-07 1.40561e-07 1.40552e-07 1.40559e-07 1.40551e-07 -6.53339e-10 -6.51443e-10 -6.53018e-10 -6.51422e-10 -1.69205e-07 -1.69205e-07 -1.69205e-07 -1.69205e-07 -3.45978e-07 -3.45977e-07 -3.45978e-07 -3.45977e-07 -5.09929e-07 -5.09929e-07 -5.09929e-07 -5.09929e-07 -6.41887e-07 -6.41887e-07 -6.41887e-07 -6.41887e-07 -7.27109e-07 -7.27109e-07 -7.27109e-07 -7.27109e-07 -7.56528e-07 -7.56528e-07 -7.56528e-07 -7.56528e-07
0.428 3.16604e-07 3.16437e-07 3.16462e-07 3.16668e-07 2.88526e-07 2.88566e-07 2.88502e-07 2.88468e-07 2.23786e-07 2.23776e-07 2.2379e-07 2.23795e-07 1.17353e-07 1.17356e-07 1.17353e-07 1.17352e-07 -2.57362e-08 -2.57367e-08 -2.57362e-08 -2.57362e-08 -1.91984e-07 -1.91984e-07 -1.91984e-07 -1.91984e-07 -3.62883e-07 -3.62883e-07 -3.62883e-07 -3.62883e-07 -5.18949e-07 -5.18949e-07 -5.18949e-07 -5.18949e-07 -6.43087e-07 -6.43087e-07 -6.43087e-07 -6.43087e-07 -7.22612e-07 -7.22612e-07 -7.22612e-07 -7.22612e-07 -7.4995e-07 -7.4995e-07 -7.4995e-07 -7.4995e-07
0.429 3.143e-07 3.12648e-07 3.1476e-07 3.14034e-07 2.77123e-07 2.77478e-07 2.77068e-07 2.77238e-07 2.04467e-07 2.04391e-07 2.04469e-07 2.04429e-07 9.26231e-08 9.26396e-08 9.26242e-08 9.26334e-08 -5.1777e-08 -5.17805e-08 -5.17774e-08 -5.17795e-08 -2.14955e-07 -2.14954e-07 -2.14955e-07 -2.14954e-07 -3.79179e-07 -3.79179e-07 -3.79179e-07 -3.79179e-07 -5.26662e-07 -5.26662e-07 -5.26662e-07 -5.26662e-07 -6.42469e-07 -6.42469e-07 -6.42469e-07 -6.42469e-07 -7.15995e-07 -7.15995e-07 -7.15995e-07 -7.15995e-07 -7.41154e-07 -7.41154e-07 -7.41154e-07 -7.41154e-07
0.43 3.11015e-07 3.07617e-07 3.12291e-07 3.10357e-07 2.642e-07 2.64927e-07 2.64092e-07 2.64527e-07 1.83532e-07 1.83376e-07 1.83533e-07 1.83436e-07 6.65397e-08 6.6573e-08 6.65419e-08 6.65636e-08 -7.85928e-08 -7.86e-08 -7.85935e-08 -7.85984e-08 -2.37967e-07 -2.37966e-07 -2.37967e-07 -2.37966e-07 -3.94786e-07 -3.94786e-07 -3.94786e-07 -3.94786e-07 -5.3308e-07 -5.33079e-07 -5.3308e-07 -5.33079e-07 -6.40131e-07 -6.40131e-07 -6.40131e-07 -6.40131e-07 -7.07418e-07 -7.07418e-07 -7.07418e-07 -7.07418e-07 -7.30322e-07 -7.30322e-07 -7.30322e-07 -7.30322e-07
0.431 3.06689e-07 3.01303e-07 3.08986e-07 3.05584e-07 2.49801e-07 2.50951e-07 2.49619e-07 2.50373e-07 1.61107e-07 1.60861e-07 1.61111e-07 1.60944e-07 3.92849e-08 3.93375e-08 3.9288e-08 3.93249e-08 -1.05994e-07 -1.06006e-07 -1.05995e-07 -1.06004e-07 -2.60872e-07 -2.60869e-07 -2.60872e-07 -2.6087e-07 -4.0963e-07 -4.0963e-07 -4.0963e-07 -4.0963e-07 -5.3822e-07 -5.3822e-07 -5.3822e-07 -5.3822e-07 -6.36178e-07 -6.36178e-07 -6.36178e-07 -6.36178e-07 -6.97047e-07 -6.97047e-07 -6.97047e-07 -6.97047e-07 -7.1764e-07 -7.1764e-07 -7.1764e-07 -7.1764e-07
0.432 3.01275e-07 2.93681e-07 3.04784e-07 2.9967e-07 2.33983e-07 2.35604e-07 2.33707e-07 2.34834e-07 1.37336e-07 1.3699e-07 1.37344e-07 1.37096e-07 1.10514e-08 1.11255e-08 1.10551e-08 1.11095e-08 -1.33788e-07 -1.33804e-07 -1.33789e-07 -1.33801e-07 -2.8352e-07 -2.83517e-07 -2.8352e-07 -2.83517e-07 -4.23642e-07 -4.23643e-07 -4.23642e-07 -4.23643e-07 -5.42109e-07 -5.42109e-07 -5.42109e-07 -5.42109e-07 -6.3072e-07 -6.3072e-07 -6.3072e-07 -6.3072e-07 -6.8505e-07 -6.8505e-07 -6.8505e-07 -6.8505e-07 -7.03301e-07 -7.03301e-07 -7.03301e-07 -7.03301e-07
0.433 2.94734e-07 2.84736e-07 2.99635e-07 2.92585e-07 2.16819e-07 2.18955e-07 2.16431e-07 2.17978e-07 1.12374e-07 1.11918e-07 1.12388e-07 1.12049e-07 -1.79594e-08 -1.78618e-08 -1.79554e-08 -1.78812e-08 -1.61778e-07 -1.61799e-07 -1.61779e-07 -1.61796e-07 -3.05768e-07 -3.05764e-07 -3.05768e-07 -3.05764e-07 -4.36763e-07 -4.36764e-07 -4.36763e-07 -4.36764e-07 -5.44779e-07 -5.44779e-07 -5.44779e-07 -5.44779e-07 -6.23875e-07 -6.23875e-07 -6.23875e-07 -6.23875e-07 -6.71603e-07 -6.71603e-07 -6.71603e-07 -6.71603e-07 -6.87497e-07 -6.87497e-07 -6.87497e-07 -6.87497e-07
0.434 2.87044e-07 2.74471e-07 2.93499e-07 2.84308e-07 1.98397e-07 2.01083e-07 1.97878e-07 1.99889e-07 8.63889e-08 8.58148e-08 8.64114e-08 8.59719e-08 -4.75394e-08 -4.74166e-08 -4.75353e-08 -4.74394e-08 -1.89767e-07 -1.89793e-07 -1.89769e-07 -1.8979e-07 -3.27476e-07 -3.27471e-07 -3.27476e-07 -3.27471e-07 -4.48937e-07 -4.48938e-07 -4.48937e-07 -4.48938e-07 -5.46269e-07 -5.46269e-07 -5.46269e-07 -5.46269e-07 -6.15762e-07 -6.15763e-07 -6.15762e-07 -6.15763e-07 -6.5688e-07 -6.5688e-07 -6.5688e-07 -6.5688e-07 -6.70423e-07 -6.70423e-07 -6.70423e-07 -6.70423e-07
0.435 2.7819e-07 2.62899e-07 2.86346e-07 2.74835e-07 1.78817e-07 1.82084e-07 1.78151e-07 1.80664e-07 5.95579e-08 5.88593e-08 5.95908e-08 5.90426e-08 -7.7476e-08 -7.73265e-08 -7.74722e-08 -7.73527e-08 -2.17561e-07 -2.17593e-07 -2.17563e-07 -2.17589e-07 -3.4851e-07 -3.48503e-07 -3.4851e-07 -3.48504e-07 -4.60118e-07 -4.60119e-07 -4.60118e-07 -4.60119e-07 -5.46626e-07 -5.46625e-07 -5.46626e-07 -5.46625e-07 -6.06507e-07 -6.06507e-07 -6.06507e-07 -6.06507e-07 -6.41057e-07 -6.41057e-07 -6.41057e-07 -6.41057e-07 -6.52274e-07 -6.52274e-07 -6.52274e-07 -6.52274e-07
0.436 2.68172e-07 2.5005e-07 2.78157e-07 2.6417e-07 1.58188e-07 1.62062e-07 1.57361e-07 1.6041e-07 3.20664e-08 3.12378e-08 3.21116e-08 3.14476e-08 -1.07554e-07 -1.07377e-07 -1.07551e-07 -1.07406e-07 -2.44967e-07 -2.45005e-07 -2.44969e-07 -2.45e-07 -3.68742e-07 -3.68734e-07 -3.68742e-07 -3.68735e-07 -4.70266e-07 -4.70268e-07 -4.70266e-07 -4.70268e-07 -5.45898e-07 -5.45898e-07 -5.45898e-07 -5.45898e-07 -5.96234e-07 -5.96234e-07 -5.96234e-07 -5.96234e-07 -6.24309e-07 -6.24309e-07 -6.24309e-07 -6.24309e-07 -6.3324e-07 -6.3324e-07 -6.3324e-07 -6.3324e-07
0.437 2.57001e-07 2.35964e-07 2.68923e-07 2.52332e-07 1.36634e-07 1.41133e-07 1.35632e-07 1.39244e-07 4.1057e-09 3.14315e-09 4.16488e-09 3.37932e-09 -1.37559e-07 -1.37353e-07 -1.37556e-07 -1.37386e-07 -2.71798e-07 -2.71842e-07 -2.718e-07 -2.71837e-07 -3.88054e-07 -3.88045e-07 -3.88054e-07 -3.88046e-07 -4.79351e-07 -4.79353e-07 -4.79351e-07 -4.79353e-07 -5.44144e-07 -5.44143e-07 -5.44144e-07 -5.44143e-07 -5.8507e-07 -5.8507e-07 -5.8507e-07 -5.8507e-07 -6.06808e-07 -6.06808e-07 -6.06808e-07 -6.06808e-07 -6.13509e-07 -6.13509e-07 -6.13509e-07 -6.13509e-07
0.438 2.44701e-07 2.20697e-07 2.58648e-07 2.39351e-07 1.14286e-07 1.19421e-07 1.13099e-07 1.17294e-07 -2.41291e-08 -2.52282e-08 -2.40544e-08 -2.4966e-08 -1.67277e-07 -1.67042e-07 -1.67275e-07 -1.67077e-07 -2.97874e-07 -2.97924e-07 -2.97876e-07 -2.97919e-07 -4.06334e-07 -4.06323e-07 -4.06334e-07 -4.06324e-07 -4.87347e-07 -4.87349e-07 -4.87347e-07 -4.87349e-07 -5.41421e-07 -5.41421e-07 -5.41421e-07 -5.41421e-07 -5.73143e-07 -5.73143e-07 -5.73143e-07 -5.73143e-07 -5.88722e-07 -5.88722e-07 -5.88722e-07 -5.88722e-07 -5.93264e-07 -5.93264e-07 -5.93264e-07 -5.93264e-07
0.439 2.31307e-07 2.04314e-07 2.47344e-07 2.25271e-07 9.12823e-08 9.70591e-08 8.99001e-08 9.46951e-08 -5.24411e-08 -5.36779e-08 -5.23494e-08 -5.33903e-08 -1.96499e-07 -1.96234e-07 -1.96499e-07 -1.96273e-07 -3.23023e-07 -3.2308e-07 -3.23025e-07 -3.23074e-07 -4.23481e-07 -4.23469e-07 -4.23481e-07 -4.2347e-07 -4.94238e-07 -4.94241e-07 -4.94239e-07 -4.94241e-07 -5.37795e-07 -5.37794e-07 -5.37794e-07 -5.37794e-07 -5.60577e-07 -5.60578e-07 -5.60577e-07 -5.60578e-07 -5.70216e-07 -5.70216e-07 -5.70216e-07 -5.70216e-07 -5.72681e-07 -5.72681e-07 -5.72681e-07 -5.72681e-07
0.44 2.16867e-07 1.86893e-07 2.35037e-07 2.10144e-07 6.77679e-08 7.41846e-08 6.61842e-08 7.15871e-08 -8.06335e-08 -8.20078e-08 -8.05236e-08 -8.16956e-08 -2.25022e-07 -2.24728e-07 -2.25023e-07 -2.24769e-07 -3.47081e-07 -3.47145e-07 -3.47083e-07 -3.47138e-07 -4.39403e-07 -4.3939e-07 -4.39403e-07 -4.39391e-07 -5.00016e-07 -5.00018e-07 -5.00016e-07 -5.00018e-07 -5.33329e-07 -5.33329e-07 -5.33329e-07 -5.33329e-07 -5.47497e-07 -5.47498e-07 -5.47498e-07 -5.47498e-07 -5.51448e-07 -5.51448e-07 -5.51448e-07 -5.51448e-07 -5.51932e-07 -5.51932e-07 -5.51932e-07 -5.51932e-07
0.441 2.01436e-07 1.68524e-07 2.21761e-07 1.94035e-07 4.38923e-08 5.09405e-08 4.21022e-08 4.81155e-08 -1.08512e-07 -1.10022e-07 -1.08383e-07 -1.09686e-07 -2.52651e-07 -2.52328e-07 -2.52654e-07 -2.52372e-07 -3.69898e-07 -3.69967e-07 -3.699e-07 -3.69961e-07 -4.54019e-07 -4.54004e-07 -4.54019e-07 -4.54005e-07 -5.04676e-07 -5.04679e-07 -5.04676e-07 -5.04679e-07 -5.28094e-07 -5.28093e-07 -5.28094e-07 -5.28093e-07 -5.34023e-07 -5.34023e-07 -5.34023e-07 -5.34023e-07 -5.32569e-07 -5.32569e-07 -5.32569e-07 -5.32569e-07 -5.31176e-07 -5.31176e-07 -5.31176e-07 -5.31176e-07
0.442 1.85083e-07 1.49304e-07 2.07561e-07 1.7702e-07 1.9808e-08 2.74728e-08 1.78089e-08 2.44285e-08 -1.35886e-07 -1.37529e-07 -1.35737e-07 -1.37171e-07 -2.79201e-07 -2.78849e-07 -2.79205e-07 -2.78895e-07 -3.91332e-07 -3.91408e-07 -3.91334e-07 -3.91401e-07 -4.67258e-07 -4.67242e-07 -4.67257e-07 -4.67243e-07 -5.08223e-07 -5.08226e-07 -5.08223e-07 -5.08226e-07 -5.22157e-07 -5.22156e-07 -5.22157e-07 -5.22157e-07 -5.20271e-07 -5.20272e-07 -5.20271e-07 -5.20272e-07 -5.13723e-07 -5.13723e-07 -5.13723e-07 -5.13723e-07 -5.10567e-07 -5.10567e-07 -5.10567e-07 -5.10567e-07
0.443 1.67884e-07 1.29339e-07 1.92492e-07 1.5918e-07 -4.33132e-09 3.92875e-09 -6.53989e-09 6.75704e-10 -1.62573e-07 -1.64343e-07 -1.62403e-07 -1.63965e-07 -3.04497e-07 -3.04117e-07 -3.04503e-07 -3.04165e-07 -4.11257e-07 -4.11339e-07 -4.11259e-07 -4.11332e-07 -4.79059e-07 -4.79042e-07 -4.79059e-07 -4.79043e-07 -5.10667e-07 -5.1067e-07 -5.10667e-07 -5.1067e-07 -5.15589e-07 -5.15588e-07 -5.15589e-07 -5.15588e-07 -5.06353e-07 -5.06354e-07 -5.06353e-07 -5.06354e-07 -4.95047e-07 -4.95047e-07 -4.95047e-07 -4.95047e-07 -4.90249e-07 -4.90249e-07 -4.90249e-07 -4.90249e-07
0.444 1.49925e-07 1.08743e-07 1.76615e-07 1.40609e-07 -2.83724e-08 -1.95446e-08 -3.07887e-08 -2.29937e-08 -1.88396e-07 -1.90288e-07 -1.88205e-07 -1.89892e-07 -3.28378e-07 -3.27972e-07 -3.28387e-07 -3.28022e-07 -4.29559e-07 -4.29646e-07 -4.2956e-07 -4.29639e-07 -4.89374e-07 -4.89355e-07 -4.89373e-07 -4.89356e-07 -5.12023e-07 -5.12027e-07 -5.12023e-07 -5.12027e-07 -5.08457e-07 -5.08456e-07 -5.08457e-07 -5.08456e-07 -4.92376e-07 -4.92376e-07 -4.92376e-07 -4.92376e-07 -4.76667e-07 -4.76667e-07 -4.76667e-07 -4.76667e-07 -4.70355e-07 -4.70355e-07 -4.70355e-07 -4.70355e-07
0.445 1.31298e-07 8.76359e-08 1.60003e-07 1.21404e-07 -5.21641e-08 -4.28016e-08 -5.47842e-08 -4.64322e-08 -2.13188e-07 -2.15197e-07 -2.12976e-07 -2.14783e-07 -3.50698e-07 -3.50267e-07 -3.50709e-07 -3.50319e-07 -4.46139e-07 -4.46232e-07 -4.4614e-07 -4.46225e-07 -4.98164e-07 -4.98144e-07 -4.98163e-07 -4.98145e-07 -5.12312e-07 -5.12316e-07 -5.12312e-07 -5.12316e-07 -5.00831e-07 -5.0083e-07 -5.00831e-07 -5.0083e-07 -4.78438e-07 -4.78438e-07 -4.78438e-07 -4.78438e-07 -4.587e-07 -4.587e-07 -4.587e-07 -4.587e-07 -4.51007e-07 -4.51007e-07 -4.51007e-07 -4.51007e-07
0.446 1.12102e-07 6.61414e-08 1.42734e-07 1.01672e-07 -7.55585e-08 -6.57002e-08 -7.83765e-08 -6.94958e-08 -2.36797e-07 -2.38912e-07 -2.36563e-07 -2.38483e-07 -3.71325e-07 -3.70871e-07 -3.71339e-07 -3.70924e-07 -4.60914e-07 -4.61011e-07 -4.60914e-07 -4.61004e-07 -5.05401e-07 -5.0538e-07 -5.054e-07 -5.05381e-07 -5.11559e-07 -5.11564e-07 -5.11559e-07 -5.11564e-07 -4.92777e-07 -4.92776e-07 -4.92777e-07 -4.92776e-07 -4.64634e-07 -4.64634e-07 -4.64634e-07 -4.64634e-07 -4.41254e-07 -4.41254e-07 -4.41254e-07 -4.41254e-07 -4.32318e-07 -4.32318e-07 -4.32318e-07 -4.32318e-07
0.447 9.24416e-08 4.43871e-08 1.24892e-07 8.15212e-08 -9.8413e-08 -8.81024e-08 -1.01421e-07 -9.20449e-08 -2.59078e-07 -2.61291e-07 -2.58824e-07 -2.6085e-07 -3.90144e-07 -3.89669e-07 -3.9016e-07 -3.89722e-07 -4.73813e-07 -4.73915e-07 -4.73813e-07 -4.73908e-07 -5.11068e-07 -5.11046e-07 -5.11067e-07 -5.11047e-07 -5.09794e-07 -5.09799e-07 -5.09794e-07 -5.09799e-07 -4.84359e-07 -4.84358e-07 -4.84359e-07 -4.84358e-07 -4.51049e-07 -4.5105e-07 -4.51049e-07 -4.5105e-07 -4.24427e-07 -4.24426e-07 -4.24427e-07 -4.24426e-07 -4.14388e-07 -4.14388e-07 -4.14388e-07 -4.14388e-07
0.448 7.24254e-08 2.25023e-08 1.06568e-07 6.10656e-08 -1.20591e-07 -1.09877e-07 -1.23779e-07 -1.13947e-07 -2.79904e-07 -2.82204e-07 -2.7963e-07 -2.81754e-07 -4.07057e-07 -4.06563e-07 -4.07075e-07 -4.06617e-07 -4.84784e-07 -4.8489e-07 -4.84784e-07 -4.84883e-07 -5.15158e-07 -5.15135e-07 -5.15158e-07 -5.15136e-07 -5.07049e-07 -5.07054e-07 -5.0705e-07 -5.07054e-07 -4.75637e-07 -4.75636e-07 -4.75637e-07 -4.75636e-07 -4.37762e-07 -4.37763e-07 -4.37762e-07 -4.37763e-07 -4.08304e-07 -4.08303e-07 -4.08304e-07 -4.08303e-07 -3.97306e-07 -3.97306e-07 -3.97306e-07 -3.97306e-07
0.449 5.21652e-08 6.16855e-10 8.78561e-08 4.04212e-08 -1.41965e-07 -1.30898e-07 -1.45321e-07 -1.35075e-07 -2.99161e-07 -3.01538e-07 -2.98867e-07 -3.0108e-07 -4.21983e-07 -4.21473e-07 -4.22004e-07 -4.21526e-07 -4.93788e-07 -4.93898e-07 -4.93788e-07 -4.93891e-07 -5.17675e-07 -5.17651e-07 -5.17675e-07 -5.17653e-07 -5.03361e-07 -5.03366e-07 -5.03361e-07 -5.03366e-07 -4.66671e-07 -4.6667e-07 -4.66671e-07 -4.6667e-07 -4.24844e-07 -4.24844e-07 -4.24844e-07 -4.24844e-07 -3.92961e-07 -3.92961e-07 -3.92961e-07 -3.92961e-07 -3.81149e-07 -3.81149e-07 -3.81149e-07 -3.81149e-07
0.45 3.17745e-08 -2.11401e-08 6.8855e-08 1.97052e-08 -1.62415e-07 -1.51051e-07 -1.65925e-07 -1.55313e-07 -3.16752e-07 -3.19193e-07 -3.16439e-07 -3.1873e-07 -4.3486e-07 -4.34336e-07 -4.34884e-07 -4.34389e-07 -5.00805e-07 -5.00917e-07 -5.00804e-07 -5.00911e-07 -5.18631e-07 -5.18607e-07 -5.18631e-07 -5.18608e-07 -4.98768e-07 -4.98773e-07 -4.98768e-07 -4.98773e-07 -4.57514e-07 -4.57513e-07 -4.57514e-07 -4.57513e-07 -4.12355e-07 -4.12355e-07 -4.12355e-07 -4.12355e-07 -3.78463e-07 -3.78463e-07 -3.78463e-07 -3.78463e-07 -3.65983e-07 -3.65983e-07 -3.65983e-07 -3.65983e-07
0.451 1.13676e-08 -4.26415e-08 4.96652e-08 -9.64988e-10 -1.81831e-07 -1.70228e-07 -1.8548e-07 -1.74552e-07 -3.32595e-07 -3.35088e-07 -3.32264e-07 -3.34623e-07 -4.45644e-07 -4.45108e-07 -4.4567e-07 -4.45161e-07 -5.05825e-07 -5.0594e-07 -5.05824e-07 -5.05934e-07 -5.18049e-07 -5.18025e-07 -5.18049e-07 -5.18026e-07 -4.93311e-07 -4.93316e-07 -4.93311e-07 -4.93316e-07 -4.48217e-07 -4.48216e-07 -4.48217e-07 -4.48216e-07 -4.00349e-07 -4.00349e-07 -4.00349e-07 -4.00349e-07 -3.64865e-07 -3.64865e-07 -3.64865e-07 -3.64865e-07 -3.5186e-07 -3.5186e-07 -3.5186e-07 -3.5186e-07
0.452 -8.94184e-09 -6.37639e-08 3.03889e-08 -2.14733e-08 -2.00113e-07 -1.88333e-07 -2.03886e-07 -1.92696e-07 -3.46625e-07 -3.49157e-07 -3.46278e-07 -3.48692e-07 -4.54309e-07 -4.53764e-07 -4.54337e-07 -4.53817e-07 -5.08858e-07 -5.08975e-07 -5.08857e-07 -5.08969e-07 -5.1596e-07 -5.15935e-07 -5.1596e-07 -5.15936e-07 -4.87032e-07 -4.87037e-07 -4.87032e-07 -4.87037e-07 -4.38825e-07 -4.38824e-07 -4.38825e-07 -4.38824e-07 -3.88872e-07 -3.88872e-07 -3.88872e-07 -3.88872e-07 -3.52208e-07 -3.52208e-07 -3.52208e-07 -3.52208e-07 -3.38823e-07 -3.38823e-07 -3.38823e-07 -3.38823e-07
0.453 -2.90416e-08 -8.43881e-08 1.11283e-08 -4.17059e-08 -2.17176e-07 -2.05279e-07 -2.21054e-07 -2.09659e-07 -3.58794e-07 -3.61352e-07 -3.58433e-07 -3.6089e-07 -4.60845e-07 -4.60296e-07 -4.60876e-07 -4.60347e-07 -5.09926e-07 -5.10044e-07 -5.09924e-07 -5.10038e-07 -5.12402e-07 -5.12377e-07 -5.12402e-07 -5.12378e-07 -4.79976e-07 -4.79982e-07 -4.79976e-07 -4.79982e-07 -4.2938e-07 -4.29379e-07 -4.2938e-07 -4.29379e-07 -3.77958e-07 -3.77959e-07 -3.77958e-07 -3.77959e-07 -3.40523e-07 -3.40523e-07 -3.40523e-07 -3.40523e-07 -3.26902e-07 -3.26902e-07 -3.26902e-07 -3.26902e-07
0.454 -4.88222e-08 -1.04401e-07 -8.01463e-09 -6.15523e-08 -2.32943e-07 -2.20993e-07 -2.36908e-07 -2.25365e-07 -3.69073e-07 -3.71642e-07 -3.68698e-07 -3.71186e-07 -4.65264e-07 -4.64711e-07 -4.65297e-07 -4.64761e-07 -5.09064e-07 -5.09182e-07 -5.09061e-07 -5.09177e-07 -5.07424e-07 -5.07398e-07 -5.07424e-07 -5.07399e-07 -4.72189e-07 -4.72195e-07 -4.72189e-07 -4.72194e-07 -4.1992e-07 -4.19918e-07 -4.1992e-07 -4.19918e-07 -3.67637e-07 -3.67637e-07 -3.67637e-07 -3.67637e-07 -3.29832e-07 -3.29832e-07 -3.29832e-07 -3.29832e-07 -3.16114e-07 -3.16114e-07 -3.16114e-07 -3.16114e-07
0.455 -6.81781e-08 -1.23696e-07 -2.69399e-08 -8.09064e-08 -2.47352e-07 -2.35411e-07 -2.51385e-07 -2.39753e-07 -3.77445e-07 -3.80014e-07 -3.77059e-07 -3.79565e-07 -4.6759e-07 -4.67037e-07 -4.67625e-07 -4.67085e-07 -5.06321e-07 -5.0644e-07 -5.06318e-07 -5.06435e-07 -5.01078e-07 -5.01053e-07 -5.01078e-07 -5.01053e-07 -4.63716e-07 -4.63722e-07 -4.63716e-07 -4.63722e-07 -4.10475e-07 -4.10474e-07 -4.10475e-07 -4.10474e-07 -3.57926e-07 -3.57926e-07 -3.57926e-07 -3.57926e-07 -3.20145e-07 -3.20145e-07 -3.20145e-07 -3.20145e-07 -3.06466e-07 -3.06466e-07 -3.06466e-07 -3.06466e-07
0.456 -8.70081e-08 -1.42173e-07 -4.555e-08 -9.96675e-08 -2.60353e-07 -2.48484e-07 -2.64433e-07 -2.52773e-07 -3.83914e-07 -3.86468e-07 -3.83518e-07 -3.8603e-07 -4.67866e-07 -4.67317e-07 -4.67904e-07 -4.67362e-07 -5.01761e-07 -5.01879e-07 -5.01758e-07 -5.01874e-07 -4.93427e-07 -4.93402e-07 -4.93428e-07 -4.93403e-07 -4.54605e-07 -4.54611e-07 -4.54605e-07 -4.54611e-07 -4.01076e-07 -4.01075e-07 -4.01076e-07 -4.01075e-07 -3.48836e-07 -3.48836e-07 -3.48836e-07 -3.48836e-07 -3.11461e-07 -3.11461e-07 -3.11461e-07 -3.11461e-07 -2.97954e-07 -2.97954e-07 -2.97954e-07 -2.97954e-07
0.457 -1.05217e-07 -1.59743e-07 -6.37508e-08 -1.17741e-07 -2.71909e-07 -2.60173e-07 -2.76016e-07 -2.64387e-07 -3.88498e-07 -3.91024e-07 -3.88094e-07 -3.90598e-07 -4.6615e-07 -4.65606e-07 -4.66189e-07 -4.6565e-07 -4.95455e-07 -4.95572e-07 -4.95452e-07 -4.95568e-07 -4.84538e-07 -4.84513e-07 -4.84539e-07 -4.84514e-07 -4.44904e-07 -4.44909e-07 -4.44904e-07 -4.44909e-07 -3.91744e-07 -3.91743e-07 -3.91744e-07 -3.91743e-07 -3.4037e-07 -3.4037e-07 -3.4037e-07 -3.4037e-07 -3.03769e-07 -3.03769e-07 -3.03769e-07 -3.03769e-07 -2.90563e-07 -2.90563e-07 -2.90563e-07 -2.90563e-07
0.458 -1.22716e-07 -1.76324e-07 -8.14526e-08 -1.3504e-07 -2.81996e-07 -2.70453e-07 -2.86109e-07 -2.74571e-07 -3.91229e-07 -3.93714e-07 -3.90819e-07 -3.93303e-07 -4.62513e-07 -4.61978e-07 -4.62554e-07 -4.62019e-07 -4.87489e-07 -4.87604e-07 -4.87485e-07 -4.876e-07 -4.74484e-07 -4.74459e-07 -4.74484e-07 -4.7446e-07 -4.34659e-07 -4.34664e-07 -4.34659e-07 -4.34664e-07 -3.82499e-07 -3.82498e-07 -3.82499e-07 -3.82498e-07 -3.32523e-07 -3.32524e-07 -3.32523e-07 -3.32524e-07 -2.97049e-07 -2.97049e-07 -2.97049e-07 -2.97049e-07 -2.84268e-07 -2.84268e-07 -2.84268e-07 -2.84268e-07
0.459 -1.39422e-07 -1.91843e-07 -9.85708e-08 -1.51485e-07 -2.90601e-07 -2.7931e-07 -2.947e-07 -2.83311e-07 -3.92156e-07 -3.94587e-07 -3.91742e-07 -3.94193e-07 -4.5704e-07 -4.56516e-07 -4.57082e-07 -4.56555e-07 -4.77955e-07 -4.78068e-07 -4.77951e-07 -4.78064e-07 -4.63343e-07 -4.63318e-07 -4.63343e-07 -4.63319e-07 -4.23919e-07 -4.23924e-07 -4.23919e-07 -4.23924e-07 -3.73356e-07 -3.73355e-07 -3.73356e-07 -3.73355e-07 -3.25283e-07 -3.25283e-07 -3.25283e-07 -3.25283e-07 -2.91271e-07 -2.91271e-07 -2.91271e-07 -2.91271e-07 -2.79031e-07 -2.79031e-07 -2.79031e-07 -2.79031e-07
0.46 -1.55262e-07 -2.06239e-07 -1.15026e-07 -1.67003e-07 -2.97726e-07 -2.86742e-07 -3.0179e-07 -2.90607e-07 -3.91338e-07 -3.93705e-07 -3.90923e-07 -3.93329e-07 -4.49828e-07 -4.49319e-07 -4.49872e-07 -4.49354e-07 -4.66957e-07 -4.67066e-07 -4.66952e-07 -4.67063e-07 -4.51197e-07 -4.51173e-07 -4.51198e-07 -4.51174e-07 -4.12733e-07 -4.12738e-07 -4.12733e-07 -4.12738e-07 -3.64326e-07 -3.64325e-07 -3.64326e-07 -3.64325e-07 -3.1863e-07 -3.1863e-07 -3.1863e-07 -3.1863e-07 -2.86395e-07 -2.86395e-07 -2.86395e-07 -2.86395e-07 -2.74809e-07 -2.74809e-07 -2.74809e-07 -2.74809e-07
0.461 -1.7017e-07 -2.19461e-07 -1.30747e-07 -1.81533e-07 -3.03384e-07 -2.92759e-07 -3.07393e-07 -2.96469e-07 -3.88849e-07 -3.91139e-07 -3.88434e-07 -3.90784e-07 -4.40986e-07 -4.40492e-07 -4.4103e-07 -4.40525e-07 -4.54603e-07 -4.5471e-07 -4.54598e-07 -4.54707e-07 -4.38133e-07 -4.3811e-07 -4.38134e-07 -4.3811e-07 -4.01148e-07 -4.01153e-07 -4.01148e-07 -4.01153e-07 -3.55417e-07 -3.55416e-07 -3.55417e-07 -3.55416e-07 -3.12538e-07 -3.12538e-07 -3.12538e-07 -3.12538e-07 -2.82376e-07 -2.82376e-07 -2.82376e-07 -2.82376e-07 -2.71545e-07 -2.71545e-07 -2.71545e-07 -2.71545e-07
0.462 -1.84089e-07 -2.31467e-07 -1.45666e-07 -1.9502e-07 -3.07597e-07 -2.9738e-07 -3.11532e-07 -3.0092e-07 -3.84773e-07 -3.86976e-07 -3.84361e-07 -3.86642e-07 -4.30629e-07 -4.30154e-07 -4.30674e-07 -4.30183e-07 -4.41012e-07 -4.41114e-07 -4.41007e-07 -4.41112e-07 -4.24241e-07 -4.24219e-07 -4.24242e-07 -4.24219e-07 -3.89214e-07 -3.89219e-07 -3.89214e-07 -3.89219e-07 -3.46634e-07 -3.46633e-07 -3.46634e-07 -3.46633e-07 -3.06976e-07 -3.06976e-07 -3.06976e-07 -3.06976e-07 -2.79158e-07 -2.79157e-07 -2.79158e-07 -2.79157e-07 -2.69179e-07 -2.69179e-07 -2.69179e-07 -2.69179e-07
0.463 -1.96968e-07 -2.42227e-07 -1.59727e-07 -2.0742e-07 -3.10401e-07 -3.00636e-07 -3.14242e-07 -3.03991e-07 -3.79204e-07 -3.8131e-07 -3.78796e-07 -3.80999e-07 -4.18883e-07 -4.18428e-07 -4.18928e-07 -4.18454e-07 -4.26304e-07 -4.26402e-07 -4.26299e-07 -4.26401e-07 -4.09613e-07 -4.09592e-07 -4.09614e-07 -4.09592e-07 -3.76977e-07 -3.76982e-07 -3.76977e-07 -3.76982e-07 -3.37978e-07 -3.37977e-07 -3.37978e-07 -3.37977e-07 -3.01905e-07 -3.01906e-07 -3.01905e-07 -3.01906e-07 -2.76677e-07 -2.76677e-07 -2.76677e-07 -2.76677e-07 -2.67637e-07 -2.67637e-07 -2.67637e-07 -2.67637e-07
0.464 -2.0877e-07 -2.51721e-07 -1.72877e-07 -2.18698e-07 -3.11839e-07 -3.02567e-07 -3.15569e-07 -3.05725e-07 -3.72243e-07 -3.74244e-07 -3.71842e-07 -3.73957e-07 -4.05878e-07 -4.05447e-07 -4.05924e-07 -4.0547e-07 -4.10607e-07 -4.107e-07 -4.10601e-07 -4.10699e-07 -3.94345e-07 -3.94325e-07 -3.94346e-07 -3.94325e-07 -3.64486e-07 -3.64491e-07 -3.64486e-07 -3.64491e-07 -3.29447e-07 -3.29446e-07 -3.29447e-07 -3.29446e-07 -2.97285e-07 -2.97285e-07 -2.97285e-07 -2.97285e-07 -2.74867e-07 -2.74867e-07 -2.74867e-07 -2.74867e-07 -2.66844e-07 -2.66844e-07 -2.66844e-07 -2.66844e-07
0.465 -2.19464e-07 -2.5994e-07 -1.85074e-07 -2.28829e-07 -3.11964e-07 -3.03222e-07 -3.15567e-07 -3.06171e-07 -3.64002e-07 -3.65889e-07 -3.63609e-07 -3.65627e-07 -3.91753e-07 -3.91346e-07 -3.91799e-07 -3.91365e-07 -3.9405e-07 -3.94138e-07 -3.94044e-07 -3.94137e-07 -3.78531e-07 -3.78512e-07 -3.78532e-07 -3.78512e-07 -3.51789e-07 -3.51793e-07 -3.51789e-07 -3.51793e-07 -3.2104e-07 -3.21039e-07 -3.2104e-07 -3.21039e-07 -2.93069e-07 -2.93069e-07 -2.93069e-07 -2.93069e-07 -2.73652e-07 -2.73652e-07 -2.73652e-07 -2.73652e-07 -2.66714e-07 -2.66714e-07 -2.66714e-07 -2.66714e-07
0.466 -2.29029e-07 -2.66884e-07 -1.96284e-07 -2.37795e-07 -3.10839e-07 -3.02658e-07 -3.14298e-07 -3.05387e-07 -3.54594e-07 -3.56361e-07 -3.54211e-07 -3.56124e-07 -3.76647e-07 -3.76265e-07 -3.76692e-07 -3.76281e-07 -3.76764e-07 -3.76847e-07 -3.76758e-07 -3.76847e-07 -3.6227e-07 -3.62252e-07 -3.62271e-07 -3.62252e-07 -3.38933e-07 -3.38937e-07 -3.38933e-07 -3.38937e-07 -3.1275e-07 -3.12749e-07 -3.1275e-07 -3.12749e-07 -2.89206e-07 -2.89207e-07 -2.89206e-07 -2.89207e-07 -2.72952e-07 -2.72952e-07 -2.72952e-07 -2.72952e-07 -2.67156e-07 -2.67156e-07 -2.67156e-07 -2.67156e-07
0.467 -2.37451e-07 -2.72564e-07 -2.06478e-07 -2.45591e-07 -3.08531e-07 -3.00937e-07 -3.11832e-07 -3.03441e-07 -3.4414e-07 -3.45782e-07 -3.4377e-07 -3.4557e-07 -3.60702e-07 -3.60348e-07 -3.60747e-07 -3.60361e-07 -3.58884e-07 -3.5896e-07 -3.58877e-07 -3.5896e-07 -3.45659e-07 -3.45642e-07 -3.4566e-07 -3.45642e-07 -3.25965e-07 -3.25969e-07 -3.25965e-07 -3.25969e-07 -3.0457e-07 -3.0457e-07 -3.0457e-07 -3.0457e-07 -2.85645e-07 -2.85645e-07 -2.85645e-07 -2.85645e-07 -2.72684e-07 -2.72684e-07 -2.72684e-07 -2.72684e-07 -2.68077e-07 -2.68077e-07 -2.68077e-07 -2.68077e-07
0.468 -2.44729e-07 -2.76998e-07 -2.15639e-07 -2.52217e-07 -3.05114e-07 -2.98131e-07 -3.08246e-07 -3.00402e-07 -3.32763e-07 -3.34274e-07 -3.32407e-07 -3.34089e-07 -3.44064e-07 -3.43737e-07 -3.44108e-07 -3.43747e-07 -3.4054e-07 -3.40611e-07 -3.40534e-07 -3.40611e-07 -3.28794e-07 -3.28779e-07 -3.28795e-07 -3.28778e-07 -3.12932e-07 -3.12935e-07 -3.12931e-07 -3.12935e-07 -2.96494e-07 -2.96493e-07 -2.96494e-07 -2.96493e-07 -2.82328e-07 -2.82329e-07 -2.82328e-07 -2.82329e-07 -2.72759e-07 -2.72759e-07 -2.72759e-07 -2.72759e-07 -2.69378e-07 -2.69378e-07 -2.69378e-07 -2.69378e-07
0.469 -2.50866e-07 -2.80214e-07 -2.23754e-07 -2.57685e-07 -3.0067e-07 -2.94313e-07 -3.03619e-07 -2.96347e-07 -3.20589e-07 -3.21966e-07 -3.20248e-07 -3.21807e-07 -3.26875e-07 -3.26577e-07 -3.26918e-07 -3.26584e-07 -3.21866e-07 -3.2193e-07 -3.2186e-07 -3.21932e-07 -3.11773e-07 -3.11759e-07 -3.11774e-07 -3.11758e-07 -2.99878e-07 -2.99881e-07 -2.99878e-07 -2.99881e-07 -2.88512e-07 -2.88511e-07 -2.88512e-07 -2.88511e-07 -2.792e-07 -2.79201e-07 -2.792e-07 -2.79201e-07 -2.73089e-07 -2.73089e-07 -2.73089e-07 -2.73089e-07 -2.70957e-07 -2.70957e-07 -2.70957e-07 -2.70957e-07
0.47 -2.55876e-07 -2.8225e-07 -2.30822e-07 -2.62011e-07 -2.95282e-07 -2.89563e-07 -2.98039e-07 -2.91359e-07 -3.07744e-07 -3.08983e-07 -3.07419e-07 -3.0885e-07 -3.09277e-07 -3.09009e-07 -3.09319e-07 -3.09012e-07 -3.02991e-07 -3.03049e-07 -3.02985e-07 -3.03051e-07 -2.94689e-07 -2.94676e-07 -2.9469e-07 -2.94676e-07 -2.8685e-07 -2.86853e-07 -2.8685e-07 -2.86853e-07 -2.80614e-07 -2.80614e-07 -2.80614e-07 -2.80614e-07 -2.76203e-07 -2.76203e-07 -2.76203e-07 -2.76203e-07 -2.73581e-07 -2.73581e-07 -2.73581e-07 -2.73581e-07 -2.7271e-07 -2.7271e-07 -2.7271e-07 -2.7271e-07
0.471 -2.59779e-07 -2.83148e-07 -2.36847e-07 -2.65223e-07 -2.89037e-07 -2.83963e-07 -2.91594e-07 -2.85521e-07 -2.94352e-07 -2.95453e-07 -2.94045e-07 -2.95346e-07 -2.91411e-07 -2.91172e-07 -2.91451e-07 -2.91173e-07 -2.84042e-07 -2.84094e-07 -2.84036e-07 -2.84096e-07 -2.77636e-07 -2.77625e-07 -2.77637e-07 -2.77624e-07 -2.73891e-07 -2.73893e-07 -2.7389e-07 -2.73893e-07 -2.72791e-07 -2.7279e-07 -2.72791e-07 -2.7279e-07 -2.73276e-07 -2.73276e-07 -2.73276e-07 -2.73276e-07 -2.74143e-07 -2.74143e-07 -2.74143e-07 -2.74143e-07 -2.74533e-07 -2.74533e-07 -2.74533e-07 -2.74533e-07
0.472 -2.62604e-07 -2.82957e-07 -2.41839e-07 -2.67353e-07 -2.82025e-07 -2.776e-07 -2.84375e-07 -2.78919e-07 -2.80539e-07 -2.815e-07 -2.80251e-07 -2.81418e-07 -2.73412e-07 -2.73203e-07 -2.73451e-07 -2.73201e-07 -2.65143e-07 -2.65188e-07 -2.65137e-07 -2.6519e-07 -2.60703e-07 -2.60694e-07 -2.60704e-07 -2.60693e-07 -2.61043e-07 -2.61045e-07 -2.61043e-07 -2.61045e-07 -2.65031e-07 -2.65031e-07 -2.65032e-07 -2.65031e-07 -2.70362e-07 -2.70363e-07 -2.70362e-07 -2.70363e-07 -2.74682e-07 -2.74682e-07 -2.74682e-07 -2.74682e-07 -2.76321e-07 -2.76321e-07 -2.76321e-07 -2.76321e-07
0.473 -2.64384e-07 -2.81735e-07 -2.45816e-07 -2.68441e-07 -2.74338e-07 -2.70558e-07 -2.76476e-07 -2.71643e-07 -2.66425e-07 -2.67248e-07 -2.66157e-07 -2.6719e-07 -2.55411e-07 -2.55232e-07 -2.55449e-07 -2.55228e-07 -2.46411e-07 -2.4645e-07 -2.46405e-07 -2.46452e-07 -2.43978e-07 -2.4397e-07 -2.43979e-07 -2.43969e-07 -2.48348e-07 -2.48349e-07 -2.48347e-07 -2.4835e-07 -2.57326e-07 -2.57326e-07 -2.57326e-07 -2.57326e-07 -2.67404e-07 -2.67404e-07 -2.67404e-07 -2.67404e-07 -2.75107e-07 -2.75107e-07 -2.75107e-07 -2.75107e-07 -2.7797e-07 -2.7797e-07 -2.7797e-07 -2.7797e-07
0.474 -2.65162e-07 -2.79543e-07 -2.48805e-07 -2.68533e-07 -2.66068e-07 -2.62927e-07 -2.6799e-07 -2.63781e-07 -2.52129e-07 -2.52815e-07 -2.51882e-07 -2.5278e-07 -2.37535e-07 -2.37386e-07 -2.37571e-07 -2.37379e-07 -2.2796e-07 -2.27993e-07 -2.27954e-07 -2.27995e-07 -2.27543e-07 -2.27535e-07 -2.27544e-07 -2.27535e-07 -2.35844e-07 -2.35846e-07 -2.35844e-07 -2.35846e-07 -2.49664e-07 -2.49664e-07 -2.49664e-07 -2.49664e-07 -2.64343e-07 -2.64343e-07 -2.64343e-07 -2.64343e-07 -2.75328e-07 -2.75328e-07 -2.75328e-07 -2.75328e-07 -2.79378e-07 -2.79378e-07 -2.79378e-07 -2.79378e-07
0.475 -2.64982e-07 -2.76445e-07 -2.50834e-07 -2.67678e-07 -2.57306e-07 -2.54792e-07 -2.5901e-07 -2.55422e-07 -2.37765e-07 -2.38315e-07 -2.37539e-07 -2.38304e-07 -2.19904e-07 -2.19783e-07 -2.19937e-07 -2.19774e-07 -2.09897e-07 -2.09923e-07 -2.09891e-07 -2.09926e-07 -2.11476e-07 -2.1147e-07 -2.11477e-07 -2.11469e-07 -2.23571e-07 -2.23572e-07 -2.2357e-07 -2.23572e-07 -2.42035e-07 -2.42035e-07 -2.42035e-07 -2.42035e-07 -2.61126e-07 -2.61126e-07 -2.61126e-07 -2.61126e-07 -2.75258e-07 -2.75258e-07 -2.75258e-07 -2.75258e-07 -2.80448e-07 -2.80448e-07 -2.80448e-07 -2.80448e-07
0.476 -2.63896e-07 -2.72512e-07 -2.5194e-07 -2.65933e-07 -2.48143e-07 -2.46242e-07 -2.49629e-07 -2.46655e-07 -2.23441e-07 -2.23859e-07 -2.23237e-07 -2.23869e-07 -2.02629e-07 -2.02537e-07 -2.0266e-07 -2.02525e-07 -1.92322e-07 -1.92342e-07 -1.92316e-07 -1.92345e-07 -1.95851e-07 -1.95846e-07 -1.95852e-07 -1.95846e-07 -2.11561e-07 -2.11562e-07 -2.11561e-07 -2.11562e-07 -2.34431e-07 -2.34431e-07 -2.34431e-07 -2.3443e-07 -2.577e-07 -2.577e-07 -2.577e-07 -2.577e-07 -2.74814e-07 -2.74814e-07 -2.74814e-07 -2.74814e-07 -2.81084e-07 -2.81084e-07 -2.81084e-07 -2.81084e-07
0.477 -2.61958e-07 -2.67814e-07 -2.52163e-07 -2.63355e-07 -2.38668e-07 -2.37362e-07 -2.39937e-07 -2.37566e-07 -2.09261e-07 -2.09551e-07 -2.09078e-07 -2.09581e-07 -1.85815e-07 -1.85751e-07 -1.85844e-07 -1.85737e-07 -1.75327e-07 -1.75341e-07 -1.75322e-07 -1.75345e-07 -1.80736e-07 -1.80733e-07 -1.80737e-07 -1.80732e-07 -1.99849e-07 -1.9985e-07 -1.99849e-07 -1.9985e-07 -2.26841e-07 -2.2684e-07 -2.26841e-07 -2.2684e-07 -2.54016e-07 -2.54016e-07 -2.54016e-07 -2.54016e-07 -2.73917e-07 -2.73917e-07 -2.73917e-07 -2.73917e-07 -2.81196e-07 -2.81196e-07 -2.81196e-07 -2.81196e-07
0.478 -2.59228e-07 -2.62428e-07 -2.5155e-07 -2.60009e-07 -2.28968e-07 -2.28235e-07 -2.30023e-07 -2.28239e-07 -1.95321e-07 -1.95488e-07 -1.95161e-07 -1.95537e-07 -1.69559e-07 -1.69521e-07 -1.69586e-07 -1.69506e-07 -1.58998e-07 -1.59007e-07 -1.58993e-07 -1.5901e-07 -1.66194e-07 -1.66192e-07 -1.66195e-07 -1.66191e-07 -1.88464e-07 -1.88464e-07 -1.88464e-07 -1.88464e-07 -2.19256e-07 -2.19256e-07 -2.19256e-07 -2.19256e-07 -2.50027e-07 -2.50027e-07 -2.50027e-07 -2.50027e-07 -2.72492e-07 -2.72492e-07 -2.72492e-07 -2.72492e-07 -2.807e-07 -2.807e-07 -2.807e-07 -2.807e-07
0.479 -2.55768e-07 -2.56427e-07 -2.50147e-07 -2.55958e-07 -2.19126e-07 -2.18941e-07 -2.19971e-07 -2.18756e-07 -1.81712e-07 -1.8176e-07 -1.81574e-07 -1.81828e-07 -1.53949e-07 -1.53937e-07 -1.53974e-07 -1.5392e-07 -1.43411e-07 -1.43414e-07 -1.43407e-07 -1.43418e-07 -1.5228e-07 -1.52279e-07 -1.52281e-07 -1.52278e-07 -1.77432e-07 -1.77432e-07 -1.77432e-07 -1.77432e-07 -2.11669e-07 -2.11669e-07 -2.11669e-07 -2.11669e-07 -2.4569e-07 -2.4569e-07 -2.4569e-07 -2.4569e-07 -2.70472e-07 -2.70472e-07 -2.70472e-07 -2.70472e-07 -2.7952e-07 -2.7952e-07 -2.7952e-07 -2.7952e-07
0.48 -2.5164e-07 -2.49888e-07 -2.48009e-07 -2.5127e-07 -2.09224e-07 -2.09559e-07 -2.09863e-07 -2.09197e-07 -1.68516e-07 -1.68453e-07 -1.684e-07 -1.68536e-07 -1.39065e-07 -1.39077e-07 -1.39087e-07 -1.39059e-07 -1.28634e-07 -1.28632e-07 -1.2863e-07 -1.28636e-07 -1.39044e-07 -1.39044e-07 -1.39045e-07 -1.39044e-07 -1.66777e-07 -1.66777e-07 -1.66777e-07 -1.66777e-07 -2.04071e-07 -2.04071e-07 -2.04072e-07 -2.04071e-07 -2.40967e-07 -2.40967e-07 -2.40967e-07 -2.40967e-07 -2.67796e-07 -2.67796e-07 -2.67796e-07 -2.67796e-07 -2.77585e-07 -2.77585e-07 -2.77585e-07 -2.77585e-07
0.481 -2.4691e-07 -2.42889e-07 -2.45189e-07 -2.46012e-07 -1.99338e-07 -2.00163e-07 -1.99778e-07 -1.99635e-07 -1.5581e-07 -1.55641e-07 -1.55715e-07 -1.55739e-07 -1.24975e-07 -1.2501e-07 -1.24995e-07 -1.24991e-07 -1.14726e-07 -1.14719e-07 -1.14723e-07 -1.14723e-07 -1.26528e-07 -1.2653e-07 -1.26529e-07 -1.26529e-07 -1.56519e-07 -1.56519e-07 -1.56519e-07 -1.56519e-07 -1.96456e-07 -1.96456e-07 -1.96456e-07 -1.96456e-07 -2.35824e-07 -2.35824e-07 -2.35824e-07 -2.35824e-07 -2.6441e-07 -2.6441e-07 -2.6441e-07 -2.6441e-07 -2.74834e-07 -2.74834e-07 -2.74834e-07 -2.74834e-07
0.482 -2.41646e-07 -2.35505e-07 -2.41745e-07 -2.40253e-07 -1.8954e-07 -1.90823e-07 -1.89789e-07 -1.90143e-07 -1.43661e-07 -1.43393e-07 -1.43587e-07 -1.43505e-07 -1.11741e-07 -1.11797e-07 -1.11758e-07 -1.11777e-07 -1.01737e-07 -1.01725e-07 -1.01733e-07 -1.01729e-07 -1.14768e-07 -1.14771e-07 -1.14769e-07 -1.1477e-07 -1.46674e-07 -1.46673e-07 -1.46674e-07 -1.46673e-07 -1.88816e-07 -1.88816e-07 -1.88816e-07 -1.88816e-07 -2.30232e-07 -2.30232e-07 -2.30232e-07 -2.30232e-07 -2.60266e-07 -2.60266e-07 -2.60266e-07 -2.60266e-07 -2.71214e-07 -2.71214e-07 -2.71214e-07 -2.71214e-07
0.483 -2.35913e-07 -2.2781e-07 -2.37734e-07 -2.34063e-07 -1.79898e-07 -1.81606e-07 -1.79964e-07 -1.80786e-07 -1.3213e-07 -1.3177e-07 -1.32077e-07 -1.31894e-07 -9.94128e-08 -9.94888e-08 -9.94272e-08 -9.94679e-08 -8.97061e-08 -8.969e-08 -8.97028e-08 -8.96938e-08 -1.03792e-07 -1.03795e-07 -1.03792e-07 -1.03794e-07 -1.37253e-07 -1.37252e-07 -1.37253e-07 -1.37253e-07 -1.81145e-07 -1.81145e-07 -1.81145e-07 -1.81145e-07 -2.24165e-07 -2.24165e-07 -2.24165e-07 -2.24165e-07 -2.55327e-07 -2.55327e-07 -2.55327e-07 -2.55327e-07 -2.66682e-07 -2.66682e-07 -2.66682e-07 -2.66682e-07
0.484 -2.2978e-07 -2.19878e-07 -2.33218e-07 -2.27509e-07 -1.70476e-07 -1.72573e-07 -1.70368e-07 -1.71626e-07 -1.21269e-07 -1.20825e-07 -1.21235e-07 -1.20958e-07 -8.80323e-08 -8.81265e-08 -8.80443e-08 -8.8105e-08 -7.86649e-08 -7.86449e-08 -7.8662e-08 -7.86486e-08 -9.36183e-08 -9.36226e-08 -9.3619e-08 -9.36219e-08 -1.28265e-07 -1.28264e-07 -1.28265e-07 -1.28265e-07 -1.73437e-07 -1.73437e-07 -1.73437e-07 -1.73437e-07 -2.17604e-07 -2.17604e-07 -2.17604e-07 -2.17604e-07 -2.49563e-07 -2.49563e-07 -2.49563e-07 -2.49563e-07 -2.61203e-07 -2.61203e-07 -2.61203e-07 -2.61203e-07
0.485 -2.23312e-07 -2.1178e-07 -2.28255e-07 -2.2066e-07 -1.61331e-07 -1.63781e-07 -1.61059e-07 -1.62722e-07 -1.11122e-07 -1.10601e-07 -1.11108e-07 -1.10744e-07 -7.76313e-08 -7.77421e-08 -7.76409e-08 -7.77202e-08 -6.86346e-08 -6.8611e-08 -6.86321e-08 -6.86148e-08 -8.42611e-08 -8.42661e-08 -8.42617e-08 -8.42654e-08 -1.19714e-07 -1.19713e-07 -1.19714e-07 -1.19713e-07 -1.65687e-07 -1.65687e-07 -1.65687e-07 -1.65687e-07 -2.10534e-07 -2.10534e-07 -2.10534e-07 -2.10534e-07 -2.42952e-07 -2.42952e-07 -2.42952e-07 -2.42952e-07 -2.54754e-07 -2.54754e-07 -2.54754e-07 -2.54754e-07
0.486 -2.16576e-07 -2.03584e-07 -2.22907e-07 -2.13582e-07 -1.52516e-07 -1.55282e-07 -1.52091e-07 -1.54124e-07 -1.01727e-07 -1.01137e-07 -1.0173e-07 -1.01287e-07 -6.82323e-08 -6.83579e-08 -6.82395e-08 -6.83358e-08 -5.96273e-08 -5.96005e-08 -5.96251e-08 -5.96042e-08 -7.57248e-08 -7.57306e-08 -7.57254e-08 -7.57299e-08 -1.116e-07 -1.11598e-07 -1.11599e-07 -1.11598e-07 -1.57889e-07 -1.5789e-07 -1.57889e-07 -1.5789e-07 -2.02947e-07 -2.02947e-07 -2.02947e-07 -2.02947e-07 -2.35483e-07 -2.35483e-07 -2.35483e-07 -2.35483e-07 -2.47322e-07 -2.47322e-07 -2.47322e-07 -2.47322e-07
0.487 -2.09634e-07 -1.95357e-07 -2.17233e-07 -2.06338e-07 -1.44078e-07 -1.47124e-07 -1.43511e-07 -1.45881e-07 -9.31113e-08 -9.24614e-08 -9.31318e-08 -9.2617e-08 -5.98485e-08 -5.99873e-08 -5.98534e-08 -5.99652e-08 -5.16458e-08 -5.16162e-08 -5.1644e-08 -5.16197e-08 -6.80069e-08 -6.80133e-08 -6.80074e-08 -6.80126e-08 -1.03917e-07 -1.03916e-07 -1.03917e-07 -1.03916e-07 -1.50041e-07 -1.50041e-07 -1.50041e-07 -1.50041e-07 -1.94839e-07 -1.94839e-07 -1.94839e-07 -1.94839e-07 -2.27152e-07 -2.27152e-07 -2.27152e-07 -2.27152e-07 -2.38905e-07 -2.38905e-07 -2.38905e-07 -2.38905e-07
0.488 -2.0255e-07 -1.87161e-07 -2.11293e-07 -1.98992e-07 -1.3606e-07 -1.39348e-07 -1.35364e-07 -1.38033e-07 -8.52973e-08 -8.45948e-08 -8.53338e-08 -8.47547e-08 -5.24843e-08 -5.26345e-08 -5.2487e-08 -5.26125e-08 -4.46839e-08 -4.46517e-08 -4.46823e-08 -4.46552e-08 -6.10973e-08 -6.11042e-08 -6.10977e-08 -6.11036e-08 -9.66576e-08 -9.66562e-08 -9.66575e-08 -9.66563e-08 -1.42136e-07 -1.42137e-07 -1.42136e-07 -1.42137e-07 -1.86212e-07 -1.86212e-07 -1.86212e-07 -1.86212e-07 -2.17965e-07 -2.17965e-07 -2.17965e-07 -2.17965e-07 -2.29508e-07 -2.29508e-07 -2.29508e-07 -2.29508e-07
0.489 -1.95382e-07 -1.79054e-07 -2.05144e-07 -1.91603e-07 -1.28499e-07 -1.31991e-07 -1.27684e-07 -1.30619e-07 -7.82986e-08 -7.75515e-08 -7.835e-08 -7.77143e-08 -4.61352e-08 -4.62951e-08 -4.61358e-08 -4.62735e-08 -3.87264e-08 -3.86922e-08 -3.87253e-08 -3.86955e-08 -5.49788e-08 -5.49861e-08 -5.49791e-08 -5.49855e-08 -8.98094e-08 -8.98078e-08 -8.98093e-08 -8.98079e-08 -1.34174e-07 -1.34174e-07 -1.34174e-07 -1.34174e-07 -1.77072e-07 -1.77072e-07 -1.77072e-07 -1.77072e-07 -2.07937e-07 -2.07937e-07 -2.07937e-07 -2.07937e-07 -2.1915e-07 -2.1915e-07 -2.1915e-07 -2.1915e-07
0.49 -1.88189e-07 -1.71091e-07 -1.98843e-07 -1.84227e-07 -1.21425e-07 -1.25085e-07 -1.20505e-07 -1.23669e-07 -7.21217e-08 -7.13379e-08 -7.21868e-08 -7.15023e-08 -4.07884e-08 -4.09563e-08 -4.07871e-08 -4.09352e-08 -3.37502e-08 -3.37142e-08 -3.37493e-08 -3.37173e-08 -4.96271e-08 -4.96348e-08 -4.96274e-08 -4.96343e-08 -8.33558e-08 -8.33541e-08 -8.33557e-08 -8.33542e-08 -1.2615e-07 -1.2615e-07 -1.2615e-07 -1.2615e-07 -1.67432e-07 -1.67432e-07 -1.67432e-07 -1.67432e-07 -1.97091e-07 -1.97091e-07 -1.97091e-07 -1.97091e-07 -2.07859e-07 -2.07859e-07 -2.07859e-07 -2.07859e-07
0.491 -1.81024e-07 -1.63324e-07 -1.92445e-07 -1.76919e-07 -1.14865e-07 -1.18657e-07 -1.13851e-07 -1.17208e-07 -6.67663e-08 -6.59535e-08 -6.68439e-08 -6.61181e-08 -3.64232e-08 -3.65974e-08 -3.642e-08 -3.65768e-08 -2.97237e-08 -2.96864e-08 -2.97232e-08 -2.96893e-08 -4.50116e-08 -4.50196e-08 -4.50118e-08 -4.50191e-08 -7.72771e-08 -7.72754e-08 -7.7277e-08 -7.72755e-08 -1.18062e-07 -1.18063e-07 -1.18062e-07 -1.18063e-07 -1.57308e-07 -1.57308e-07 -1.57308e-07 -1.57308e-07 -1.8546e-07 -1.8546e-07 -1.8546e-07 -1.8546e-07 -1.95673e-07 -1.95673e-07 -1.95673e-07 -1.95673e-07
0.492 -1.73939e-07 -1.55799e-07 -1.86001e-07 -1.69729e-07 -1.08838e-07 -1.12727e-07 -1.07744e-07 -1.1126e-07 -6.22251e-08 -6.13909e-08 -6.2314e-08 -6.15545e-08 -3.30109e-08 -3.31899e-08 -3.3006e-08 -3.317e-08 -2.66082e-08 -2.65698e-08 -2.66079e-08 -2.65725e-08 -4.10954e-08 -4.11036e-08 -4.10955e-08 -4.11032e-08 -7.15503e-08 -7.15485e-08 -7.15502e-08 -7.15486e-08 -1.0991e-07 -1.0991e-07 -1.0991e-07 -1.0991e-07 -1.46723e-07 -1.46723e-07 -1.46723e-07 -1.46723e-07 -1.73083e-07 -1.73083e-07 -1.73083e-07 -1.73083e-07 -1.82636e-07 -1.82636e-07 -1.82636e-07 -1.82636e-07
0.493 -1.66982e-07 -1.4856e-07 -1.79562e-07 -1.62703e-07 -1.0336e-07 -1.07313e-07 -1.02197e-07 -1.05838e-07 -5.84846e-08 -5.76362e-08 -5.85835e-08 -5.77977e-08 -3.05161e-08 -3.06982e-08 -3.05095e-08 -3.06791e-08 -2.43576e-08 -2.43185e-08 -2.43576e-08 -2.4321e-08 -3.7836e-08 -3.78444e-08 -3.78361e-08 -3.7844e-08 -6.61493e-08 -6.61475e-08 -6.61492e-08 -6.61475e-08 -1.01692e-07 -1.01693e-07 -1.01692e-07 -1.01693e-07 -1.35704e-07 -1.35704e-07 -1.35704e-07 -1.35704e-07 -1.60007e-07 -1.60007e-07 -1.60007e-07 -1.60007e-07 -1.68806e-07 -1.68806e-07 -1.68806e-07 -1.68806e-07
0.494 -1.60197e-07 -1.41643e-07 -1.73175e-07 -1.55884e-07 -9.8441e-08 -1.02425e-07 -9.72222e-08 -1.00953e-07 -5.55249e-08 -5.46693e-08 -5.56326e-08 -5.48276e-08 -2.88963e-08 -2.90801e-08 -2.88882e-08 -2.90619e-08 -2.29196e-08 -2.28802e-08 -2.29199e-08 -2.28825e-08 -3.5186e-08 -3.51944e-08 -3.5186e-08 -3.51941e-08 -6.10457e-08 -6.10438e-08 -6.10456e-08 -6.10439e-08 -9.34099e-08 -9.34102e-08 -9.34099e-08 -9.34102e-08 -1.24281e-07 -1.2428e-07 -1.24281e-07 -1.2428e-07 -1.46287e-07 -1.46287e-07 -1.46287e-07 -1.46287e-07 -1.54244e-07 -1.54244e-07 -1.54244e-07 -1.54244e-07
0.495 -1.53625e-07 -1.35082e-07 -1.66884e-07 -1.49311e-07 -9.40856e-08 -9.80695e-08 -9.28226e-08 -9.66121e-08 -5.33204e-08 -5.24643e-08 -5.34355e-08 -5.26184e-08 -2.8103e-08 -2.8287e-08 -2.80936e-08 -2.82698e-08 -2.22361e-08 -2.21966e-08 -2.22367e-08 -2.21987e-08 -3.30931e-08 -3.31016e-08 -3.30931e-08 -3.31013e-08 -5.62087e-08 -5.62069e-08 -5.62087e-08 -5.62069e-08 -8.50635e-08 -8.50639e-08 -8.50635e-08 -8.50639e-08 -1.12489e-07 -1.12488e-07 -1.12489e-07 -1.12488e-07 -1.31983e-07 -1.31983e-07 -1.31983e-07 -1.31983e-07 -1.39021e-07 -1.39021e-07 -1.39021e-07 -1.39021e-07
0.496 -1.47302e-07 -1.28907e-07 -1.6073e-07 -1.4302e-07 -9.02936e-08 -9.42482e-08 -8.8998e-08 -9.2815e-08 -5.18399e-08 -5.09896e-08 -5.19612e-08 -5.11386e-08 -2.8082e-08 -2.82648e-08 -2.80714e-08 -2.82486e-08 -2.22437e-08 -2.22044e-08 -2.22445e-08 -2.22063e-08 -3.15016e-08 -3.151e-08 -3.15015e-08 -3.15098e-08 -5.16061e-08 -5.16043e-08 -5.16061e-08 -5.16043e-08 -7.66556e-08 -7.66559e-08 -7.66556e-08 -7.66559e-08 -1.00367e-07 -1.00366e-07 -1.00367e-07 -1.00366e-07 -1.17162e-07 -1.17162e-07 -1.17162e-07 -1.17162e-07 -1.23215e-07 -1.23215e-07 -1.23215e-07 -1.23215e-07
0.497 -1.41262e-07 -1.23142e-07 -1.5475e-07 -1.37041e-07 -8.706e-08 -9.09577e-08 -8.5743e-08 -8.9558e-08 -5.1047e-08 -5.02086e-08 -5.11734e-08 -5.03516e-08 -2.87739e-08 -2.89543e-08 -2.87622e-08 -2.89393e-08 -2.28745e-08 -2.28357e-08 -2.28755e-08 -2.28374e-08 -3.03522e-08 -3.03606e-08 -3.03521e-08 -3.03604e-08 -4.72043e-08 -4.72025e-08 -4.72043e-08 -4.72026e-08 -6.81894e-08 -6.81898e-08 -6.81894e-08 -6.81898e-08 -8.79567e-08 -8.79566e-08 -8.79567e-08 -8.79567e-08 -1.01896e-07 -1.01896e-07 -1.01896e-07 -1.01896e-07 -1.06906e-07 -1.06906e-07 -1.06906e-07 -1.06906e-07
0.498 -1.35534e-07 -1.17806e-07 -1.4898e-07 -1.31402e-07 -8.43749e-08 -8.81903e-08 -8.30475e-08 -8.68326e-08 -5.09008e-08 -5.00796e-08 -5.1031e-08 -5.0216e-08 -3.0115e-08 -3.02917e-08 -3.01024e-08 -3.02779e-08 -2.40569e-08 -2.40189e-08 -2.40581e-08 -2.40203e-08 -2.95835e-08 -2.95917e-08 -2.95834e-08 -2.95915e-08 -4.2969e-08 -4.29673e-08 -4.2969e-08 -4.29673e-08 -5.96697e-08 -5.96701e-08 -5.96697e-08 -5.96701e-08 -7.53041e-08 -7.5304e-08 -7.53041e-08 -7.5304e-08 -8.62595e-08 -8.62595e-08 -8.62595e-08 -8.62595e-08 -9.01829e-08 -9.01829e-08 -9.01829e-08 -9.01829e-08
0.499 -1.30141e-07 -1.12915e-07 -1.4345e-07 -1.26123e-07 -8.22242e-08 -8.59338e-08 -8.08966e-08 -8.46257e-08 -5.13557e-08 -5.05568e-08 -5.14885e-08 -5.06859e-08 -3.20374e-08 -3.22094e-08 -3.2024e-08 -3.21967e-08 -2.57163e-08 -2.56792e-08 -2.57176e-08 -2.56804e-08 -2.9132e-08 -2.914e-08 -2.91319e-08 -2.91399e-08 -3.88657e-08 -3.8864e-08 -3.88657e-08 -3.8864e-08 -5.11023e-08 -5.11026e-08 -5.11023e-08 -5.11026e-08 -6.24562e-08 -6.24561e-08 -6.24562e-08 -6.24561e-08 -7.0332e-08 -7.0332e-08 -7.0332e-08 -7.0332e-08 -7.31353e-08 -7.31353e-08 -7.31353e-08 -7.31353e-08
0.5 -1.25105e-07 -1.08479e-07 -1.38186e-07 -1.21225e-07 -8.05894e-08 -8.41718e-08 -7.92713e-08 -8.29201e-08 -5.23622e-08 -5.15903e-08 -5.24966e-08 -5.17116e-08 -3.447e-08 -3.46363e-08 -3.4456e-08 -3.46249e-08 -2.77756e-08 -2.77398e-08 -2.77772e-08 -2.77408e-08 -2.89335e-08 -2.89412e-08 -2.89333e-08 -2.89411e-08 -3.48601e-08 -3.48584e-08 -3.48601e-08 -3.48584e-08 -4.24942e-08 -4.24946e-08 -4.24942e-08 -4.24946e-08 -4.94628e-08 -4.94628e-08 -4.94628e-08 -4.94628e-08 -5.41949e-08 -5.41949e-08 -5.41949e-08 -5.41949e-08 -5.58568e-08 -5.58568e-08 -5.58568e-08 -5.58568e-08
0.501 -1.20442e-07 -1.04504e-07 -1.33212e-07 -1.1672e-07 -7.94478e-08 -8.28839e-08 -7.81482e-08 -8.16945e-08 -5.38672e-08 -5.31265e-08 -5.40021e-08 -5.32395e-08 -3.73391e-08 -3.74988e-08 -3.73246e-08 -3.74886e-08 -3.01566e-08 -3.01222e-08 -3.01583e-08 -3.0123e-08 -2.89233e-08 -2.89307e-08 -2.89231e-08 -2.89306e-08 -3.09186e-08 -3.0917e-08 -3.09186e-08 -3.0917e-08 -3.38542e-08 -3.38545e-08 -3.38542e-08 -3.38545e-08 -3.63753e-08 -3.63752e-08 -3.63753e-08 -3.63752e-08 -3.79315e-08 -3.79315e-08 -3.79315e-08 -3.79315e-08 -3.84423e-08 -3.84422e-08 -3.84423e-08 -3.84422e-08
0.502 -1.16165e-07 -1.00993e-07 -1.28548e-07 -1.12619e-07 -7.87727e-08 -8.20458e-08 -7.75002e-08 -8.09239e-08 -5.58147e-08 -5.51087e-08 -5.5949e-08 -5.52131e-08 -4.05689e-08 -4.07211e-08 -4.0554e-08 -4.07122e-08 -3.278e-08 -3.27471e-08 -3.27817e-08 -3.27477e-08 -2.90371e-08 -2.90442e-08 -2.90369e-08 -2.90442e-08 -2.70089e-08 -2.70074e-08 -2.70089e-08 -2.70073e-08 -2.51922e-08 -2.51925e-08 -2.51921e-08 -2.51925e-08 -2.32462e-08 -2.32462e-08 -2.32462e-08 -2.32462e-08 -2.16258e-08 -2.16258e-08 -2.16258e-08 -2.16258e-08 -2.09875e-08 -2.09875e-08 -2.09875e-08 -2.09875e-08
0.503 -1.12281e-07 -9.7941e-08 -1.24208e-07 -1.08927e-07 -7.85341e-08 -8.16296e-08 -7.72964e-08 -8.05794e-08 -5.81456e-08 -5.74775e-08 -5.82785e-08 -5.75731e-08 -4.40821e-08 -4.42263e-08 -4.4067e-08 -4.42186e-08 -3.55666e-08 -3.55355e-08 -3.55684e-08 -3.55359e-08 -2.9212e-08 -2.92187e-08 -2.92117e-08 -2.92187e-08 -2.31003e-08 -2.30988e-08 -2.31003e-08 -2.30988e-08 -1.65196e-08 -1.65199e-08 -1.65196e-08 -1.65199e-08 -1.0129e-08 -1.01289e-08 -1.0129e-08 -1.01289e-08 -5.36202e-09 -5.36203e-09 -5.36201e-09 -5.36203e-09 -3.588e-09 -3.58799e-09 -3.588e-09 -3.58799e-09
0.504 -1.08795e-07 -9.5343e-08 -1.20206e-07 -1.05646e-07 -7.86983e-08 -8.1604e-08 -7.75024e-08 -8.06289e-08 -6.07989e-08 -6.01714e-08 -6.09295e-08 -6.0258e-08 -4.78009e-08 -4.79363e-08 -4.77856e-08 -4.79299e-08 -3.8438e-08 -3.84088e-08 -3.844e-08 -3.8409e-08 -2.93866e-08 -2.93929e-08 -2.93863e-08 -2.9393e-08 -1.91642e-08 -1.91628e-08 -1.91642e-08 -1.91628e-08 -7.84937e-09 -7.84966e-09 -7.84936e-09 -7.84967e-09 2.9228e-09 2.92286e-09 2.92279e-09 2.92286e-09 1.07765e-08 1.07765e-08 1.07765e-08 1.07765e-08 1.3662e-08 1.3662e-08 1.3662e-08 1.3662e-08
0.505 -1.05707e-07 -9.31876e-08 -1.16549e-07 -1.02773e-07 -7.92288e-08 -8.19349e-08 -7.80808e-08 -8.10374e-08 -6.37118e-08 -6.31271e-08 -6.38392e-08 -6.32045e-08 -5.16471e-08 -5.17735e-08 -5.16319e-08 -5.17682e-08 -4.13174e-08 -4.12901e-08 -4.13194e-08 -4.12902e-08 -2.95022e-08 -2.95081e-08 -2.95019e-08 -2.95082e-08 -1.51743e-08 -1.51731e-08 -1.51744e-08 -1.5173e-08 8.04186e-10 8.03912e-10 8.04195e-10 8.03905e-10 1.58556e-08 1.58557e-08 1.58556e-08 1.58557e-08 2.67078e-08 2.67078e-08 2.67078e-08 2.67078e-08 3.06703e-08 3.06703e-08 3.06703e-08 3.06703e-08
0.506 -1.03012e-07 -9.146e-08 -1.1324e-07 -1.00303e-07 -8.00859e-08 -8.2585e-08 -7.89914e-08 -8.17667e-08 -6.68202e-08 -6.62798e-08 -6.69437e-08 -6.63481e-08 -5.55436e-08 -5.56604e-08 -5.55284e-08 -5.56563e-08 -4.41301e-08 -4.41048e-08 -4.41322e-08 -4.41047e-08 -2.95032e-08 -2.95086e-08 -2.95028e-08 -2.95087e-08 -1.11074e-08 -1.11062e-08 -1.11075e-08 -1.11062e-08 9.4254e-09 9.42515e-09 9.42541e-09 9.42514e-09 2.86166e-08 2.86166e-08 2.86166e-08 2.86166e-08 4.23525e-08 4.23525e-08 4.23525e-08 4.23525e-08 4.73478e-08 4.73478e-08 4.73478e-08 4.73478e-08
0.507 -1.00705e-07 -9.01417e-08 -1.10282e-07 -9.82245e-08 -8.12277e-08 -8.35148e-08 -8.01915e-08 -8.27766e-08 -7.00593e-08 -6.95643e-08 -7.01781e-08 -6.96237e-08 -5.94139e-08 -5.9521e-08 -5.9399e-08 -5.95179e-08 -4.68043e-08 -4.67811e-08 -4.68064e-08 -4.67808e-08 -2.93373e-08 -2.93423e-08 -2.9337e-08 -2.93425e-08 -6.94301e-09 -6.94193e-09 -6.94307e-09 -6.94189e-09 1.79973e-08 1.79971e-08 1.79973e-08 1.79971e-08 4.11539e-08 4.11539e-08 4.11539e-08 4.11539e-08 5.76341e-08 5.76341e-08 5.76341e-08 5.76341e-08 6.3609e-08 6.3609e-08 6.3609e-08 6.3609e-08
0.508 -9.87722e-08 -8.92107e-08 -1.0767e-07 -9.65247e-08 -8.26102e-08 -8.46825e-08 -8.16361e-08 -8.40243e-08 -7.3364e-08 -7.29151e-08 -7.34776e-08 -7.29657e-08 -6.31838e-08 -6.3281e-08 -6.31693e-08 -6.3279e-08 -4.92717e-08 -4.92507e-08 -4.92738e-08 -4.92502e-08 -2.89568e-08 -2.89614e-08 -2.89565e-08 -2.89615e-08 -2.66411e-09 -2.66313e-09 -2.66417e-09 -2.66308e-09 2.65018e-08 2.65016e-08 2.65018e-08 2.65015e-08 5.34171e-08 5.34171e-08 5.34171e-08 5.34171e-08 7.24797e-08 7.24796e-08 7.24797e-08 7.24796e-08 7.93731e-08 7.93731e-08 7.93731e-08 7.93731e-08
0.509 -9.72005e-08 -8.86417e-08 -1.05398e-07 -9.51861e-08 -8.41876e-08 -8.60447e-08 -8.32786e-08 -8.54655e-08 -7.66695e-08 -7.62668e-08 -7.67775e-08 -7.6309e-08 -6.67815e-08 -6.68688e-08 -6.67674e-08 -6.68678e-08 -5.14682e-08 -5.14493e-08 -5.14703e-08 -5.14488e-08 -2.83182e-08 -2.83223e-08 -2.83179e-08 -2.83225e-08 1.74286e-09 1.74375e-09 1.7428e-09 1.74379e-09 3.49195e-08 3.49193e-08 3.49195e-08 3.49193e-08 6.53578e-08 6.53578e-08 6.53578e-08 6.53578e-08 8.68206e-08 8.68206e-08 8.68206e-08 8.68206e-08 9.45643e-08 9.45643e-08 9.45643e-08 9.45643e-08
0.51 -9.59715e-08 -8.84062e-08 -1.03457e-07 -9.41883e-08 -8.59126e-08 -8.75562e-08 -8.50711e-08 -8.70546e-08 -7.99121e-08 -7.95553e-08 -8.0014e-08 -7.95894e-08 -7.01382e-08 -7.02157e-08 -7.01246e-08 -7.02155e-08 -5.33344e-08 -5.33176e-08 -5.33364e-08 -5.33169e-08 -2.73831e-08 -2.73868e-08 -2.73828e-08 -2.7387e-08 6.28788e-09 6.28867e-09 6.28782e-09 6.28872e-09 4.32305e-08 4.32303e-08 4.32305e-08 4.32303e-08 7.69297e-08 7.69297e-08 7.69297e-08 7.69297e-08 1.00593e-07 1.00593e-07 1.00593e-07 1.00593e-07 1.09113e-07 1.09113e-07 1.09113e-07 1.09113e-07
0.511 -9.50641e-08 -8.84732e-08 -1.01833e-07 -9.3508e-08 -8.7737e-08 -8.91712e-08 -8.69644e-08 -8.87446e-08 -8.30292e-08 -8.27174e-08 -8.31247e-08 -8.27438e-08 -7.31889e-08 -7.32566e-08 -7.31758e-08 -7.32573e-08 -5.48158e-08 -5.48011e-08 -5.48178e-08 -5.48003e-08 -2.61183e-08 -2.61215e-08 -2.6118e-08 -2.61217e-08 1.09772e-08 1.09779e-08 1.09772e-08 1.0978e-08 5.14137e-08 5.14135e-08 5.14137e-08 5.14135e-08 8.80891e-08 8.80891e-08 8.80891e-08 8.80891e-08 1.13739e-07 1.13739e-07 1.13739e-07 1.13739e-07 1.22955e-07 1.22955e-07 1.22955e-07 1.22955e-07
0.512 -9.44543e-08 -8.88088e-08 -1.00509e-07 -9.31189e-08 -8.96122e-08 -9.0843e-08 -8.89092e-08 -9.04882e-08 -8.59602e-08 -8.56922e-08 -8.60489e-08 -8.57114e-08 -7.58725e-08 -7.59308e-08 -7.586e-08 -7.59323e-08 -5.58638e-08 -5.58511e-08 -5.58657e-08 -5.58503e-08 -2.44962e-08 -2.44989e-08 -2.44958e-08 -2.44991e-08 1.58136e-08 1.58142e-08 1.58135e-08 1.58142e-08 5.94476e-08 5.94475e-08 5.94477e-08 5.94475e-08 9.87954e-08 9.87954e-08 9.87954e-08 9.87954e-08 1.26205e-07 1.26205e-07 1.26205e-07 1.26205e-07 1.36033e-07 1.36033e-07 1.36033e-07 1.36033e-07
0.513 -9.41154e-08 -8.93771e-08 -9.94674e-08 -9.29921e-08 -9.14891e-08 -9.25246e-08 -9.08556e-08 -9.22378e-08 -8.8647e-08 -8.84209e-08 -8.87287e-08 -8.84335e-08 -7.81329e-08 -7.81822e-08 -7.81212e-08 -7.81843e-08 -5.64355e-08 -5.64248e-08 -5.64374e-08 -5.64239e-08 -2.24945e-08 -2.24968e-08 -2.24942e-08 -2.24971e-08 2.07959e-08 2.07964e-08 2.07958e-08 2.07965e-08 6.73106e-08 6.73105e-08 6.73106e-08 6.73105e-08 1.09011e-07 1.09011e-07 1.09011e-07 1.09011e-07 1.37944e-07 1.37944e-07 1.37944e-07 1.37944e-07 1.48298e-07 1.48298e-07 1.48298e-07 1.48298e-07
0.514 -9.40186e-08 -9.01404e-08 -9.86856e-08 -9.30967e-08 -9.33192e-08 -9.41694e-08 -9.27545e-08 -9.39462e-08 -9.10342e-08 -9.0848e-08 -9.11089e-08 -9.08546e-08 -7.99191e-08 -7.99598e-08 -7.99082e-08 -7.99624e-08 -5.64945e-08 -5.64856e-08 -5.64963e-08 -5.64847e-08 -2.00971e-08 -2.0099e-08 -2.00967e-08 -2.00992e-08 2.59197e-08 2.59201e-08 2.59196e-08 2.59201e-08 7.49806e-08 7.49805e-08 7.49806e-08 7.49805e-08 1.18702e-07 1.18702e-07 1.18702e-07 1.18702e-07 1.48916e-07 1.48916e-07 1.48916e-07 1.48916e-07 1.59707e-07 1.59707e-07 1.59707e-07 1.59707e-07
0.515 -9.41325e-08 -9.10594e-08 -9.81396e-08 -9.33995e-08 -9.50548e-08 -9.57314e-08 -9.45573e-08 -9.55666e-08 -9.307e-08 -9.29213e-08 -9.31377e-08 -9.29226e-08 -8.11857e-08 -8.12183e-08 -8.11755e-08 -8.12214e-08 -5.60107e-08 -5.60035e-08 -5.60124e-08 -5.60026e-08 -1.72932e-08 -1.72948e-08 -1.72929e-08 -1.7295e-08 3.1177e-08 3.11773e-08 3.11769e-08 3.11774e-08 8.24357e-08 8.24356e-08 8.24357e-08 8.24356e-08 1.27838e-07 1.27838e-07 1.27838e-07 1.27838e-07 1.59087e-07 1.59087e-07 1.59087e-07 1.59087e-07 1.70224e-07 1.70224e-07 1.70224e-07 1.70224e-07
0.516 -9.44244e-08 -9.20934e-08 -9.7803e-08 -9.3866e-08 -9.66491e-08 -9.71655e-08 -9.62166e-08 -9.70536e-08 -9.47067e-08 -9.45925e-08 -9.47673e-08 -9.45892e-08 -8.18931e-08 -8.19183e-08 -8.18837e-08 -8.19216e-08 -5.49607e-08 -5.49551e-08 -5.49623e-08 -5.49542e-08 -1.40781e-08 -1.40793e-08 -1.40778e-08 -1.40795e-08 3.65568e-08 3.6557e-08 3.65567e-08 3.65571e-08 8.96544e-08 8.96543e-08 8.96544e-08 8.96543e-08 1.36393e-07 1.36393e-07 1.36393e-07 1.36393e-07 1.68428e-07 1.68428e-07 1.68428e-07 1.68428e-07 1.79822e-07 1.79822e-07 1.79822e-07 1.79822e-07
0.517 -9.48597e-08 -9.32013e-08 -9.76477e-08 -9.446e-08 -9.80572e-08 -9.84283e-08 -9.76868e-08 -9.83631e-08 -9.59005e-08 -9.58178e-08 -9.59543e-08 -9.58106e-08 -8.20081e-08 -8.20265e-08 -8.19996e-08 -8.20301e-08 -5.33278e-08 -5.33238e-08 -5.33293e-08 -5.33228e-08 -1.04523e-08 -1.04532e-08 -1.0452e-08 -1.04534e-08 4.2045e-08 4.20452e-08 4.2045e-08 4.20453e-08 9.66156e-08 9.66156e-08 9.66156e-08 9.66156e-08 1.44344e-07 1.44344e-07 1.44344e-07 1.44344e-07 1.76919e-07 1.76919e-07 1.76919e-07 1.76919e-07 1.88481e-07 1.88481e-07 1.88481e-07 1.88481e-07
0.518 -9.54028e-08 -9.43411e-08 -9.76437e-08 -9.51446e-08 -9.92363e-08 -9.94783e-08 -9.89244e-08 -9.94533e-08 -9.66128e-08 -9.6558e-08 -9.66599e-08 -9.65478e-08 -8.15041e-08 -8.15164e-08 -8.14963e-08 -8.15201e-08 -5.11024e-08 -5.10996e-08 -5.11037e-08 -5.10987e-08 -6.42207e-09 -6.42269e-09 -6.42182e-09 -6.4229e-09 4.76251e-08 4.76252e-08 4.7625e-08 4.76253e-08 1.03299e-07 1.03299e-07 1.03299e-07 1.03299e-07 1.51673e-07 1.51673e-07 1.51673e-07 1.51673e-07 1.84545e-07 1.84545e-07 1.84545e-07 1.84545e-07 1.96188e-07 1.96188e-07 1.96188e-07 1.96188e-07
0.519 -9.60175e-08 -9.54711e-08 -9.77599e-08 -9.5882e-08 -1.00146e-07 -1.00276e-07 -9.98885e-08 -1.00285e-07 -9.68097e-08 -9.67791e-08 -9.68504e-08 -9.67667e-08 -8.03609e-08 -8.0368e-08 -8.0354e-08 -8.03717e-08 -4.82811e-08 -4.82795e-08 -4.82823e-08 -4.82786e-08 -1.9986e-09 -1.99898e-09 -1.99837e-09 -1.99917e-09 5.32779e-08 5.32779e-08 5.32778e-08 5.3278e-08 1.09686e-07 1.09686e-07 1.09686e-07 1.09686e-07 1.58366e-07 1.58366e-07 1.58366e-07 1.58366e-07 1.91299e-07 1.91299e-07 1.91299e-07 1.91299e-07 2.02936e-07 2.02936e-07 2.02936e-07 2.02936e-07
0.52 -9.66668e-08 -9.65498e-08 -9.79642e-08 -9.66343e-08 -1.00748e-07 -1.00785e-07 -1.00541e-07 -1.0082e-07 -9.64632e-08 -9.64528e-08 -9.64977e-08 -9.6439e-08 -7.85655e-08 -7.85682e-08 -7.85595e-08 -7.85718e-08 -4.48676e-08 -4.48669e-08 -4.48687e-08 -4.48661e-08 2.80194e-09 2.80177e-09 2.80214e-09 2.80159e-09 5.89823e-08 5.89824e-08 5.89823e-08 5.89824e-08 1.15758e-07 1.15758e-07 1.15758e-07 1.15758e-07 1.64413e-07 1.64413e-07 1.64413e-07 1.64413e-07 1.97177e-07 1.97177e-07 1.97177e-07 1.97177e-07 2.08728e-07 2.08728e-07 2.08728e-07 2.08728e-07
0.521 -9.73137e-08 -9.75367e-08 -9.82237e-08 -9.73638e-08 -1.0101e-07 -1.00973e-07 -1.00847e-07 -1.01026e-07 -9.55505e-08 -9.55563e-08 -9.55793e-08 -9.5542e-08 -7.61116e-08 -7.61108e-08 -7.61064e-08 -7.61142e-08 -4.08718e-08 -4.08719e-08 -4.08728e-08 -4.08711e-08 7.95883e-09 7.95883e-09 7.95901e-09 7.95867e-09 6.47157e-08 6.47157e-08 6.47157e-08 6.47158e-08 1.215e-07 1.215e-07 1.215e-07 1.215e-07 1.69808e-07 1.69808e-07 1.69808e-07 1.69808e-07 2.02184e-07 2.02184e-07 2.02184e-07 2.02184e-07 2.13571e-07 2.13571e-07 2.13571e-07 2.13571e-07
0.522 -9.79215e-08 -9.83922e-08 -9.85052e-08 -9.80329e-08 -1.009e-07 -1.00808e-07 -1.00776e-07 -1.00873e-07 -9.40551e-08 -9.40728e-08 -9.40786e-08 -9.40588e-08 -7.29999e-08 -7.29965e-08 -7.29955e-08 -7.29996e-08 -3.631e-08 -3.63106e-08 -3.63108e-08 -3.631e-08 1.34472e-08 1.34473e-08 1.34473e-08 1.34472e-08 7.0454e-08 7.04539e-08 7.04539e-08 7.0454e-08 1.26895e-07 1.26895e-07 1.26895e-07 1.26895e-07 1.74551e-07 1.74551e-07 1.74551e-07 1.74551e-07 2.06331e-07 2.06331e-07 2.06331e-07 2.06331e-07 2.17481e-07 2.17481e-07 2.17481e-07 2.17481e-07
0.523 -9.84543e-08 -9.90783e-08 -9.87755e-08 -9.86052e-08 -1.00391e-07 -1.00265e-07 -1.00301e-07 -1.00334e-07 -9.19664e-08 -9.19918e-08 -9.19851e-08 -9.19788e-08 -6.92378e-08 -6.92327e-08 -6.92341e-08 -6.92354e-08 -3.12042e-08 -3.12053e-08 -3.12049e-08 -3.12047e-08 1.92383e-08 1.92385e-08 1.92385e-08 1.92384e-08 7.6172e-08 7.6172e-08 7.6172e-08 7.6172e-08 1.31931e-07 1.31931e-07 1.31931e-07 1.31931e-07 1.78644e-07 1.78644e-07 1.78644e-07 1.78644e-07 2.09633e-07 2.09633e-07 2.09633e-07 2.09633e-07 2.20477e-07 2.20477e-07 2.20477e-07 2.20477e-07
0.524 -9.88767e-08 -9.9559e-08 -9.90017e-08 -9.90453e-08 -9.94614e-08 -9.93218e-08 -9.93988e-08 -9.93866e-08 -8.928e-08 -8.93086e-08 -8.92945e-08 -8.92976e-08 -6.48394e-08 -6.48336e-08 -6.48365e-08 -6.48358e-08 -2.55824e-08 -2.55836e-08 -2.55829e-08 -2.55831e-08 2.53002e-08 2.53005e-08 2.53003e-08 2.53004e-08 8.18443e-08 8.18443e-08 8.18443e-08 8.18443e-08 1.36598e-07 1.36598e-07 1.36598e-07 1.36598e-07 1.82093e-07 1.82093e-07 1.82093e-07 1.82093e-07 2.12111e-07 2.12111e-07 2.12111e-07 2.12111e-07 2.22586e-07 2.22586e-07 2.22586e-07 2.22586e-07
0.525 -9.91551e-08 -9.98006e-08 -9.91517e-08 -9.93195e-08 -9.80933e-08 -9.79603e-08 -9.80515e-08 -9.80139e-08 -8.59978e-08 -8.60252e-08 -8.60086e-08 -8.60169e-08 -5.98254e-08 -5.98198e-08 -5.98232e-08 -5.98214e-08 -1.94773e-08 -1.94784e-08 -1.94777e-08 -1.94781e-08 3.1598e-08 3.15982e-08 3.15981e-08 3.15982e-08 8.74449e-08 8.74448e-08 8.74448e-08 8.74448e-08 1.40886e-07 1.40886e-07 1.40886e-07 1.40886e-07 1.84909e-07 1.84909e-07 1.84909e-07 1.84909e-07 2.13789e-07 2.13789e-07 2.13789e-07 2.13789e-07 2.23839e-07 2.23839e-07 2.23839e-07 2.23839e-07
0.526 -9.92575e-08 -9.97721e-08 -9.91942e-08 -9.93958e-08 -9.62731e-08 -9.6167e-08 -9.62457e-08 -9.62021e-08 -8.21277e-08 -8.21496e-08 -8.21354e-08 -8.21448e-08 -5.42227e-08 -5.42182e-08 -5.42211e-08 -5.42191e-08 -1.29266e-08 -1.29276e-08 -1.29269e-08 -1.29274e-08 3.80943e-08 3.80945e-08 3.80943e-08 3.80944e-08 9.29479e-08 9.29478e-08 9.29479e-08 9.29479e-08 1.44789e-07 1.44789e-07 1.44789e-07 1.44789e-07 1.87106e-07 1.87106e-07 1.87106e-07 1.87106e-07 2.147e-07 2.147e-07 2.147e-07 2.147e-07 2.24272e-07 2.24272e-07 2.24272e-07 2.24272e-07
0.527 -9.91536e-08 -9.94451e-08 -9.90992e-08 -9.92446e-08 -9.39925e-08 -9.39331e-08 -9.39728e-08 -9.39426e-08 -7.76838e-08 -7.76959e-08 -7.7689e-08 -7.76952e-08 -4.80639e-08 -4.80614e-08 -4.80629e-08 -4.80616e-08 -5.97252e-09 -5.97302e-09 -5.9727e-09 -5.97296e-09 4.47497e-08 4.47498e-08 4.47498e-08 4.47498e-08 9.8328e-08 9.8328e-08 9.8328e-08 9.8328e-08 1.48302e-07 1.48302e-07 1.48302e-07 1.48302e-07 1.88702e-07 1.88702e-07 1.88702e-07 1.88702e-07 2.14875e-07 2.14875e-07 2.14875e-07 2.14875e-07 2.23925e-07 2.23925e-07 2.23925e-07 2.23925e-07
0.528 -9.88158e-08 -9.8795e-08 -9.88384e-08 -9.88387e-08 -9.12478e-08 -9.12542e-08 -9.12291e-08 -9.12314e-08 -7.26859e-08 -7.26841e-08 -7.26893e-08 -7.26883e-08 -4.13872e-08 -4.13877e-08 -4.13867e-08 -4.1387e-08 1.33933e-09 1.33945e-09 1.33927e-09 1.33936e-09 5.15236e-08 5.15236e-08 5.15236e-08 5.15236e-08 1.03561e-07 1.03561e-07 1.03561e-07 1.03561e-07 1.51424e-07 1.51424e-07 1.51424e-07 1.51424e-07 1.89718e-07 1.89718e-07 1.89718e-07 1.89718e-07 2.14353e-07 2.14353e-07 2.14353e-07 2.14353e-07 2.22841e-07 2.22841e-07 2.22841e-07 2.22841e-07
0.529 -9.82187e-08 -9.78002e-08 -9.83855e-08 -9.81538e-08 -8.80402e-08 -8.81309e-08 -8.80159e-08 -8.80694e-08 -6.71596e-08 -6.71399e-08 -6.71619e-08 -6.71496e-08 -3.42358e-08 -3.42401e-08 -3.42358e-08 -3.42386e-08 8.95985e-09 8.96078e-09 8.9599e-09 8.96054e-09 5.83741e-08 5.83738e-08 5.8374e-08 5.83739e-08 1.08622e-07 1.08622e-07 1.08622e-07 1.08622e-07 1.54154e-07 1.54154e-07 1.54154e-07 1.54154e-07 1.90177e-07 1.90177e-07 1.90177e-07 1.90177e-07 2.13176e-07 2.13176e-07 2.13176e-07 2.13176e-07 2.21068e-07 2.21068e-07 2.21068e-07 2.21068e-07
0.53 -9.73402e-08 -9.6443e-08 -9.7716e-08 -9.71685e-08 -8.43759e-08 -8.45683e-08 -8.43393e-08 -8.4462e-08 -6.11359e-08 -6.10946e-08 -6.11377e-08 -6.11103e-08 -2.66576e-08 -2.66664e-08 -2.66579e-08 -2.6664e-08 1.68373e-08 1.68392e-08 1.68374e-08 1.68388e-08 6.52587e-08 6.52583e-08 6.52587e-08 6.52584e-08 1.13489e-07 1.13489e-07 1.13489e-07 1.13489e-07 1.56496e-07 1.56496e-07 1.56496e-07 1.56496e-07 1.90106e-07 1.90106e-07 1.90106e-07 1.90106e-07 2.11385e-07 2.11385e-07 2.11385e-07 2.11385e-07 2.18656e-07 2.18656e-07 2.18656e-07 2.18656e-07
0.531 -9.61608e-08 -9.47097e-08 -9.68082e-08 -9.58648e-08 -8.02657e-08 -8.05761e-08 -8.02106e-08 -8.04197e-08 -5.46507e-08 -5.45843e-08 -5.46527e-08 -5.46065e-08 -1.87042e-08 -1.87185e-08 -1.87049e-08 -1.87151e-08 2.49177e-08 2.49207e-08 2.49179e-08 2.49202e-08 7.2135e-08 7.21343e-08 7.21349e-08 7.21344e-08 1.18142e-07 1.18142e-07 1.18142e-07 1.18142e-07 1.58453e-07 1.58453e-07 1.58453e-07 1.58453e-07 1.89534e-07 1.89534e-07 1.89534e-07 1.89534e-07 2.09026e-07 2.09026e-07 2.09026e-07 2.09026e-07 2.15655e-07 2.15655e-07 2.15655e-07 2.15655e-07
0.532 -9.46645e-08 -9.25904e-08 -9.56427e-08 -9.42282e-08 -7.57253e-08 -7.61685e-08 -7.56454e-08 -7.59571e-08 -4.77445e-08 -4.76497e-08 -4.77474e-08 -4.76789e-08 -1.04311e-08 -1.04514e-08 -1.0432e-08 -1.0447e-08 3.31455e-08 3.31498e-08 3.31458e-08 3.31491e-08 7.89607e-08 7.89598e-08 7.89606e-08 7.89599e-08 1.2256e-07 1.2256e-07 1.2256e-07 1.2256e-07 1.60034e-07 1.60034e-07 1.60034e-07 1.60034e-07 1.88491e-07 1.88491e-07 1.88491e-07 1.88491e-07 2.06148e-07 2.06148e-07 2.06148e-07 2.06148e-07 2.12119e-07 2.12119e-07 2.12119e-07 2.12119e-07
0.533 -9.28388e-08 -9.00794e-08 -9.42032e-08 -9.22474e-08 -7.07745e-08 -7.13641e-08 -7.06641e-08 -7.10933e-08 -4.04619e-08 -4.03359e-08 -4.04664e-08 -4.03723e-08 -1.89619e-09 -1.92317e-09 -1.8972e-09 -1.91779e-09 4.14643e-08 4.147e-08 4.14647e-08 4.14692e-08 8.56943e-08 8.5693e-08 8.56942e-08 8.56932e-08 1.26727e-07 1.26727e-07 1.26727e-07 1.26727e-07 1.61247e-07 1.61247e-07 1.61247e-07 1.61247e-07 1.87011e-07 1.87011e-07 1.87011e-07 1.87011e-07 2.02799e-07 2.02799e-07 2.02799e-07 2.02799e-07 2.08103e-07 2.08103e-07 2.08103e-07 2.08103e-07
0.534 -9.06746e-08 -8.71752e-08 -9.24762e-08 -8.99152e-08 -6.54377e-08 -6.61854e-08 -6.52912e-08 -6.58517e-08 -3.28513e-08 -3.26914e-08 -3.2858e-08 -3.27354e-08 6.8401e-09 6.80589e-09 6.83903e-09 6.81228e-09 4.98169e-08 4.98242e-08 4.98174e-08 4.98232e-08 9.22952e-08 9.22936e-08 9.2295e-08 9.22938e-08 1.30626e-07 1.30626e-07 1.30626e-07 1.30626e-07 1.62103e-07 1.62103e-07 1.62103e-07 1.62103e-07 1.85127e-07 1.85127e-07 1.85127e-07 1.85127e-07 1.99028e-07 1.99028e-07 1.99028e-07 1.99028e-07 2.03661e-07 2.03661e-07 2.03661e-07 2.03661e-07
0.535 -8.81663e-08 -8.38805e-08 -9.04513e-08 -8.7228e-08 -5.97429e-08 -6.06588e-08 -5.95552e-08 -6.02592e-08 -2.4964e-08 -2.47681e-08 -2.49734e-08 -2.48198e-08 1.57159e-08 1.56739e-08 1.57148e-08 1.56813e-08 5.81465e-08 5.81555e-08 5.8147e-08 5.81543e-08 9.87242e-08 9.87223e-08 9.87241e-08 9.87225e-08 1.34243e-07 1.34243e-07 1.34243e-07 1.34243e-07 1.62614e-07 1.62614e-07 1.62614e-07 1.62614e-07 1.82875e-07 1.82875e-07 1.82875e-07 1.82875e-07 1.94886e-07 1.94886e-07 1.94886e-07 1.94886e-07 1.98849e-07 1.98849e-07 1.98849e-07 1.98849e-07
0.536 -8.53123e-08 -8.02019e-08 -8.81214e-08 -8.41858e-08 -5.37218e-08 -5.48143e-08 -5.34884e-08 -5.43465e-08 -1.68539e-08 -1.66202e-08 -1.68666e-08 -1.66797e-08 2.46682e-08 2.46182e-08 2.46673e-08 2.46266e-08 6.63968e-08 6.64075e-08 6.63974e-08 6.64062e-08 1.04944e-07 1.04942e-07 1.04944e-07 1.04942e-07 1.37567e-07 1.37567e-07 1.37567e-07 1.37567e-07 1.62796e-07 1.62796e-07 1.62796e-07 1.62796e-07 1.80291e-07 1.80291e-07 1.80291e-07 1.80291e-07 1.90422e-07 1.90422e-07 1.90422e-07 1.90422e-07 1.93721e-07 1.93721e-07 1.93721e-07 1.93721e-07
0.537 -8.21142e-08 -7.61502e-08 -8.54826e-08 -8.07925e-08 -4.74095e-08 -4.86849e-08 -4.71262e-08 -4.81474e-08 -8.57671e-09 -8.30381e-09 -8.59338e-09 -8.3712e-09 3.36339e-08 3.35755e-08 3.36332e-08 3.35849e-08 7.45125e-08 7.45251e-08 7.45131e-08 7.45236e-08 1.10919e-07 1.10916e-07 1.10919e-07 1.10917e-07 1.40587e-07 1.40588e-07 1.40587e-07 1.40588e-07 1.62664e-07 1.62664e-07 1.62664e-07 1.62664e-07 1.77411e-07 1.77411e-07 1.77411e-07 1.77411e-07 1.85687e-07 1.85687e-07 1.85687e-07 1.85687e-07 1.88333e-07 1.88333e-07 1.88333e-07 1.88333e-07
0.538 -7.85775e-08 -7.17399e-08 -8.25342e-08 -7.70557e-08 -4.08435e-08 -4.23063e-08 -4.05068e-08 -4.16983e-08 -1.89671e-10 1.234e-10 -2.10722e-10 4.82303e-11 4.25501e-08 4.24831e-08 4.25496e-08 4.24934e-08 8.24402e-08 8.24545e-08 8.24407e-08 8.24529e-08 1.16616e-07 1.16613e-07 1.16616e-07 1.16613e-07 1.43297e-07 1.43297e-07 1.43297e-07 1.43297e-07 1.62235e-07 1.62235e-07 1.62235e-07 1.62235e-07 1.74273e-07 1.74273e-07 1.74273e-07 1.74273e-07 1.80731e-07 1.80731e-07 1.80731e-07 1.80731e-07 1.82738e-07 1.82738e-07 1.82738e-07 1.82738e-07
0.539 -7.47113e-08 -6.69893e-08 -7.92788e-08 -7.29865e-08 -3.40641e-08 -3.57166e-08 -3.3671e-08 -3.50382e-08 8.24944e-09 8.60322e-09 8.22356e-09 8.52042e-09 5.13549e-08 5.12791e-08 5.13547e-08 5.12903e-08 9.01281e-08 9.01444e-08 9.01287e-08 9.01427e-08 1.22004e-07 1.22e-07 1.22004e-07 1.22e-07 1.45689e-07 1.4569e-07 1.45689e-07 1.4569e-07 1.61527e-07 1.61527e-07 1.61527e-07 1.61527e-07 1.70913e-07 1.70913e-07 1.70913e-07 1.70913e-07 1.75601e-07 1.75601e-07 1.75601e-07 1.75601e-07 1.76988e-07 1.76988e-07 1.76988e-07 1.76988e-07
0.54 -7.05279e-08 -6.19202e-08 -7.57223e-08 -6.85993e-08 -2.71133e-08 -2.89559e-08 -2.66613e-08 -2.82077e-08 1.66827e-08 1.70773e-08 1.66516e-08 1.69871e-08 5.99877e-08 5.99032e-08 5.9988e-08 5.99152e-08 9.75274e-08 9.75455e-08 9.7528e-08 9.75437e-08 1.27054e-07 1.2705e-07 1.27054e-07 1.27051e-07 1.47761e-07 1.47761e-07 1.47761e-07 1.47761e-07 1.60558e-07 1.60558e-07 1.60558e-07 1.60558e-07 1.67367e-07 1.67367e-07 1.67367e-07 1.67367e-07 1.70345e-07 1.70345e-07 1.70345e-07 1.70345e-07 1.71134e-07 1.71134e-07 1.71134e-07 1.71134e-07
0.541 -6.60428e-08 -5.65573e-08 -7.18736e-08 -6.39119e-08 -2.00345e-08 -2.20657e-08 -1.9522e-08 -2.12491e-08 2.50527e-08 2.54879e-08 2.50161e-08 2.53905e-08 6.83904e-08 6.82971e-08 6.83911e-08 6.831e-08 1.04592e-07 1.04612e-07 1.04592e-07 1.0461e-07 1.31742e-07 1.31737e-07 1.31742e-07 1.31738e-07 1.49509e-07 1.4951e-07 1.49509e-07 1.4951e-07 1.59349e-07 1.59349e-07 1.59349e-07 1.59349e-07 1.63672e-07 1.63672e-07 1.63672e-07 1.63672e-07 1.65008e-07 1.65008e-07 1.65008e-07 1.65008e-07 1.65225e-07 1.65225e-07 1.65225e-07 1.65225e-07
0.542 -6.12747e-08 -5.09286e-08 -6.77445e-08 -5.89451e-08 -1.28721e-08 -1.50883e-08 -1.2298e-08 -1.42056e-08 3.33032e-08 3.37781e-08 3.32607e-08 3.36741e-08 7.65071e-08 7.64053e-08 7.65084e-08 7.64189e-08 1.11278e-07 1.113e-07 1.11279e-07 1.11298e-07 1.36044e-07 1.36039e-07 1.36043e-07 1.36039e-07 1.50934e-07 1.50935e-07 1.50934e-07 1.50935e-07 1.57918e-07 1.57918e-07 1.57918e-07 1.57918e-07 1.59862e-07 1.59862e-07 1.59862e-07 1.59862e-07 1.59634e-07 1.59634e-07 1.59634e-07 1.59634e-07 1.59308e-07 1.59308e-07 1.59308e-07 1.59308e-07
0.543 -5.62452e-08 -4.50644e-08 -6.335e-08 -5.37224e-08 -5.67116e-09 -8.06694e-09 -5.03493e-09 -7.12074e-09 4.13796e-08 4.18931e-08 4.1331e-08 4.17827e-08 8.42854e-08 8.41753e-08 8.42872e-08 8.41895e-08 1.17548e-07 1.17571e-07 1.17548e-07 1.17569e-07 1.3994e-07 1.39935e-07 1.3994e-07 1.39935e-07 1.52037e-07 1.52038e-07 1.52037e-07 1.52038e-07 1.56286e-07 1.56286e-07 1.56286e-07 1.56286e-07 1.5597e-07 1.5597e-07 1.5597e-07 1.5597e-07 1.54265e-07 1.54265e-07 1.54265e-07 1.54265e-07 1.53427e-07 1.53427e-07 1.53427e-07 1.53427e-07
0.544 -5.09782e-08 -3.89972e-08 -5.87073e-08 -4.82698e-08 1.52351e-09 -1.04453e-09 2.22162e-09 -3.83887e-11 4.92293e-08 4.97799e-08 4.91746e-08 4.96638e-08 9.16762e-08 9.15581e-08 9.16787e-08 9.15728e-08 1.23364e-07 1.2339e-07 1.23365e-07 1.23388e-07 1.43414e-07 1.43408e-07 1.43413e-07 1.43408e-07 1.5282e-07 1.52821e-07 1.5282e-07 1.52821e-07 1.54472e-07 1.54472e-07 1.54472e-07 1.54472e-07 1.52029e-07 1.52029e-07 1.52029e-07 1.52029e-07 1.4894e-07 1.4894e-07 1.4894e-07 1.4894e-07 1.47623e-07 1.47623e-07 1.47623e-07 1.47623e-07
0.545 -4.55e-08 -3.27615e-08 -5.38364e-08 -4.26155e-08 8.66744e-09 5.93618e-09 9.42659e-09 6.99821e-09 5.68027e-08 5.73885e-08 5.67418e-08 5.72671e-08 9.86346e-08 9.85089e-08 9.86377e-08 9.85241e-08 1.28696e-07 1.28723e-07 1.28697e-07 1.28721e-07 1.46451e-07 1.46445e-07 1.46451e-07 1.46445e-07 1.53288e-07 1.53289e-07 1.53288e-07 1.53289e-07 1.52496e-07 1.52496e-07 1.52496e-07 1.52496e-07 1.48068e-07 1.48068e-07 1.48068e-07 1.48068e-07 1.43696e-07 1.43696e-07 1.43696e-07 1.43696e-07 1.41935e-07 1.41935e-07 1.41935e-07 1.41935e-07
0.546 -3.9839e-08 -2.63932e-08 -4.87593e-08 -3.67897e-08 1.57171e-08 1.28333e-08 1.65358e-08 1.39466e-08 6.40533e-08 6.4672e-08 6.39861e-08 6.45459e-08 1.0512e-07 1.04987e-07 1.05124e-07 1.05002e-07 1.33516e-07 1.33545e-07 1.33517e-07 1.33543e-07 1.49041e-07 1.49035e-07 1.49041e-07 1.49035e-07 1.53446e-07 1.53447e-07 1.53446e-07 1.53447e-07 1.50377e-07 1.50377e-07 1.50377e-07 1.50377e-07 1.44118e-07 1.44118e-07 1.44118e-07 1.44118e-07 1.38567e-07 1.38567e-07 1.38567e-07 1.38567e-07 1.36401e-07 1.36401e-07 1.36401e-07 1.36401e-07
0.547 -3.40252e-08 -1.99292e-08 -4.35002e-08 -3.08238e-08 2.26303e-08 1.96062e-08 2.35065e-08 2.07657e-08 7.09379e-08 7.15869e-08 7.08644e-08 7.14569e-08 1.11096e-07 1.10956e-07 1.111e-07 1.10972e-07 1.37801e-07 1.37831e-07 1.37801e-07 1.37829e-07 1.51176e-07 1.51169e-07 1.51176e-07 1.5117e-07 1.53301e-07 1.53302e-07 1.53301e-07 1.53302e-07 1.48133e-07 1.48132e-07 1.48133e-07 1.48132e-07 1.40203e-07 1.40203e-07 1.40203e-07 1.40203e-07 1.33584e-07 1.33584e-07 1.33584e-07 1.33584e-07 1.31052e-07 1.31052e-07 1.31052e-07 1.31052e-07
0.548 -2.80899e-08 -1.34071e-08 -3.80848e-08 -2.47507e-08 2.93667e-08 2.62157e-08 3.02977e-08 2.74159e-08 7.74175e-08 7.80938e-08 7.73379e-08 7.79605e-08 1.16531e-07 1.16386e-07 1.16536e-07 1.16402e-07 1.41532e-07 1.41563e-07 1.41532e-07 1.41561e-07 1.5285e-07 1.52844e-07 1.5285e-07 1.52844e-07 1.5286e-07 1.52861e-07 1.5286e-07 1.52861e-07 1.45781e-07 1.45781e-07 1.45781e-07 1.45781e-07 1.3635e-07 1.3635e-07 1.3635e-07 1.3635e-07 1.28777e-07 1.28777e-07 1.28777e-07 1.28777e-07 1.25918e-07 1.25918e-07 1.25918e-07 1.25918e-07
0.549 -2.20653e-08 -6.86496e-09 -3.25402e-08 -1.86041e-08 3.5888e-08 3.26249e-08 3.68705e-08 3.38598e-08 8.34571e-08 8.41577e-08 8.33715e-08 8.40218e-08 1.214e-07 1.21249e-07 1.21406e-07 1.21265e-07 1.44695e-07 1.44727e-07 1.44695e-07 1.44725e-07 1.54062e-07 1.54056e-07 1.54062e-07 1.54056e-07 1.52132e-07 1.52133e-07 1.52132e-07 1.52133e-07 1.43339e-07 1.43339e-07 1.43339e-07 1.43339e-07 1.32579e-07 1.32579e-07 1.32579e-07 1.32579e-07 1.2417e-07 1.2417e-07 1.2417e-07 1.2417e-07 1.21025e-07 1.21025e-07 1.21025e-07 1.21025e-07
0.55 -1.59844e-08 -3.40425e-10 -2.68948e-08 -1.2418e-08 4.21582e-08 3.8799e-08 4.31886e-08 4.00623e-08 8.90262e-08 8.97477e-08 8.8935e-08 8.961e-08 1.2568e-07 1.25525e-07 1.25687e-07 1.25541e-07 1.4728e-07 1.47313e-07 1.4728e-07 1.47311e-07 1.54813e-07 1.54806e-07 1.54813e-07 1.54806e-07 1.51126e-07 1.51128e-07 1.51126e-07 1.51128e-07 1.40823e-07 1.40822e-07 1.40823e-07 1.40822e-07 1.28912e-07 1.28912e-07 1.28912e-07 1.28912e-07 1.19786e-07 1.19786e-07 1.19786e-07 1.19786e-07 1.16398e-07 1.16398e-07 1.16398e-07 1.16398e-07
0.551 -9.88056e-09 6.12918e-09 -2.11776e-08 -6.22665e-09 4.81445e-08 4.47057e-08 4.92185e-08 4.5991e-08 9.4099e-08 9.48378e-08 9.40025e-08 9.4699e-08 1.29358e-07 1.29199e-07 1.29365e-07 1.29215e-07 1.49281e-07 1.49315e-07 1.49281e-07 1.49313e-07 1.55106e-07 1.55098e-07 1.55106e-07 1.55099e-07 1.49853e-07 1.49855e-07 1.49853e-07 1.49855e-07 1.38246e-07 1.38246e-07 1.38246e-07 1.38246e-07 1.25366e-07 1.25366e-07 1.25366e-07 1.25366e-07 1.15643e-07 1.15643e-07 1.15643e-07 1.15643e-07 1.12054e-07 1.12054e-07 1.12054e-07 1.12054e-07
0.552 -3.78696e-09 1.25075e-08 -1.54182e-08 -6.40808e-11 5.38168e-08 5.03158e-08 5.49297e-08 5.16164e-08 9.86545e-08 9.94069e-08 9.85529e-08 9.92678e-08 1.3242e-07 1.32259e-07 1.32429e-07 1.32274e-07 1.50698e-07 1.50733e-07 1.50698e-07 1.50731e-07 1.54946e-07 1.54939e-07 1.54946e-07 1.54939e-07 1.48323e-07 1.48325e-07 1.48323e-07 1.48325e-07 1.35623e-07 1.35622e-07 1.35623e-07 1.35622e-07 1.21955e-07 1.21955e-07 1.21955e-07 1.21955e-07 1.11759e-07 1.11759e-07 1.11759e-07 1.11759e-07 1.08012e-07 1.08012e-07 1.08012e-07 1.08012e-07
0.553 2.26351e-09 1.87592e-08 -9.64652e-09 6.03625e-09 5.91482e-08 5.56029e-08 6.02951e-08 5.6912e-08 1.02676e-07 1.03438e-07 1.0257e-07 1.033e-07 1.34864e-07 1.347e-07 1.34873e-07 1.34715e-07 1.51534e-07 1.51569e-07 1.51533e-07 1.51567e-07 1.54344e-07 1.54336e-07 1.54344e-07 1.54337e-07 1.46548e-07 1.46549e-07 1.46548e-07 1.46549e-07 1.32965e-07 1.32965e-07 1.32965e-07 1.32965e-07 1.18692e-07 1.18692e-07 1.18692e-07 1.18692e-07 1.08144e-07 1.08144e-07 1.08144e-07 1.08144e-07 1.04282e-07 1.04282e-07 1.04282e-07 1.04282e-07
0.554 8.23863e-09 2.48508e-08 -3.89225e-09 1.20418e-08 6.41155e-08 6.0544e-08 6.5291e-08 6.18549e-08 1.06153e-07 1.06921e-07 1.06043e-07 1.06784e-07 1.36687e-07 1.36521e-07 1.36696e-07 1.36537e-07 1.51796e-07 1.51831e-07 1.51795e-07 1.51829e-07 1.53309e-07 1.53302e-07 1.53309e-07 1.53302e-07 1.44539e-07 1.4454e-07 1.44539e-07 1.4454e-07 1.30285e-07 1.30285e-07 1.30285e-07 1.30285e-07 1.15588e-07 1.15588e-07 1.15588e-07 1.15588e-07 1.0481e-07 1.0481e-07 1.0481e-07 1.0481e-07 1.00875e-07 1.00875e-07 1.00875e-07 1.00875e-07
0.555 1.41072e-08 3.07503e-08 1.81523e-09 1.7921e-08 6.86986e-08 6.51194e-08 6.98972e-08 6.64253e-08 1.09078e-07 1.09848e-07 1.08964e-07 1.09713e-07 1.37894e-07 1.37728e-07 1.37904e-07 1.37743e-07 1.51495e-07 1.5153e-07 1.51494e-07 1.51529e-07 1.51856e-07 1.51848e-07 1.51856e-07 1.51848e-07 1.42309e-07 1.4231e-07 1.42309e-07 1.4231e-07 1.27592e-07 1.27591e-07 1.27592e-07 1.27591e-07 1.1265e-07 1.1265e-07 1.1265e-07 1.1265e-07 1.01761e-07 1.01761e-07 1.01761e-07 1.01761e-07 9.77955e-08 9.77955e-08 9.77955e-08 9.77955e-08
0.556 1.98391e-08 3.6428e-08 7.44715e-09 2.36441e-08 7.28815e-08 6.93127e-08 7.40974e-08 7.06069e-08 1.1145e-07 1.12218e-07 1.11333e-07 1.12085e-07 1.38495e-07 1.3833e-07 1.38506e-07 1.38344e-07 1.50646e-07 1.50682e-07 1.50645e-07 1.5068e-07 1.49999e-07 1.49991e-07 1.49999e-07 1.49992e-07 1.3987e-07 1.39872e-07 1.3987e-07 1.39872e-07 1.24894e-07 1.24893e-07 1.24894e-07 1.24893e-07 1.09883e-07 1.09883e-07 1.09883e-07 1.09883e-07 9.90017e-08 9.90017e-08 9.90017e-08 9.90017e-08 9.50464e-08 9.50464e-08 9.50464e-08 9.50464e-08
0.557 2.5406e-08 4.18565e-08 1.29757e-08 2.91826e-08 7.66514e-08 7.31113e-08 7.78787e-08 7.43872e-08 1.13271e-07 1.14032e-07 1.13151e-07 1.13903e-07 1.38503e-07 1.38339e-07 1.38515e-07 1.38353e-07 1.49269e-07 1.49304e-07 1.49268e-07 1.49303e-07 1.47757e-07 1.47749e-07 1.47757e-07 1.47749e-07 1.37236e-07 1.37238e-07 1.37236e-07 1.37238e-07 1.22199e-07 1.22198e-07 1.22199e-07 1.22198e-07 1.0729e-07 1.0729e-07 1.0729e-07 1.0729e-07 9.65307e-08 9.65307e-08 9.65307e-08 9.65307e-08 9.26264e-08 9.26264e-08 9.26264e-08 9.26264e-08
0.558 3.07811e-08 4.70109e-08 1.83741e-08 3.45104e-08 7.99994e-08 7.65056e-08 8.12321e-08 7.7757e-08 1.14547e-07 1.15299e-07 1.14425e-07 1.15174e-07 1.37937e-07 1.37775e-07 1.37949e-07 1.37788e-07 1.47384e-07 1.47419e-07 1.47383e-07 1.47418e-07 1.45149e-07 1.45141e-07 1.45149e-07 1.45141e-07 1.3442e-07 1.34422e-07 1.3442e-07 1.34422e-07 1.19513e-07 1.19513e-07 1.19513e-07 1.19513e-07 1.04872e-07 1.04872e-07 1.04872e-07 1.04872e-07 9.43453e-08 9.43453e-08 9.43453e-08 9.43453e-08 9.0531e-08 9.0531e-08 9.0531e-08 9.0531e-08
0.559 3.59396e-08 5.18691e-08 2.36172e-08 3.9603e-08 8.29202e-08 7.94898e-08 8.41522e-08 8.07106e-08 1.15291e-07 1.1603e-07 1.15168e-07 1.15909e-07 1.36819e-07 1.36659e-07 1.36831e-07 1.36671e-07 1.45017e-07 1.45051e-07 1.45016e-07 1.4505e-07 1.42195e-07 1.42188e-07 1.42196e-07 1.42188e-07 1.31436e-07 1.31437e-07 1.31436e-07 1.31437e-07 1.16842e-07 1.16842e-07 1.16842e-07 1.16842e-07 1.02626e-07 1.02626e-07 1.02626e-07 1.02626e-07 9.24392e-08 9.24391e-08 9.24392e-08 9.24391e-08 8.87525e-08 8.87525e-08 8.87525e-08 8.87525e-08
0.56 4.08589e-08 5.64115e-08 2.8681e-08 4.44387e-08 8.54118e-08 8.20614e-08 8.66372e-08 8.32459e-08 1.15518e-07 1.16239e-07 1.15393e-07 1.16123e-07 1.35173e-07 1.35017e-07 1.35185e-07 1.35028e-07 1.42195e-07 1.42229e-07 1.42194e-07 1.42228e-07 1.3892e-07 1.38913e-07 1.3892e-07 1.38913e-07 1.28297e-07 1.28298e-07 1.28297e-07 1.28298e-07 1.1419e-07 1.14189e-07 1.1419e-07 1.14189e-07 1.00549e-07 1.00549e-07 1.00549e-07 1.00549e-07 9.08033e-08 9.08033e-08 9.08033e-08 9.08033e-08 8.72802e-08 8.72802e-08 8.72802e-08 8.72802e-08
0.561 4.55186e-08 6.06217e-08 3.35436e-08 4.89979e-08 8.74758e-08 8.4221e-08 8.86887e-08 8.53638e-08 1.15245e-07 1.15946e-07 1.1512e-07 1.15836e-07 1.33028e-07 1.32877e-07 1.33042e-07 1.32888e-07 1.38949e-07 1.38982e-07 1.38948e-07 1.38981e-07 1.35347e-07 1.3534e-07 1.35348e-07 1.3534e-07 1.25018e-07 1.25019e-07 1.25017e-07 1.25019e-07 1.11559e-07 1.11559e-07 1.11559e-07 1.11559e-07 9.86343e-08 9.86344e-08 9.86343e-08 9.86344e-08 8.9426e-08 8.9426e-08 8.9426e-08 8.9426e-08 8.61004e-08 8.61004e-08 8.61004e-08 8.61004e-08
0.562 4.99007e-08 6.44863e-08 3.81848e-08 5.32636e-08 8.9117e-08 8.59724e-08 9.03115e-08 8.70685e-08 1.14495e-07 1.15173e-07 1.14371e-07 1.15068e-07 1.30418e-07 1.30271e-07 1.30431e-07 1.30281e-07 1.35311e-07 1.35342e-07 1.35309e-07 1.35342e-07 1.31502e-07 1.31495e-07 1.31502e-07 1.31495e-07 1.21612e-07 1.21614e-07 1.21612e-07 1.21614e-07 1.08954e-07 1.08953e-07 1.08954e-07 1.08953e-07 9.68752e-08 9.68753e-08 9.68752e-08 9.68753e-08 8.8293e-08 8.8293e-08 8.8293e-08 8.8293e-08 8.51965e-08 8.51966e-08 8.51965e-08 8.51966e-08
0.563 5.39897e-08 6.79947e-08 4.25864e-08 5.72214e-08 9.03431e-08 8.73224e-08 9.15137e-08 8.83673e-08 1.13293e-07 1.13944e-07 1.1317e-07 1.13846e-07 1.27374e-07 1.27234e-07 1.27388e-07 1.27242e-07 1.31315e-07 1.31345e-07 1.31313e-07 1.31344e-07 1.27411e-07 1.27405e-07 1.27411e-07 1.27405e-07 1.18096e-07 1.18097e-07 1.18096e-07 1.18097e-07 1.06374e-07 1.06374e-07 1.06374e-07 1.06374e-07 9.52619e-08 9.52619e-08 9.52619e-08 9.52619e-08 8.73877e-08 8.73877e-08 8.73877e-08 8.73877e-08 8.45495e-08 8.45495e-08 8.45495e-08 8.45495e-08
0.564 5.77726e-08 7.11393e-08 4.67326e-08 6.08596e-08 9.11648e-08 8.82805e-08 9.23063e-08 8.92702e-08 1.11666e-07 1.12288e-07 1.11544e-07 1.12197e-07 1.23935e-07 1.23801e-07 1.23948e-07 1.23808e-07 1.26996e-07 1.27025e-07 1.26994e-07 1.27024e-07 1.23102e-07 1.23095e-07 1.23102e-07 1.23095e-07 1.14482e-07 1.14484e-07 1.14482e-07 1.14484e-07 1.03821e-07 1.03821e-07 1.03821e-07 1.03821e-07 9.37833e-08 9.37834e-08 9.37833e-08 9.37834e-08 8.66914e-08 8.66914e-08 8.66914e-08 8.66914e-08 8.41379e-08 8.41379e-08 8.41379e-08 8.41379e-08
0.565 6.12392e-08 7.39156e-08 5.06094e-08 6.41692e-08 9.15955e-08 8.88588e-08 9.27027e-08 8.97896e-08 1.09644e-07 1.10235e-07 1.09524e-07 1.1015e-07 1.20137e-07 1.2001e-07 1.20151e-07 1.20016e-07 1.22391e-07 1.22419e-07 1.2239e-07 1.22419e-07 1.18602e-07 1.18596e-07 1.18602e-07 1.18596e-07 1.10787e-07 1.10788e-07 1.10787e-07 1.10788e-07 1.01295e-07 1.01295e-07 1.01295e-07 1.01295e-07 9.24273e-08 9.24273e-08 9.24273e-08 9.24273e-08 8.61831e-08 8.61831e-08 8.61831e-08 8.61831e-08 8.39378e-08 8.39378e-08 8.39378e-08 8.39378e-08
0.566 6.43815e-08 7.63219e-08 5.42054e-08 6.71438e-08 9.16509e-08 8.90717e-08 9.27191e-08 8.99407e-08 1.07258e-07 1.07815e-07 1.07142e-07 1.07738e-07 1.16021e-07 1.15901e-07 1.16035e-07 1.15907e-07 1.1754e-07 1.17566e-07 1.17538e-07 1.17565e-07 1.13941e-07 1.13935e-07 1.13941e-07 1.13935e-07 1.07024e-07 1.07026e-07 1.07024e-07 1.07026e-07 9.87966e-08 9.87964e-08 9.87966e-08 9.87964e-08 9.11802e-08 9.11802e-08 9.11802e-08 9.11802e-08 8.58406e-08 8.58406e-08 8.58406e-08 8.58406e-08 8.39238e-08 8.39238e-08 8.39238e-08 8.39238e-08
0.567 6.71943e-08 7.83591e-08 5.75112e-08 6.97794e-08 9.13488e-08 8.89357e-08 9.23736e-08 8.97402e-08 1.04542e-07 1.05064e-07 1.04429e-07 1.04994e-07 1.11627e-07 1.11514e-07 1.1164e-07 1.11519e-07 1.12478e-07 1.12503e-07 1.12477e-07 1.12503e-07 1.09147e-07 1.09142e-07 1.09148e-07 1.09142e-07 1.0321e-07 1.03211e-07 1.03209e-07 1.03211e-07 9.63239e-08 9.63236e-08 9.63239e-08 9.63236e-08 9.00274e-08 9.00274e-08 9.00274e-08 9.00274e-08 8.56397e-08 8.56397e-08 8.56397e-08 8.56397e-08 8.40684e-08 8.40684e-08 8.40684e-08 8.40684e-08
0.568 6.96749e-08 8.0031e-08 6.05198e-08 7.2075e-08 9.07091e-08 8.84693e-08 9.16865e-08 8.92073e-08 1.0153e-07 1.02014e-07 1.0142e-07 1.01952e-07 1.06995e-07 1.0689e-07 1.07008e-07 1.06894e-07 1.07247e-07 1.0727e-07 1.07245e-07 1.0727e-07 1.0425e-07 1.04245e-07 1.04251e-07 1.04245e-07 9.93571e-08 9.93581e-08 9.9357e-08 9.93582e-08 9.3876e-08 9.38758e-08 9.3876e-08 9.38758e-08 8.89536e-08 8.89536e-08 8.89536e-08 8.89536e-08 8.55552e-08 8.55552e-08 8.55552e-08 8.55552e-08 8.4343e-08 8.4343e-08 8.4343e-08 8.4343e-08
0.569 7.18231e-08 8.13438e-08 6.32265e-08 7.40317e-08 8.9753e-08 8.76923e-08 9.06794e-08 8.83624e-08 9.82566e-08 9.87024e-08 9.81509e-08 9.86479e-08 1.02167e-07 1.0207e-07 1.0218e-07 1.02073e-07 1.01884e-07 1.01904e-07 1.01882e-07 1.01905e-07 9.9279e-08 9.92745e-08 9.92793e-08 9.92743e-08 9.54817e-08 9.54827e-08 9.54817e-08 9.54828e-08 9.14516e-08 9.14514e-08 9.14516e-08 9.14514e-08 8.79426e-08 8.79426e-08 8.79425e-08 8.79426e-08 8.55609e-08 8.55609e-08 8.55609e-08 8.55609e-08 8.47177e-08 8.47177e-08 8.47177e-08 8.47177e-08
0.57 7.36408e-08 8.2306e-08 6.56287e-08 7.5653e-08 8.85034e-08 8.66263e-08 8.93757e-08 8.72273e-08 9.47572e-08 9.51637e-08 9.46562e-08 9.51168e-08 9.71838e-08 9.70958e-08 9.71966e-08 9.70979e-08 9.64269e-08 9.6446e-08 9.64251e-08 9.64463e-08 9.42623e-08 9.42582e-08 9.42626e-08 9.42581e-08 9.15981e-08 9.15989e-08 9.1598e-08 9.1599e-08 8.9049e-08 8.90488e-08 8.9049e-08 8.90488e-08 8.69778e-08 8.69779e-08 8.69778e-08 8.69779e-08 8.56298e-08 8.56298e-08 8.56298e-08 8.56298e-08 8.51617e-08 8.51617e-08 8.51617e-08 8.51617e-08
0.571 7.51323e-08 8.29285e-08 6.77261e-08 7.69446e-08 8.69841e-08 8.52936e-08 8.77996e-08 8.58251e-08 9.10678e-08 9.14342e-08 9.09717e-08 9.13948e-08 9.20863e-08 9.20069e-08 9.20987e-08 9.20081e-08 9.09147e-08 9.09319e-08 9.09129e-08 9.09323e-08 8.92287e-08 8.9225e-08 8.9229e-08 8.92248e-08 8.77203e-08 8.77211e-08 8.77202e-08 8.77211e-08 8.66662e-08 8.6666e-08 8.66662e-08 8.6666e-08 8.60425e-08 8.60426e-08 8.60425e-08 8.60426e-08 8.57346e-08 8.57346e-08 8.57346e-08 8.57346e-08 8.56439e-08 8.56439e-08 8.56439e-08 8.56439e-08
0.572 7.6304e-08 8.32239e-08 6.95203e-08 7.79146e-08 8.522e-08 8.37177e-08 8.59764e-08 8.41797e-08 8.72236e-08 8.75495e-08 8.71328e-08 8.75175e-08 8.69141e-08 8.68434e-08 8.69261e-08 8.68437e-08 8.53839e-08 8.53992e-08 8.53821e-08 8.53998e-08 8.42058e-08 8.42025e-08 8.42061e-08 8.42023e-08 8.38623e-08 8.3863e-08 8.38622e-08 8.3863e-08 8.43011e-08 8.4301e-08 8.43011e-08 8.4301e-08 8.51197e-08 8.51197e-08 8.51197e-08 8.51197e-08 8.58476e-08 8.58476e-08 8.58476e-08 8.58476e-08 8.61329e-08 8.61329e-08 8.61329e-08 8.61329e-08
0.573 7.71642e-08 8.32068e-08 7.10151e-08 7.85726e-08 8.32363e-08 8.19226e-08 8.39318e-08 8.23156e-08 8.32597e-08 8.35451e-08 8.31745e-08 8.35204e-08 8.17061e-08 8.16441e-08 8.17176e-08 8.16436e-08 7.98704e-08 7.98838e-08 7.98686e-08 7.98845e-08 7.92207e-08 7.92178e-08 7.9221e-08 7.92176e-08 8.00375e-08 8.00382e-08 8.00375e-08 8.00382e-08 8.19516e-08 8.19515e-08 8.19516e-08 8.19515e-08 8.41923e-08 8.41924e-08 8.41923e-08 8.41924e-08 8.59414e-08 8.59414e-08 8.59414e-08 8.59414e-08 8.65974e-08 8.65974e-08 8.65974e-08 8.65974e-08
0.574 7.77232e-08 8.28932e-08 7.2216e-08 7.89302e-08 8.10588e-08 7.99327e-08 8.16921e-08 8.02576e-08 7.92103e-08 7.94554e-08 7.9131e-08 7.94377e-08 7.64997e-08 7.64464e-08 7.65107e-08 7.64451e-08 7.44085e-08 7.44201e-08 7.44068e-08 7.44208e-08 7.42992e-08 7.42967e-08 7.42995e-08 7.42965e-08 7.62591e-08 7.62596e-08 7.6259e-08 7.62596e-08 7.96155e-08 7.96154e-08 7.96155e-08 7.96153e-08 8.32439e-08 8.32439e-08 8.32439e-08 8.32439e-08 8.59891e-08 8.59891e-08 8.59891e-08 8.59891e-08 8.70066e-08 8.70066e-08 8.70066e-08 8.70066e-08
0.575 7.79928e-08 8.23008e-08 7.31303e-08 7.90006e-08 7.87134e-08 7.77727e-08 7.92836e-08 7.80309e-08 7.51087e-08 7.53139e-08 7.50356e-08 7.53031e-08 7.13308e-08 7.12861e-08 7.13413e-08 7.12842e-08 6.90313e-08 6.9041e-08 6.90296e-08 6.90418e-08 6.94661e-08 6.94639e-08 6.94664e-08 6.94637e-08 7.25391e-08 7.25396e-08 7.25391e-08 7.25396e-08 7.72904e-08 7.72903e-08 7.72904e-08 7.72902e-08 8.2258e-08 8.2258e-08 8.2258e-08 8.2258e-08 8.59641e-08 8.59641e-08 8.59641e-08 8.59641e-08 8.73304e-08 8.73304e-08 8.73304e-08 8.73304e-08
0.576 7.79861e-08 8.14482e-08 7.37669e-08 7.87983e-08 7.62258e-08 7.54672e-08 7.67325e-08 7.56605e-08 7.09872e-08 7.11531e-08 7.09202e-08 7.11488e-08 6.62337e-08 6.61974e-08 6.62436e-08 6.61948e-08 6.37697e-08 6.37777e-08 6.37681e-08 6.37785e-08 6.47446e-08 6.47429e-08 6.47449e-08 6.47427e-08 6.88894e-08 6.88898e-08 6.88894e-08 6.88898e-08 7.4974e-08 7.49739e-08 7.4974e-08 7.49739e-08 8.1219e-08 8.12191e-08 8.1219e-08 8.12191e-08 8.5841e-08 8.5841e-08 8.5841e-08 8.5841e-08 8.75397e-08 8.75397e-08 8.75397e-08 8.75397e-08
0.577 7.7718e-08 8.0355e-08 7.41363e-08 7.83392e-08 7.36218e-08 7.30408e-08 7.40648e-08 7.31712e-08 6.68763e-08 6.7004e-08 6.68157e-08 6.70059e-08 6.12403e-08 6.12123e-08 6.12496e-08 6.12091e-08 5.86529e-08 5.86591e-08 5.86514e-08 5.866e-08 6.01566e-08 6.01553e-08 6.01569e-08 6.01551e-08 6.53207e-08 6.5321e-08 6.53206e-08 6.5321e-08 7.2664e-08 7.26639e-08 7.2664e-08 7.26639e-08 8.0112e-08 8.0112e-08 8.0112e-08 8.0112e-08 8.55956e-08 8.55956e-08 8.55956e-08 8.55956e-08 8.7607e-08 8.7607e-08 8.7607e-08 8.7607e-08
0.578 7.72041e-08 7.90418e-08 7.42503e-08 7.764e-08 7.09263e-08 7.05176e-08 7.13062e-08 7.05874e-08 6.28053e-08 6.28959e-08 6.27512e-08 6.29037e-08 5.63808e-08 5.63608e-08 5.63894e-08 5.6357e-08 5.37077e-08 5.37122e-08 5.37063e-08 5.37131e-08 5.57222e-08 5.57213e-08 5.57225e-08 5.5721e-08 6.18429e-08 6.18431e-08 6.18428e-08 6.18431e-08 7.03582e-08 7.03581e-08 7.03582e-08 7.03581e-08 7.89226e-08 7.89226e-08 7.89226e-08 7.89226e-08 8.52051e-08 8.52051e-08 8.52051e-08 8.52051e-08 8.75061e-08 8.75061e-08 8.75061e-08 8.75061e-08
0.579 7.64612e-08 7.75296e-08 7.41218e-08 7.67186e-08 6.81639e-08 6.7921e-08 6.84814e-08 6.79332e-08 5.88018e-08 5.88566e-08 5.87541e-08 5.88699e-08 5.16827e-08 5.16704e-08 5.16906e-08 5.16661e-08 4.89588e-08 4.89616e-08 4.89574e-08 4.89626e-08 5.14597e-08 5.14591e-08 5.14599e-08 5.14588e-08 5.84649e-08 5.8465e-08 5.84648e-08 5.84651e-08 6.80542e-08 6.80542e-08 6.80542e-08 6.80542e-08 7.76379e-08 7.76379e-08 7.76379e-08 7.76379e-08 8.46482e-08 8.46482e-08 8.46482e-08 8.46482e-08 8.72131e-08 8.72131e-08 8.72131e-08 8.72131e-08
0.58 7.55069e-08 7.58397e-08 7.37648e-08 7.55935e-08 6.53584e-08 6.52742e-08 6.56147e-08 6.52317e-08 5.48913e-08 5.49119e-08 5.485e-08 5.49304e-08 4.71714e-08 4.71665e-08 4.71786e-08 4.71617e-08 4.44282e-08 4.44294e-08 4.44269e-08 4.44304e-08 4.73852e-08 4.73849e-08 4.73855e-08 4.73847e-08 5.51946e-08 5.51946e-08 5.51945e-08 5.51947e-08 6.57499e-08 6.57499e-08 6.57499e-08 6.57498e-08 7.62456e-08 7.62456e-08 7.62456e-08 7.62456e-08 8.39058e-08 8.39058e-08 8.39058e-08 8.39058e-08 8.67059e-08 8.67059e-08 8.67059e-08 8.67059e-08
0.581 7.43593e-08 7.39939e-08 7.31944e-08 7.42835e-08 6.25326e-08 6.2599e-08 6.27293e-08 6.25051e-08 5.10976e-08 5.10858e-08 5.10627e-08 5.11089e-08 4.28696e-08 4.28717e-08 4.28761e-08 4.28665e-08 4.01356e-08 4.01352e-08 4.01343e-08 4.01363e-08 4.35131e-08 4.35131e-08 4.35133e-08 4.35129e-08 5.20386e-08 5.20386e-08 5.20386e-08 5.20386e-08 6.3443e-08 6.3443e-08 6.3443e-08 6.3443e-08 7.47351e-08 7.47351e-08 7.47351e-08 7.47351e-08 8.29606e-08 8.29606e-08 8.29606e-08 8.29606e-08 8.5965e-08 8.5965e-08 8.5965e-08 8.5965e-08
0.582 7.3037e-08 7.20137e-08 7.24261e-08 7.28082e-08 5.97084e-08 5.99169e-08 5.98473e-08 5.9775e-08 4.74425e-08 4.74e-08 4.74138e-08 4.74274e-08 3.87974e-08 3.8806e-08 3.88031e-08 3.88006e-08 3.60977e-08 3.6096e-08 3.60966e-08 3.6097e-08 3.98553e-08 3.98557e-08 3.98556e-08 3.98555e-08 4.90025e-08 4.90024e-08 4.90025e-08 4.90025e-08 6.11314e-08 6.11314e-08 6.11314e-08 6.11314e-08 7.30966e-08 7.30966e-08 7.30966e-08 7.30966e-08 8.17976e-08 8.17976e-08 8.17976e-08 8.17976e-08 8.49735e-08 8.49735e-08 8.49735e-08 8.49735e-08
0.583 7.1559e-08 6.99208e-08 7.14762e-08 7.1187e-08 5.69065e-08 5.72479e-08 5.69898e-08 5.70616e-08 4.39456e-08 4.38744e-08 4.3923e-08 4.39057e-08 3.49722e-08 3.4987e-08 3.49772e-08 3.49813e-08 3.23289e-08 3.23258e-08 3.23279e-08 3.23269e-08 3.64218e-08 3.64224e-08 3.6422e-08 3.64222e-08 4.60905e-08 4.60904e-08 4.60905e-08 4.60905e-08 5.88129e-08 5.8813e-08 5.88129e-08 5.8813e-08 7.13221e-08 7.13221e-08 7.13221e-08 7.13221e-08 8.04042e-08 8.04042e-08 8.04042e-08 8.04042e-08 8.37171e-08 8.37171e-08 8.37171e-08 8.37171e-08
0.584 6.99445e-08 6.77364e-08 7.03616e-08 6.94395e-08 5.41465e-08 5.4611e-08 5.41765e-08 5.43841e-08 4.06243e-08 4.05265e-08 4.06077e-08 4.05612e-08 3.14088e-08 3.14294e-08 3.14131e-08 3.14234e-08 2.88405e-08 2.88362e-08 2.88396e-08 2.88373e-08 3.32199e-08 3.32208e-08 3.32201e-08 3.32206e-08 4.33056e-08 4.33054e-08 4.33056e-08 4.33055e-08 5.64857e-08 5.64857e-08 5.64857e-08 5.64857e-08 6.94049e-08 6.94049e-08 6.94049e-08 6.94049e-08 7.87704e-08 7.87704e-08 7.87704e-08 7.87704e-08 8.21844e-08 8.21844e-08 8.21844e-08 8.21844e-08
0.585 6.82125e-08 6.54814e-08 6.90991e-08 6.75854e-08 5.14464e-08 5.20242e-08 5.14261e-08 5.17606e-08 3.74941e-08 3.73718e-08 3.74832e-08 3.74095e-08 2.81192e-08 2.81451e-08 2.81228e-08 2.8139e-08 2.56412e-08 2.56357e-08 2.56403e-08 2.56368e-08 3.0255e-08 3.02561e-08 3.02552e-08 3.02559e-08 4.06494e-08 4.06492e-08 4.06494e-08 4.06492e-08 5.41476e-08 5.41477e-08 5.41476e-08 5.41476e-08 6.73397e-08 6.73397e-08 6.73397e-08 6.73397e-08 7.68885e-08 7.68885e-08 7.68885e-08 7.68885e-08 8.03672e-08 8.03672e-08 8.03672e-08 8.03672e-08
0.586 6.63819e-08 6.3176e-08 6.77062e-08 6.56439e-08 4.88234e-08 4.9504e-08 4.87554e-08 4.92075e-08 3.4568e-08 3.44234e-08 3.45626e-08 3.44637e-08 2.51128e-08 2.51435e-08 2.51157e-08 2.51373e-08 2.27367e-08 2.27302e-08 2.27359e-08 2.27312e-08 2.75298e-08 2.75312e-08 2.753e-08 2.7531e-08 3.81222e-08 3.8122e-08 3.81222e-08 3.8122e-08 5.17969e-08 5.17969e-08 5.17969e-08 5.17969e-08 6.51229e-08 6.51229e-08 6.51229e-08 6.51229e-08 7.47538e-08 7.47538e-08 7.47538e-08 7.47538e-08 7.826e-08 7.826e-08 7.826e-08 7.826e-08
0.587 6.44717e-08 6.08399e-08 6.62e-08 6.36339e-08 4.62927e-08 4.70657e-08 4.61803e-08 4.67403e-08 3.1857e-08 3.16924e-08 3.18569e-08 3.17348e-08 2.23961e-08 2.24311e-08 2.23983e-08 2.24248e-08 2.01302e-08 2.01227e-08 2.01295e-08 2.01237e-08 2.5045e-08 2.50466e-08 2.50452e-08 2.50464e-08 3.57231e-08 3.57228e-08 3.57231e-08 3.57228e-08 4.94316e-08 4.94317e-08 4.94316e-08 4.94317e-08 6.27523e-08 6.27523e-08 6.27523e-08 6.27523e-08 7.23641e-08 7.23641e-08 7.23641e-08 7.23641e-08 7.58608e-08 7.58608e-08 7.58608e-08 7.58608e-08
0.588 6.24999e-08 5.84921e-08 6.45977e-08 6.1574e-08 4.38685e-08 4.47231e-08 4.37149e-08 4.43727e-08 2.93698e-08 2.91875e-08 2.93747e-08 2.92317e-08 1.99731e-08 2.0012e-08 1.99746e-08 2.00057e-08 1.78219e-08 1.78136e-08 1.78214e-08 1.78146e-08 2.27988e-08 2.28006e-08 2.2799e-08 2.28004e-08 3.34498e-08 3.34495e-08 3.34498e-08 3.34495e-08 4.70503e-08 4.70504e-08 4.70503e-08 4.70504e-08 6.02274e-08 6.02274e-08 6.02274e-08 6.02274e-08 6.97197e-08 6.97198e-08 6.97197e-08 6.97198e-08 7.31703e-08 7.31703e-08 7.31703e-08 7.31703e-08
0.589 6.04847e-08 5.61504e-08 6.29164e-08 5.94821e-08 4.15632e-08 4.24888e-08 4.13717e-08 4.21174e-08 2.71132e-08 2.69154e-08 2.71226e-08 2.69609e-08 1.7845e-08 1.78873e-08 1.7846e-08 1.7881e-08 1.58096e-08 1.58006e-08 1.58092e-08 1.58016e-08 2.07874e-08 2.07894e-08 2.07876e-08 2.07892e-08 3.12989e-08 3.12985e-08 3.12989e-08 3.12985e-08 4.46514e-08 4.46514e-08 4.46514e-08 4.46514e-08 5.75493e-08 5.75492e-08 5.75493e-08 5.75492e-08 6.6824e-08 6.6824e-08 6.6824e-08 6.6824e-08 7.01926e-08 7.01926e-08 7.01926e-08 7.01926e-08
0.59 5.84431e-08 5.3832e-08 6.11729e-08 5.73753e-08 3.93878e-08 4.03737e-08 3.91619e-08 3.99852e-08 2.50914e-08 2.48805e-08 2.51052e-08 2.49268e-08 1.60108e-08 1.6056e-08 1.60112e-08 1.60498e-08 1.40884e-08 1.40787e-08 1.4088e-08 1.40796e-08 1.90047e-08 1.90068e-08 1.90048e-08 1.90066e-08 2.92657e-08 2.92653e-08 2.92657e-08 2.92653e-08 4.22334e-08 4.22335e-08 4.22334e-08 4.22335e-08 5.47205e-08 5.47204e-08 5.47205e-08 5.47204e-08 6.36825e-08 6.36825e-08 6.36825e-08 6.36825e-08 6.69345e-08 6.69345e-08 6.69345e-08 6.69345e-08
0.591 5.63918e-08 5.15528e-08 5.93833e-08 5.52702e-08 3.73518e-08 3.83875e-08 3.70951e-08 3.79856e-08 2.33068e-08 2.30851e-08 2.33246e-08 2.31319e-08 1.44668e-08 1.45142e-08 1.44665e-08 1.45082e-08 1.26508e-08 1.26406e-08 1.26505e-08 1.26415e-08 1.74427e-08 1.74448e-08 1.74427e-08 1.74447e-08 2.73445e-08 2.7344e-08 2.73445e-08 2.73441e-08 3.97953e-08 3.97954e-08 3.97954e-08 3.97954e-08 5.17451e-08 5.17451e-08 5.17451e-08 5.17451e-08 6.03035e-08 6.03035e-08 6.03035e-08 6.03035e-08 6.34059e-08 6.34059e-08 6.34059e-08 6.34059e-08
0.592 5.43466e-08 4.93279e-08 5.75635e-08 5.31823e-08 3.54632e-08 3.65383e-08 3.51791e-08 3.61268e-08 2.17599e-08 2.15295e-08 2.17813e-08 2.15764e-08 1.32067e-08 1.32561e-08 1.32059e-08 1.32502e-08 1.14872e-08 1.14766e-08 1.1487e-08 1.14774e-08 1.60913e-08 1.60936e-08 1.60914e-08 1.60934e-08 2.55286e-08 2.55281e-08 2.55286e-08 2.55282e-08 3.73362e-08 3.73363e-08 3.73362e-08 3.73363e-08 4.86288e-08 4.86287e-08 4.86288e-08 4.86287e-08 5.66978e-08 5.66978e-08 5.66978e-08 5.66978e-08 5.96194e-08 5.96194e-08 5.96194e-08 5.96194e-08
0.593 5.23224e-08 4.71709e-08 5.57288e-08 5.11264e-08 3.37282e-08 3.48326e-08 3.34204e-08 3.4415e-08 2.04487e-08 2.02119e-08 2.04735e-08 2.02586e-08 1.22225e-08 1.22733e-08 1.22212e-08 1.22676e-08 1.05856e-08 1.05747e-08 1.05855e-08 1.05755e-08 1.4939e-08 1.49413e-08 1.4939e-08 1.49412e-08 2.38105e-08 2.381e-08 2.38104e-08 2.381e-08 3.48553e-08 3.48554e-08 3.48553e-08 3.48554e-08 4.53784e-08 4.53784e-08 4.53784e-08 4.53784e-08 5.28781e-08 5.28781e-08 5.28781e-08 5.28781e-08 5.55901e-08 5.559e-08 5.55901e-08 5.559e-08
0.594 5.03333e-08 4.50944e-08 5.38935e-08 4.91161e-08 3.21517e-08 3.32757e-08 3.18238e-08 3.28554e-08 1.93699e-08 1.91287e-08 1.93976e-08 1.91748e-08 1.15036e-08 1.15554e-08 1.15018e-08 1.15499e-08 9.93218e-09 9.92107e-09 9.93217e-09 9.92179e-09 1.39724e-08 1.39748e-08 1.39724e-08 1.39747e-08 2.21817e-08 2.21812e-08 2.21817e-08 2.21812e-08 3.23523e-08 3.23524e-08 3.23523e-08 3.23524e-08 4.20023e-08 4.20023e-08 4.20023e-08 4.20023e-08 4.88597e-08 4.88597e-08 4.88597e-08 4.88597e-08 5.13355e-08 5.13355e-08 5.13355e-08 5.13355e-08
0.595 4.83922e-08 4.31098e-08 5.20715e-08 4.7164e-08 3.07369e-08 3.1871e-08 3.03924e-08 3.14515e-08 1.85178e-08 1.82743e-08 1.8548e-08 1.83195e-08 1.10376e-08 1.10899e-08 1.10354e-08 1.10847e-08 9.51098e-09 9.49975e-09 9.51105e-09 9.50042e-09 1.31769e-08 1.31793e-08 1.31769e-08 1.31792e-08 2.06333e-08 2.06328e-08 2.06333e-08 2.06328e-08 2.98271e-08 2.98272e-08 2.98271e-08 2.98272e-08 3.85101e-08 3.85101e-08 3.85101e-08 3.85101e-08 4.46593e-08 4.46593e-08 4.46593e-08 4.46593e-08 4.68755e-08 4.68755e-08 4.68755e-08 4.68755e-08
0.596 4.65112e-08 4.1227e-08 5.02757e-08 4.52818e-08 2.94857e-08 3.06209e-08 2.9128e-08 3.02051e-08 1.78852e-08 1.76413e-08 1.79176e-08 1.76854e-08 1.08102e-08 1.08626e-08 1.08076e-08 1.08576e-08 9.30454e-09 9.29328e-09 9.30468e-09 9.29388e-09 1.25365e-08 1.25389e-08 1.25365e-08 1.25388e-08 1.91558e-08 1.91553e-08 1.91558e-08 1.91553e-08 2.728e-08 2.72801e-08 2.728e-08 2.72801e-08 3.49126e-08 3.49126e-08 3.49126e-08 3.49126e-08 4.02958e-08 4.02958e-08 4.02958e-08 4.02958e-08 4.22318e-08 4.22317e-08 4.22318e-08 4.22317e-08
0.597 4.47011e-08 3.94548e-08 4.85182e-08 4.34797e-08 2.83983e-08 2.9526e-08 2.80308e-08 2.91169e-08 1.74632e-08 1.72207e-08 1.74975e-08 1.72634e-08 1.08053e-08 1.08575e-08 1.08024e-08 1.08528e-08 9.29387e-09 9.28266e-09 9.29408e-09 9.28321e-09 1.20344e-08 1.20368e-08 1.20344e-08 1.20367e-08 1.77394e-08 1.77389e-08 1.77394e-08 1.77389e-08 2.47116e-08 2.47117e-08 2.47116e-08 2.47117e-08 3.12214e-08 3.12214e-08 3.12214e-08 3.12214e-08 3.57895e-08 3.57895e-08 3.57895e-08 3.57895e-08 3.74276e-08 3.74276e-08 3.74276e-08 3.74276e-08
0.598 4.29718e-08 3.78005e-08 4.68101e-08 4.1767e-08 2.74734e-08 2.85856e-08 2.70994e-08 2.81859e-08 1.72412e-08 1.70019e-08 1.72769e-08 1.70429e-08 1.10055e-08 1.1057e-08 1.10022e-08 1.10527e-08 9.45871e-09 9.44764e-09 9.45899e-09 9.44812e-09 1.16528e-08 1.16552e-08 1.16528e-08 1.16551e-08 1.6374e-08 1.63735e-08 1.6374e-08 1.63735e-08 2.21231e-08 2.21232e-08 2.21231e-08 2.21232e-08 2.74495e-08 2.74494e-08 2.74495e-08 2.74494e-08 3.11618e-08 3.11618e-08 3.11618e-08 3.11618e-08 3.2488e-08 3.2488e-08 3.2488e-08 3.2488e-08
0.599 4.13317e-08 3.62702e-08 4.51614e-08 4.01517e-08 2.67084e-08 2.77977e-08 2.6331e-08 2.74097e-08 1.72071e-08 1.69727e-08 1.72441e-08 1.70118e-08 1.13919e-08 1.14423e-08 1.13883e-08 1.14383e-08 9.77777e-09 9.76691e-09 9.7781e-09 9.76732e-09 1.13734e-08 1.13758e-08 1.13734e-08 1.13757e-08 1.50495e-08 1.5049e-08 1.50495e-08 1.5049e-08 1.95159e-08 1.9516e-08 1.95159e-08 1.9516e-08 2.36102e-08 2.36102e-08 2.36102e-08 2.36102e-08 2.64354e-08 2.64354e-08 2.64354e-08 2.64354e-08 2.7439e-08 2.74389e-08 2.7439e-08 2.74389e-08
0.6 3.97884e-08 3.48685e-08 4.35813e-08 3.86406e-08 2.60992e-08 2.71586e-08 2.57214e-08 2.67848e-08 1.73477e-08 1.71196e-08 1.73854e-08 1.71565e-08 1.19442e-08 1.19933e-08 1.19404e-08 1.19897e-08 1.02289e-08 1.02183e-08 1.02293e-08 1.02187e-08 1.11776e-08 1.11799e-08 1.11776e-08 1.11799e-08 1.37559e-08 1.37554e-08 1.37559e-08 1.37554e-08 1.68921e-08 1.68922e-08 1.68921e-08 1.68922e-08 1.9718e-08 1.9718e-08 1.9718e-08 1.9718e-08 2.16339e-08 2.16339e-08 2.16339e-08 2.16339e-08 2.23073e-08 2.23073e-08 2.23073e-08 2.23073e-08
